GameDate,HomePTS,AwayPTS,Home_E_OFF_RATING,Away_E_OFF_RATING,Home_E_DEF_RATING,Away_E_DEF_RATING,Home_E_PACE,Away_E_PACE,Home_BackToBack,Away_BackToBack,Home_Rolling_PTS_Mean_5,Home_Rolling_PTS_Std_5,Home_Rolling_OffRating_5,Home_Rolling_DefRating_5,Home_Rolling_Pace_5,Away_Rolling_PTS_Mean_5,Away_Rolling_PTS_Std_5,Away_Rolling_OffRating_5,Away_Rolling_DefRating_5,Away_Rolling_Pace_5,Home_Rolling_PTS_Mean_10,Home_Rolling_PTS_Std_10,Home_Rolling_OffRating_10,Home_Rolling_DefRating_10,Home_Rolling_Pace_10,Away_Rolling_PTS_Mean_10,Away_Rolling_PTS_Std_10,Away_Rolling_OffRating_10,Away_Rolling_DefRating_10,Away_Rolling_Pace_10,PaceInteraction,Home_Off_Away_Def,Away_Off_Home_Def,Linear_Regression_HomePTS,Linear_Regression_AwayPTS
2024-11-12,116,117,117.5,111.9,108.3,112.9,98.2,105.1,0,0,125.8,10.034938963441652,120.2,108.9,99.6,108.0,8.093207028119352,114.0,116.1,102.8,123.3,11.065963833103533,120.2,108.9,99.6,110.5,7.321960878829671,114.0,116.1,102.8,10320.82,1.0407440212577501,1.033240997229917,123.70958686392208,112.00345045166772
2024-11-12,123,121,112.0,110.8,110.2,110.3,102.5,98.5,0,0,103.6,2.8809720581775884,107.2,116.1,102.1,116.4,2.9664793948382204,111.7,109.9,98.3,104.4,5.815687596683763,107.2,116.1,102.1,109.2,9.089676684141189,111.7,109.9,98.3,10096.25,1.015412511332729,1.0054446460980035,112.05961308190437,112.4724116903922
2024-11-12,114,89,106.5,104.0,106.6,113.0,98.7,100.7,0,0,114.2,7.049822692805842,110.6,108.6,99.4,105.0,11.91637528781302,107.1,117.4,99.3,110.1,9.882082551545327,110.6,108.6,99.4,101.3,10.187683195353337,107.1,117.4,99.3,9939.09,0.9424778761061947,0.9756097560975611,112.2315954921883,104.44078026978192
2024-11-12,99,111,109.0,115.0,115.2,110.9,99.9,99.7,0,0,117.2,8.671793355471547,113.8,110.7,100.2,122.6,3.5777087639998246,114.1,109.5,98.6,110.4,10.211105065891097,113.8,110.7,100.2,118.3,14.750141242261678,114.1,109.5,98.6,9960.03,0.9828674481514877,0.9982638888888888,113.2037031520783,117.32441019995129
2024-11-12,99,85,113.6,107.6,111.2,111.8,101.3,102.3,0,0,119.0,16.263455967290557,116.0,113.5,101.9,108.2,7.596051605933184,109.8,116.1,101.7,116.4,12.56273147934869,116.0,113.5,101.9,105.4,10.405126941400901,109.8,116.1,101.7,10362.99,1.0161001788908766,0.9676258992805755,118.72325958714534,112.36600674828023
2024-11-12,112,120,107.8,113.7,116.8,116.7,103.1,99.2,0,0,107.0,11.554220008291352,112.0,116.7,102.6,116.8,10.473776778220918,114.9,111.9,100.7,107.9,9.960477453973041,112.0,116.7,102.6,115.3,12.202458768625254,114.9,111.9,100.7,10227.52,0.9237360754070265,0.9734589041095891,113.72507379266204,118.33784060899309
2024-11-12,120,117,112.0,112.1,108.7,113.3,101.4,101.6,0,0,114.2,6.058052492344355,114.7,112.2,101.9,115.4,17.89692711054048,115.2,113.0,102.2,118.0,8.85688683705756,114.7,112.2,101.9,116.3,13.491149362122984,115.2,113.0,102.2,10302.24,0.9885260370697264,1.031278748850046,117.55862468716951,113.17025841020242
2024-11-12,122,108,108.1,113.6,111.0,108.7,102.1,99.8,0,0,104.4,8.384509526501846,105.0,113.9,100.3,111.8,16.58915308266218,113.1,106.6,99.3,104.0,8.178562764256867,105.0,113.9,100.3,112.3,11.84201559420245,113.1,106.6,99.3,10189.58,0.9944802207911683,1.0234234234234234,110.21640353573886,114.3611089970092
2024-11-15,111,124,114.1,110.8,111.9,110.3,101.9,98.5,0,0,131.0,15.668439615992398,117.9,115.0,104.4,116.8,3.4928498393145593,111.52000000000001,109.98000000000002,98.34,122.8,15.208184930782842,117.9,115.0,104.4,111.3,9.153627089240977,111.60999999999999,109.94000000000001,98.32,10037.150000000001,1.0344514959202176,0.9901697944593386,116.34067138586204,113.15994266162889
2024-11-15,98,86,106.5,109.0,106.6,115.2,98.7,99.9,0,0,113.4,6.730527468185552,109.78,108.2,99.26000000000002,124.8,11.584472366059684,113.8,110.7,100.2,110.3,9.944847912361508,110.19000000000001,108.4,99.33000000000001,115.1,14.999629625056999,113.8,110.7,100.2,9860.130000000001,0.9244791666666666,1.022514071294559,112.00317551024256,108.34754035465346
2024-11-15,95,99,107.6,112.0,111.8,110.2,102.3,102.5,0,0,117.4,10.54988151592232,109.8,116.1,101.7,99.6,6.465291950097804,107.2,116.1,102.1,107.1,13.90003996796812,109.8,116.1,101.7,98.7,7.587270040447028,107.2,116.1,102.1,10485.75,0.9764065335753175,1.001788908765653,114.91295584909042,114.53885022390983
2024-11-15,129,117,111.9,103.9,112.9,115.9,105.1,103.7,0,0,114.4,3.847076812334155,114.0,116.1,102.8,113.8,11.344602240713405,108.3,117.1,104.8,117.0,7.944250191875366,114.0,116.1,102.8,110.8,10.538817137927165,108.3,117.1,104.8,10898.869999999999,0.9654874892148404,0.9202834366696191,123.47178502996864,115.83145537795258
2024-11-15,144,126,119.1,111.9,109.8,113.4,102.0,104.9,0,0,117.4,8.01872807869179,112.8,110.4,99.2,118.8,12.336936410632903,112.4,113.9,98.4,113.1,8.075339690137602,112.8,110.4,99.2,116.2,11.612254063894715,112.4,113.9,98.4,10699.800000000001,1.0502645502645502,1.0191256830601094,128.25648832636153,118.83036431817403
2024-11-15,124,122,115.0,105.7,110.9,112.8,99.7,99.0,0,0,117.4,5.639148871948635,114.1,109.5,98.6,108.0,13.472193585307416,110.4,113.3,99.3,106.9,14.753154088382434,114.1,109.5,98.6,105.2,11.203174153386575,110.4,113.3,99.3,9870.300000000001,1.0195035460992907,0.9531109107303877,116.69385322056695,107.54731306631997
2024-11-15,115,120,111.7,113.4,114.4,112.2,101.7,99.7,0,0,119.0,6.204836822995403,107.5,113.7,103.5,123.2,4.438468204234391,113.6,113.0,103.0,113.9,10.733643887846808,107.5,113.7,103.5,119.3,13.038830895103782,113.6,113.0,103.0,10139.49,0.9955436720142602,0.9912587412587412,113.44746645959685,116.08064345050376
2024-11-15,125,104,111.4,112.4,107.0,107.8,102.1,99.8,0,0,109.8,5.2153619241620435,111.5,110.4,101.6,109.4,14.117365193264627,116.1,112.8,99.4,118.5,13.818264885449373,111.5,110.4,101.6,112.6,11.96476307979198,116.1,112.8,99.4,10189.58,1.0333951762523192,1.0504672897196263,112.75829550541583,111.17839044686407
2024-11-15,101,94,107.6,117.2,116.9,113.4,101.7,102.1,0,0,105.6,7.700649323271345,115.0,110.6,99.9,111.8,11.23387733598688,115.6,110.3,99.3,108.0,9.38083151964673,115.0,110.6,99.9,111.0,8.981462390205138,115.6,110.3,99.3,10383.57,0.9488536155202821,1.0025662959794697,116.66963310618289,121.78161959247417
2024-11-15,99,83,117.3,113.7,104.8,116.7,102.6,99.2,0,0,127.4,10.163660757817526,117.0,109.8,102.0,116.0,9.924716620639591,114.66,112.86000000000001,100.4,124.7,8.718435129718687,117.0,109.8,102.0,114.4,11.384199576606152,114.78000000000002,112.38,100.55,10177.92,1.0051413881748072,1.0849236641221374,122.19664097830548,110.15600988356941
2024-11-15,123,118,112.0,114.4,108.7,109.9,101.4,106.2,0,0,116.0,6.2048368229954,114.16,111.5,101.8,104.6,11.392980294900912,104.2,111.1,101.0,117.5,8.553751613570844,114.42999999999999,111.85,101.85000000000001,104.5,9.76672354932251,104.2,111.1,101.0,10768.68,1.019108280254777,1.0524379024839006,122.26433273658837,117.06996610349833
2024-11-15,126,130,113.8,113.6,113.3,108.7,100.7,99.8,0,0,115.4,7.127411872482177,113.8,112.1,101.5,111.2,16.679328523654664,113.2,107.02000000000001,99.4,113.2,10.031062866028927,113.8,112.1,101.5,112.7,11.595497210363868,113.15,106.80999999999999,99.35,10049.86,1.0469181232750688,1.002647837599294,114.48956739099906,114.68726412669174
2024-11-19,120,117,117.5,119.1,108.3,109.8,98.2,102.0,0,0,124.2,10.986355173577788,119.66000000000001,108.78000000000002,99.32,111.2,12.930583900195677,112.8,110.4,99.2,122.2,11.203174153386675,119.93000000000002,108.84,99.46,105.1,13.160969231447663,112.8,110.4,99.2,10016.4,1.0701275045537342,1.0997229916897506,119.85178258392006,114.01942452563962
2024-11-19,116,115,105.7,104.0,112.8,113.0,99.0,100.7,0,0,107.0,17.958284996067963,110.4,113.3,99.3,104.4,12.778888840583944,106.47999999999999,116.52000000000001,99.58,106.9,14.639748024546801,110.4,113.3,99.3,100.5,10.855106325288988,106.78999999999999,116.96,99.44,9969.300000000001,0.9353982300884957,0.9219858156028369,110.54254302131046,108.27180779266888
2024-11-19,110,122,114.4,117.2,109.9,113.4,106.2,102.1,0,0,103.4,12.817956155331487,104.2,111.1,101.0,110.6,12.992305415129358,115.92,110.92,99.85999999999999,106.8,11.163432367431572,104.2,111.1,101.0,110.4,9.94652368083121,115.76000000000002,110.60999999999999,99.58,10843.02,1.0088183421516754,1.0664240218380345,121.55314634744775,120.76801275283081
2024-11-19,132,91,112.1,107.6,113.3,116.9,101.6,101.7,0,0,120.0,25.903667693977237,115.2,113.0,102.2,115.0,17.64936259472279,115.0,110.6,99.9,116.3,18.01881732461317,115.2,113.0,102.2,112.3,12.454807193297807,115.0,110.6,99.9,10332.72,0.9589392643284858,0.9496910856134156,120.21142335980626,115.01900590150366
2024-11-19,110,104,111.7,117.3,114.4,104.8,101.7,102.6,0,0,119.4,5.770615218501377,108.33999999999999,113.84,103.14000000000001,107.8,8.757853618324518,117.0,109.8,102.0,114.7,10.456789394668158,107.92,113.77000000000001,103.32000000000001,110.5,10.222524150130505,117.0,109.8,102.0,10434.42,1.0658396946564885,1.0253496503496502,113.5376760938852,119.81876192019115
2024-11-19,124,118,113.4,107.8,112.2,116.8,99.7,103.1,0,0,118.4,9.710818709048178,113.6,113.0,103.0,107.0,7.48331477354791,112.0,116.7,102.6,122.0,14.406788523316095,113.6,113.0,103.0,108.5,8.449194570424474,112.0,116.7,102.6,10279.07,0.9708904109589042,0.9607843137254901,120.20018854273832,112.2543404883661
2024-11-22,113,98,109.0,105.7,115.2,112.8,99.9,99.0,0,0,115.2,11.670475568716148,112.84,111.6,100.14,108.0,13.472193585307416,109.46,113.2,99.24000000000001,109.4,10.834102536794536,113.31999999999998,111.15,100.17,107.4,12.185601704014767,109.92999999999999,113.25,99.27,9890.1,0.9663120567375887,0.9175347222222222,112.48921687763354,109.91309856613829
2024-11-22,96,108,103.9,117.5,115.9,108.3,103.7,98.2,0,0,118.4,10.064790112068861,108.3,117.1,104.8,109.4,12.320714265009126,120.2,108.9,99.6,112.6,12.08488495784902,108.3,117.1,104.8,117.1,11.994906326344388,120.2,108.9,99.6,10183.34,0.9593721144967683,1.0138050043140638,107.5766207984037,119.066479978727
2024-11-22,129,117,113.6,114.1,111.2,111.9,101.3,101.9,0,0,117.0,18.289341158171847,115.52000000000001,113.04,101.78,119.6,15.693947878083446,117.9,115.0,104.4,114.8,13.725887949418675,115.75999999999999,113.27000000000001,101.84,124.2,13.406466101599454,117.9,115.0,104.4,10322.470000000001,1.0151921358355673,1.0260791366906474,116.85617803433631,115.84011010868689
2024-11-22,136,122,111.9,111.9,113.4,112.9,104.9,105.1,0,0,112.4,9.09945053286187,112.4,113.9,98.4,112.4,4.393176527297811,113.58000000000001,115.46,103.25999999999999,112.8,8.20298048814509,112.4,113.9,98.4,110.0,6.582805886043915,113.78999999999999,115.78,103.03,11024.99,0.9911426040744021,0.9867724867724867,124.74806044966101,121.91851440677729
2024-11-22,116,88,111.4,108.1,107.0,111.0,102.1,102.1,0,0,113.4,8.17312669668097,111.47999999999999,109.72,101.69999999999999,98.4,12.054044964243351,105.0,113.9,100.3,117.5,12.817089286486874,111.49000000000001,110.06000000000002,101.65,98.2,10.76826613506344,105.0,113.9,100.3,10424.409999999998,1.0036036036036036,1.0102803738317756,117.40743772280865,109.38733591753872
2024-11-22,108,112,107.6,112.0,116.9,108.7,101.7,101.4,0,0,107.4,3.7815340802377357,113.52000000000001,111.85999999999999,100.26,121.8,17.32628061645086,114.7,112.2,101.9,108.6,8.617811013631275,114.25999999999999,111.22999999999999,100.08000000000001,116.5,13.492796432006132,114.7,112.2,101.9,10312.380000000001,0.9898804047838086,0.9580838323353293,112.50110957024987,118.54830718748396
2024-11-22,120,123,117.2,112.1,113.4,113.3,102.1,101.6,0,0,120.8,14.939879517586485,115.6,110.3,99.3,113.8,17.166828478201758,114.58,113.06000000000002,102.08000000000001,116.5,14.623041179362598,115.6,110.3,99.3,116.1,13.461467643281376,114.89000000000001,113.03,102.14,10373.359999999999,1.034421888790821,0.9885361552028218,121.93050243905196,116.18763032980242
2024-11-22,104,88,112.4,113.8,107.8,113.3,99.8,100.7,0,0,110.6,5.6833088953531625,116.1,112.8,99.4,107.0,5.147815070493408,113.8,112.1,101.5,110.2,10.379466909881858,116.1,112.8,99.4,112.3,10.15491123655062,113.8,112.1,101.5,10049.86,0.9920564872021184,1.0556586270871986,116.09552104214215,110.38860830037682
2024-11-26,108,127,103.9,111.9,115.9,113.4,103.7,104.9,0,0,114.2,14.28985654231697,107.42,116.85999999999999,104.58,124.4,4.219004621945784,112.3,113.8,99.7,111.3,13.16603374006179,107.85999999999999,116.97999999999999,104.69000000000001,118.6,10.80329167944219,112.35,113.85,99.05,10878.130000000001,0.9162257495590829,0.9654874892148404,118.67554072774851,124.65207023756543
2024-11-26,103,106,110.8,113.6,110.3,111.2,98.5,101.3,0,0,107.8,13.553597308463905,111.7,109.9,98.3,106.0,12.90348790056398,116.0,113.5,101.9,109.1,17.336217708728896,111.7,109.9,98.3,107.9,14.059002651523713,116.0,113.5,101.9,9978.05,0.9964028776978416,1.029918404351768,112.62363509275197,111.40375316613378
2024-11-26,111,117,113.6,111.4,108.7,107.0,99.8,102.1,0,0,116.0,14.404860290887909,113.1,106.6,99.3,120.6,8.988882021697677,111.5,110.4,101.6,111.8,11.232888220657168,113.1,106.6,99.3,118.2,13.214470183182625,111.5,110.4,101.6,10189.58,1.061682242990654,1.0248390064397424,114.49799262153569,112.0978053266934
2024-11-26,115,128,107.8,111.7,116.8,114.4,103.1,101.7,0,0,109.4,10.968135666557021,111.16,116.72,102.7,100.2,8.757853618324507,107.5,113.7,103.5,106.7,8.407007658957598,111.58,116.71,102.65,108.0,13.055437351710815,107.5,113.7,103.5,10485.27,0.9423076923076923,0.9563356164383562,115.15997833959297,116.61724886735114
2024-11-26,127,100,113.7,113.4,116.7,112.2,99.2,99.7,0,0,104.4,11.414902540100833,114.9,111.9,100.7,124.0,2.9154759474225904,113.55999999999999,112.84,102.34,110.2,11.232888220657209,114.9,111.9,100.7,119.7,12.987600924642683,113.58,112.92,102.67,9890.24,1.0133689839572193,0.9717223650385605,112.78370813664561,115.87409835647283
2024-11-29,98,99,104.0,115.0,113.0,110.9,100.7,99.7,0,0,110.2,15.433729296576367,107.1,117.4,99.3,120.4,6.348228099241643,114.28,109.78,98.82000000000001,108.4,12.72093637364102,107.1,117.4,99.3,119.4,13.599019572503586,114.18999999999998,109.64000000000001,98.71,10039.79,0.9377817853922452,1.0176991150442478,109.16019581921121,116.46879295947797
2024-11-29,117,101,111.9,119.1,112.9,109.8,105.1,102.0,0,0,117.6,7.402702209328665,113.58,115.46,103.25999999999999,108.8,9.444575162494056,114.05999999999999,110.28000000000002,99.75999999999999,119.6,7.058485830702136,113.78999999999999,115.78,103.03,106.0,13.67885635245548,113.42999999999999,110.34,99.47999999999999,10720.199999999999,1.0191256830601094,1.0549158547387067,120.05841079440474,122.87468243698328
2024-11-29,120,109,114.4,107.6,109.9,116.9,106.2,101.7,0,0,106.2,12.316655390161744,106.24000000000001,110.85999999999999,102.04,111.2,20.765355763867856,113.52000000000001,111.85999999999999,100.26,106.9,11.189777080492163,105.22,110.97999999999999,101.52,111.0,14.00000000000003,114.25999999999999,111.22999999999999,100.08,10800.54,0.9786142001710864,0.9790718835304821,122.9010863669065,116.10354512159533
2024-11-29,100,123,105.7,106.5,112.8,106.6,99.0,98.7,0,0,107.2,18.07484439767047,109.46,113.2,99.24000000000001,108.8,6.418722614352472,110.6,108.6,99.4,108.3,14.787757699454554,109.92999999999999,113.25,99.27,106.8,13.273197722394423,110.6,108.6,99.4,9771.300000000001,0.9915572232645404,0.9441489361702128,105.20732588613318,108.57086514182288
2024-11-29,93,92,113.6,112.4,108.7,107.8,99.8,99.8,0,0,111.6,10.830512453249813,113.2,107.02000000000001,99.4,110.2,13.55359730846389,115.35999999999999,111.8,99.48,112.5,10.906165432655287,113.15,106.80999999999999,99.35,110.4,11.226951698677711,115.73000000000002,112.3,99.44000000000001,9960.039999999999,1.0538033395176252,1.0340386384544618,112.79211929355618,110.45717831970367
2024-11-29,106,130,114.1,112.0,111.9,110.2,101.9,102.5,0,0,126.6,17.896927110540513,117.14000000000001,114.38,103.9,98.8,6.180614856144934,108.16,114.92,102.17999999999999,122.8,15.208184930782842,117.52000000000001,114.69000000000001,104.15,98.7,7.587270040447028,107.67999999999999,115.51000000000002,102.14,10444.75,1.0353901996370236,1.000893655049151,119.19506892119313,114.25700569110637
2024-11-29,121,111,110.8,107.6,110.3,111.8,98.5,102.3,0,0,107.4,13.685759021698432,111.52000000000001,109.97999999999999,98.34,101.8,11.031772296417294,109.35999999999999,115.23999999999998,101.82000000000001,110.6,15.896889982355416,111.60999999999999,109.94000000000001,98.32,102.0,11.005049346146162,109.58,115.67,101.76,10076.55,0.9910554561717353,0.9755213055303716,113.92915302147559,108.51005999230973
2024-11-29,129,138,111.9,117.5,113.4,108.3,104.9,98.2,0,0,114.6,13.277801022759762,112.3,113.8,99.7,106.6,10.13903348450923,119.66000000000001,108.78000000000002,99.32,115.3,10.944811048569504,112.35,113.85,99.05,115.6,12.112436217008968,119.93000000000002,108.84,99.46,10301.18,1.033240997229917,1.0361552028218695,113.50868262435024,118.04802031386086
2024-11-29,93,101,113.4,117.3,112.2,104.8,99.7,102.6,0,0,120.0,9.874208829065756,113.55999999999999,112.84,102.34,107.6,8.848728722251566,117.05999999999999,108.8,102.11999999999999,122.4,14.400617270720533,113.58,112.92,102.67,109.1,10.03826014141239,117.03,109.3,102.05999999999999,10229.22,1.0820610687022902,1.0454545454545454,113.48072421744637,116.69857423780005
2024-11-29,115,106,108.1,113.8,111.0,113.3,102.1,100.7,0,0,106.6,11.436782764396648,105.62,113.32000000000001,100.66,102.8,9.679876032264001,113.8,112.33999999999999,101.34,106.3,9.707385504518337,105.30999999999999,113.61000000000001,100.47999999999999,108.7,11.795008360413396,113.8,112.22,101.42,10281.47,0.9541041482789056,1.0252252252252252,112.91852504228801,114.0515392562236
2024-12-03,104,110,104.0,109.0,113.0,115.2,100.7,99.9,0,0,112.6,11.036303729057098,106.47999999999999,116.52000000000001,99.58000000000001,115.0,19.091883092036795,112.84,111.6,100.14000000000001,108.6,12.518430856585503,106.79,116.96,99.44,113.5,17.238522751867837,113.32000000000001,111.15,100.16999999999999,10059.93,0.9027777777777778,0.9646017699115044,111.14930588951836,113.07010156515439
2024-12-03,118,87,119.1,103.9,109.8,115.9,102.0,103.7,0,0,122.8,14.30734077318354,114.05999999999999,110.28,99.76,115.8,10.709808588392214,107.42,116.85999999999999,104.58,116.2,12.6736822676846,113.42999999999999,110.34,99.47999999999999,111.0,10.645812948447569,107.85999999999999,116.97999999999999,104.69000000000001,10577.4,1.0276100086281277,0.9462659380692169,125.86113720282566,111.39138945093099
2024-12-03,107,128,112.0,113.6,110.2,111.2,102.5,101.3,0,0,107.8,8.92748564826626,108.16,114.92,102.17999999999999,107.2,12.477980605851295,115.52000000000001,113.04,101.78,105.3,7.818070236459971,107.67999999999999,115.50999999999999,102.13999999999999,109.5,12.633729105497986,115.75999999999999,113.27000000000001,101.84,10383.25,1.0071942446043165,1.0308529945553537,115.06596293331827,115.11436777592343
2024-12-03,121,106,115.0,106.5,110.9,106.6,99.7,98.7,0,0,117.4,5.639148871948635,114.28,109.78,98.82000000000001,110.4,8.876936408468847,109.78,108.2,99.26000000000002,109.3,15.44200620241928,114.18999999999998,109.64000000000001,98.71,109.0,14.00793425963374,110.18999999999998,108.4,99.33000000000001,9840.390000000001,1.0787992495309568,0.9603246167718665,112.78996506501483,107.83369403660825
2024-12-03,122,111,107.6,114.1,111.8,111.9,102.3,101.9,0,0,112.4,14.27585373979432,109.35999999999999,115.23999999999998,101.82000000000001,123.2,11.211601134539167,117.14000000000001,114.38,103.9,106.3,14.384018909887462,109.58,115.67,101.76,123.8,13.571211359999506,117.52000000000001,114.69000000000001,104.15,10424.37,0.9615728328865057,1.020572450805009,113.41275524223539,117.80373028589077
2024-12-03,133,106,117.3,107.8,104.8,116.8,102.6,103.1,0,0,124.8,15.401298646542761,117.05999999999999,108.8,102.11999999999999,110.2,8.197560612767703,111.16,116.72,102.7,123.5,11.266962520770443,117.03,109.3,102.05999999999999,108.2,7.9972217398017085,111.58,116.71,102.65,10578.06,1.0042808219178083,1.0286259541984732,125.92743855596478,110.36894189542036
2024-12-03,121,116,112.1,114.4,113.3,109.9,101.6,106.2,0,0,124.8,25.341665296503308,114.58,113.05999999999999,102.08,110.6,7.797435475847205,106.24000000000001,110.85999999999999,102.03999999999999,117.5,18.680054722736948,114.89000000000001,113.03,102.14000000000001,107.0,9.695359714832806,105.22,110.97999999999999,101.52000000000001,10789.92,1.0200181983621472,1.0097087378640777,122.21371881264541,120.51115901639909
2024-12-03,104,93,113.7,111.7,116.7,114.4,99.2,101.7,0,0,105.4,13.390294993016415,114.66000000000001,112.86000000000001,100.4,104.8,15.417522498767422,108.34,113.84,103.14000000000001,111.9,12.422649565299022,114.78000000000002,112.38,100.55,110.3,14.422590305181382,107.92,113.77000000000001,103.32000000000001,10088.640000000001,0.9938811188811189,0.9571550985432733,115.95111812848013,113.6715931385697
2024-12-03,119,115,117.2,112.0,113.4,108.7,102.1,101.4,0,0,118.8,14.042791745233572,115.91999999999999,110.92,99.85999999999999,123.0,16.124515496597123,114.16000000000001,111.5,101.8,116.0,14.383632673594311,115.75999999999999,110.60999999999999,99.58000000000001,116.7,13.400248753910079,114.43000000000002,111.85,101.85000000000001,10352.94,1.078196872125115,0.9876543209876543,118.86435902916513,117.11044393392493
2024-12-03,120,111,113.8,111.4,113.3,107.0,100.7,102.1,0,0,118.8,7.362064927722376,113.8,112.33999999999999,101.34,116.8,2.588435821108894,111.47999999999999,109.72,101.69999999999999,113.7,10.573026477262363,113.8,112.22,101.42,119.6,12.121606054204781,111.49000000000001,110.06000000000002,101.65,10281.47,1.0635514018691588,0.9832303618711387,115.65351576516822,115.37376028489096
2024-12-03,127,105,112.4,108.1,107.8,111.0,99.8,102.1,0,0,107.4,2.8809720581776506,115.35999999999999,111.8,99.48,98.2,12.255610959882844,105.62,113.32000000000001,100.66,111.3,8.819800955173998,115.73000000000002,112.3,99.44000000000001,96.3,10.719141756689224,105.30999999999999,113.61000000000001,100.47999999999999,10189.58,1.0126126126126127,1.00278293135436,116.55242545521683,108.08996083505743
2024-10-22,132,109,117.5,115.0,108.3,110.9,98.2,99.7,0,0,126.4,7.829431652425317,119.12,108.66,99.04,114.6,9.914635646356407,114.46,110.05999999999999,99.03999999999999,122.3,11.175866856758812,119.66000000000001,108.78,99.32000000000001,114.8,11.612254063895024,114.28,109.78,98.82,9790.54,1.0595130748422001,1.061865189289012,118.55706824153697,110.63349536792704
2024-10-22,110,103,113.4,113.6,112.2,108.7,99.7,99.8,0,0,115.2,15.770225109363535,113.52000000000001,112.67999999999999,101.67999999999999,119.8,11.300442469213321,113.3,107.43999999999998,99.5,119.6,17.16067856726202,113.55999999999999,112.84,102.34,114.8,12.69995625539276,113.2,107.02000000000001,99.4,9950.06,1.0432382704691812,1.0124777183600713,113.05388609938458,114.0110745395329
2024-10-23,109,115,112.0,114.1,110.2,111.9,102.5,101.9,0,0,109.0,8.154753215150048,109.12,113.73999999999998,102.26,123.2,11.211601134539167,116.38000000000002,113.75999999999999,103.4,104.7,7.379400758568047,108.16000000000001,114.92,102.17999999999999,122.7,14.1660784191596,117.14000000000001,114.38,103.9,10444.75,1.000893655049151,1.0353901996370236,115.73961391212026,117.3957941013685
2024-10-23,120,116,111.9,105.7,112.9,112.8,105.1,99.0,0,0,116.8,7.155417527999285,113.16000000000001,114.82000000000001,103.71999999999998,105.4,13.992855319769376,108.52000000000001,113.1,99.17999999999999,118.1,5.566766466171318,113.58,115.46,103.25999999999999,105.7,12.193349735727907,109.46000000000001,113.2,99.24,10404.9,0.9920212765957448,0.9362267493356953,117.06126660308544,112.65620995192346
2024-10-23,97,116,110.8,106.5,110.3,106.6,98.5,98.7,0,0,113.2,11.497825881443848,111.34,110.06000000000002,98.38,110.4,8.876936408468847,108.96,107.8,99.12,110.6,15.896889982355416,111.52000000000001,109.97999999999999,98.34,107.7,13.573258022056901,109.78,108.2,99.26,9721.95,1.0393996247654784,0.9655485040797824,108.97805447894386,106.72317016462935
2024-10-23,109,124,109.0,113.6,115.2,111.2,99.9,101.3,0,0,113.8,11.366617790706279,111.88,112.5,100.08000000000001,108.4,14.397916515940805,115.04,112.58,101.66,111.2,9.600925881277183,112.84,111.6,100.14,110.1,13.41185213823109,115.51999999999998,113.03999999999999,101.78,10119.87,0.9802158273381295,0.986111111111111,113.18626201840691,115.39454643898046
2024-10-23,106,136,107.6,119.1,111.8,109.8,102.3,102.0,0,0,114.6,14.842506526863966,108.92,114.38,101.94,108.8,9.444575162494056,115.32000000000001,110.16,100.32000000000001,109.6,13.745302227791623,109.35999999999999,115.23999999999998,101.82000000000001,107.0,12.797569213634977,114.05999999999999,110.28000000000002,99.76,10434.6,0.9799635701275046,1.0652951699463327,114.32518303655002,119.93804286789575
2024-10-23,105,110,111.4,104.0,107.0,113.0,102.1,100.7,0,0,114.6,7.987490219086292,111.46,109.04,101.8,104.4,12.778888840583944,105.85999999999999,115.64000000000001,99.85999999999999,117.4,12.825322174857353,111.47999999999999,109.72,101.69999999999999,101.0,11.440668201153493,106.47999999999999,116.52000000000001,99.58,10281.47,0.9858407079646018,0.9719626168224299,116.86609837059858,107.1990229793545
2024-10-23,123,111,107.6,111.9,116.9,113.4,101.7,104.9,0,0,106.8,3.2710854467591433,112.04,113.11999999999998,100.62,124.4,4.219004621945784,112.2,113.7,101.00000000000001,108.2,8.534895690308238,113.51999999999998,111.85999999999999,100.26000000000002,118.1,10.213825053436944,112.3,113.8,99.7,10668.330000000002,0.9488536155202821,0.9572284003421728,119.709951106012,122.14814009734428
2024-10-23,124,126,107.8,114.4,116.8,109.9,103.1,106.2,0,0,109.8,11.166915420114913,110.32000000000001,116.74000000000001,102.8,111.8,8.13633824272323,108.28,110.62,103.08,108.2,8.41691418777919,111.16,116.72,102.7,107.5,10.047111248734508,106.24000000000001,110.85999999999999,102.03999999999999,10949.22,0.9808917197452228,0.9794520547945206,119.50868754390089,124.28117828369109
2024-10-23,113,116,112.4,113.7,107.8,116.7,99.8,99.2,0,0,111.2,9.284395510748148,114.62,110.8,99.56,107.8,16.452963258939096,114.42,113.82000000000001,100.1,113.3,9.933668898135139,115.35999999999999,111.8,99.48,109.6,13.5252849631102,114.66000000000001,112.86000000000001,100.4,9900.16,0.9631533847472151,1.0547309833024119,116.17370436125823,110.08518317554999
2024-10-23,104,140,108.1,112.0,111.0,108.7,102.1,101.4,0,0,109.6,11.23832727766905,106.24000000000001,112.74000000000001,101.02,119.4,15.32318504750239,113.62,110.8,101.70000000000002,107.2,10.086294331087728,105.62,113.32000000000001,100.66,116.9,13.353734392379693,114.16000000000001,111.5,101.80000000000001,10352.94,0.9944802207911683,1.009009009009009,111.69873657679163,115.81497463871776
2024-10-24,102,122,103.9,117.5,115.9,108.3,103.7,98.2,0,0,111.8,14.078352176302422,106.54,116.62,104.35999999999999,113.4,17.023513150933308,119.12,108.66,99.04,110.9,13.203114110777925,107.42,116.85999999999999,104.58,116.4,13.368287516025013,119.66000000000001,108.78,99.32000000000001,10183.34,0.9593721144967683,1.0138050043140638,106.66036135158846,119.58759329039665
2024-10-24,120,109,112.1,111.7,113.3,114.4,101.6,101.7,0,0,127.2,24.004166305039632,113.96,113.12,101.96000000000001,101.2,15.706686474237642,109.17999999999999,113.97999999999999,102.78,118.2,18.665476152512234,114.58,113.06000000000002,102.08,109.5,15.196856400073193,108.33999999999999,113.83999999999999,103.14000000000001,10332.72,0.9798951048951048,0.9858781994704325,118.56525944999,113.6841439510565
2024-10-24,87,102,117.2,117.3,113.4,104.8,102.1,102.6,0,0,120.6,13.183322798141605,116.24000000000001,111.54,100.42,107.8,8.64291617453275,117.12,107.8,102.24000000000001,116.6,14.369721252998955,115.91999999999999,110.92,99.85999999999999,106.9,9.011720763045984,117.06000000000002,108.8,102.11999999999999,10475.46,1.118320610687023,1.0343915343915344,117.94632799011414,119.4779035387315
2024-10-24,115,117,113.8,113.6,113.3,108.7,100.7,99.8,0,0,118.2,7.049822692805818,113.8,112.58,101.17999999999999,115.0,12.509996003196806,113.4,107.85999999999999,99.6,114.9,10.535126429658579,113.8,112.33999999999999,101.34,113.3,13.157591809378454,113.25,107.22999999999999,99.45,10049.86,1.0469181232750688,1.002647837599294,114.80936346224154,114.87793650581658
2024-10-25,116,101,106.5,105.7,106.6,112.8,98.7,99.0,0,0,112.2,8.983317872590295,108.96,107.8,99.12,107.2,14.80540441865734,107.58,113.0,99.12,108.0,9.854496999396368,109.78,108.2,99.26,106.5,12.616127245183643,108.99000000000001,113.15,99.21,9771.300000000001,0.9441489361702128,0.9915572232645404,109.91240349757128,104.033176863837
2024-10-25,115,107,107.6,109.0,111.8,115.2,102.3,99.9,0,0,109.8,12.275992831539103,108.47999999999999,113.51999999999998,102.06,115.2,19.018412131405725,111.88,112.5,100.08,109.9,13.617390841616222,109.14000000000001,114.80999999999999,101.88,115.1,15.919589609450739,112.84,111.6,100.14000000000001,10219.77,0.9340277777777777,0.9749552772808587,113.68377587069266,113.7262375545166
2024-10-25,125,120,111.9,104.0,112.9,113.0,105.1,100.7,0,0,118.6,6.426507605223821,112.74000000000001,114.17999999999999,104.17999999999999,106.8,12.397580409095996,105.23999999999998,114.75999999999999,100.14000000000001,118.1,5.566766466171318,113.37,115.14000000000001,103.48999999999998,102.2,11.717034133640007,106.16999999999999,116.08,99.72,10583.57,0.9902654867256637,0.9211691762621789,119.430297445809,113.6719466573428
2024-10-25,113,101,119.1,112.0,109.8,110.2,102.0,102.5,0,0,124.4,12.895735729302155,115.31999999999998,110.16000000000001,100.32000000000001,104.4,15.485477067239467,109.12,113.73999999999998,102.26,117.9,11.493476410555726,114.05999999999999,110.28,99.75999999999999,102.6,11.95547294477858,108.16,114.91999999999999,102.17999999999999,10455.0,1.0807622504537204,1.0200364298724955,122.32729672596425,113.71332151897373
2024-10-25,123,98,115.0,114.1,110.9,111.9,99.7,101.9,0,0,119.2,4.868264577855188,114.46,110.05999999999999,99.03999999999999,118.2,6.379655163094631,115.62,113.14000000000001,102.9,111.6,15.283978539634246,114.28,109.78,98.82,121.9,14.371654200002371,116.76000000000002,114.07000000000001,103.65,10159.43,1.0277033065236818,1.0288548241659152,118.24737398976494,114.347200844461
2024-10-25,128,108,111.4,114.4,107.0,109.9,102.1,106.2,0,0,114.8,7.661592523751129,111.44000000000001,108.36000000000001,101.89999999999999,114.8,10.256705123966496,110.32000000000001,110.38,104.12,115.2,12.882373832316569,111.47,109.38000000000002,101.74999999999999,108.5,11.394443090091622,107.26000000000002,110.74000000000001,102.55999999999999,10843.02,1.013648771610555,1.069158878504673,121.1750369563676,117.41004348690674
2024-10-25,122,133,113.6,111.9,111.2,113.4,101.3,104.9,0,0,122.0,17.233687939614057,115.04,112.58,101.66,120.8,6.418722614352476,112.1,113.6,102.3,115.9,14.433371824428923,115.51999999999998,113.04,101.78,117.5,10.458914326491213,112.25,113.75,100.35000000000001,10626.37,1.001763668430335,1.006294964028777,123.27350295901925,118.04326466391097
2024-10-25,86,127,107.8,112.0,116.8,108.7,103.1,101.4,0,0,115.6,8.84872872225159,109.47999999999999,116.75999999999999,102.9,120.6,16.905620367203355,113.08,110.1,101.6,110.2,9.600925881276881,110.73999999999998,116.73000000000002,102.75,120.8,13.878840809744366,113.89000000000001,111.15,101.75,10454.34,0.9917203311867525,0.9589041095890412,113.27943067755957,119.8714709501256
2024-10-25,123,116,113.4,113.7,112.2,116.7,99.7,99.2,0,0,113.2,15.642889758609186,113.47999999999999,112.52000000000001,101.02000000000001,109.4,16.86119805944998,114.17999999999999,114.78000000000002,99.8,117.0,16.35033129124089,113.54,112.75999999999999,102.01,111.0,13.374935098492625,114.53999999999999,113.34,100.25,9890.24,0.9717223650385605,1.0133689839572193,116.08293152077839,112.24445482309083
2024-10-25,103,105,108.1,107.6,111.0,116.9,102.1,101.7,0,0,112.0,7.0356236397351655,106.85999999999999,112.16000000000001,101.38,106.0,16.031219541881395,112.04,113.11999999999998,100.62,108.3,8.895067297228335,105.92999999999999,113.03000000000002,100.84,111.3,13.912823820729832,113.51999999999998,111.85999999999999,100.26,10383.57,0.924721984602224,0.9693693693693693,117.1476572916594,113.10858046663992
2024-10-26,104,109,117.2,112.4,113.4,107.8,102.1,99.8,0,0,109.6,13.794926603646722,116.55999999999999,112.16,100.97999999999999,102.6,9.813256340277656,114.62,110.8,99.56,112.5,16.453638570912602,116.08,111.22999999999999,100.14,109.2,12.550343067466684,115.35999999999999,111.8,99.48,10189.58,1.0871985157699444,0.9911816578483245,115.99312099829773,114.39564854765565
2024-10-26,106,114,104.0,110.8,113.0,110.3,100.7,98.5,1,0,108.6,9.37016542009796,105.85999999999999,115.64000000000001,99.86,117.8,4.764451699828611,111.34,110.05999999999999,98.38,107.2,12.127104628338431,106.47999999999999,116.52000000000001,99.58,112.9,9.882082551545126,111.52000000000001,109.97999999999999,98.34,9918.95,0.942883046237534,0.9805309734513274,106.30231575266617,114.06536351128761
2024-10-26,118,124,112.0,117.5,110.2,108.3,102.5,98.2,1,0,109.2,8.1363382427232,110.08,112.55999999999999,102.34,114.2,17.383900597967056,118.58,108.54,98.76,106.1,6.624030327359375,108.64000000000001,114.33,102.22,115.7,12.806682283523337,119.39000000000001,108.72,99.17999999999999,10065.5,1.0341643582640814,1.0662431941923776,109.7146518881947,116.63994695646015
2024-10-26,116,135,103.9,119.1,115.9,109.8,103.7,102.0,0,1,111.8,14.078352176302422,105.66000000000001,116.38,104.14000000000001,116.6,12.778888840583898,116.58,110.04,100.88,109.2,13.138577633146712,106.97999999999999,116.74000000000001,104.47,112.2,12.976902558006564,114.69000000000001,110.22,100.03999999999999,10577.4,0.9462659380692169,1.0276100086281277,113.49934045849294,123.0340798767154
2024-10-26,95,114,111.9,117.3,113.4,104.8,104.9,102.6,1,0,120.2,11.94571052721437,112.2,113.7,101.00000000000001,105.8,8.584870412533892,117.17999999999999,106.8,102.36,115.5,11.19771802149389,112.3,113.80000000000003,99.7,107.8,7.842901957254962,117.08999999999999,108.3,102.17999999999999,10762.74,1.0677480916030535,1.0343915343915344,115.99130995369819,122.87581640219408
2024-10-26,124,111,114.4,106.5,109.9,106.6,106.2,98.7,1,1,112.8,7.259476565152636,108.28,110.61999999999998,103.08,113.8,6.300793600809328,108.13999999999999,107.4,98.98,109.1,11.406138698086943,106.24000000000001,110.85999999999999,102.03999999999999,111.9,6.789698078707043,109.37,108.0,99.19000000000001,10481.94,1.0731707317073171,0.9690627843494085,114.2617053878736,112.00267545327583
2024-10-26,112,101,113.6,107.6,108.7,111.8,99.8,102.3,0,1,104.2,7.120393247567107,113.3,107.43999999999998,99.5,103.6,11.781341180018519,108.92,114.38,101.94,110.4,12.491775071800063,113.2,107.02000000000001,99.4,102.7,11.363195951061613,109.35999999999999,115.23999999999998,101.82000000000001,10209.539999999999,1.0161001788908766,0.9898804047838086,117.76739619776826,107.5400835578291
2024-10-26,109,106,111.7,111.4,114.4,107.0,101.7,102.1,0,1,116.2,5.630275304103674,109.17999999999999,113.98000000000002,102.78,114.8,2.3874672772625947,111.46,109.04,101.8,116.0,8.666666666666666,108.34,113.84,103.14000000000001,117.0,10.677078252031324,111.47999999999999,109.72,101.69999999999999,10383.57,1.04392523364486,0.9737762237762237,115.50616434016361,115.59634959372742
2024-10-26,114,102,113.7,112.1,116.7,113.3,99.2,101.6,1,0,106.8,12.637246535539315,114.42,113.82000000000001,100.1,112.4,15.741664460913873,113.96,113.12,101.96000000000001,110.3,12.293177873203653,114.66000000000001,112.86000000000001,100.4,117.1,13.576532039597684,114.58000000000001,113.05999999999999,102.08,10078.72,1.0035304501323918,0.9605826906598114,114.79145043500496,115.81644278501838
2024-10-26,131,127,113.4,113.8,112.2,113.3,99.7,100.7,1,0,116.6,15.533834040570929,113.44000000000001,112.35999999999999,100.36,104.0,9.617692030835624,113.8,112.58,101.17999999999999,119.2,15.411395495253128,113.52000000000001,112.67999999999999,101.67999999999999,106.3,9.117138927438907,113.8,112.33999999999999,101.34,10039.79,1.000882612533098,1.014260249554367,114.9572481018712,112.93439138857568
2024-10-27,114,118,114.1,109.0,111.9,115.2,101.9,99.9,0,0,122.6,20.15688467993008,116.38,113.75999999999999,103.4,113.4,19.346834366376335,110.92,113.4,100.02000000000001,120.5,15.890248582070722,117.14000000000001,114.38,103.9,113.7,15.958627064311521,112.35999999999999,112.05,100.11,10179.810000000001,0.9904513888888888,0.9740840035746201,118.86956173868572,112.63782490750474
2024-10-27,115,102,105.7,113.6,112.8,111.2,99.0,101.3,0,0,104.6,17.966635745180557,108.52000000000001,113.1,99.17999999999999,110.6,16.024980499208137,114.55999999999999,112.12,101.53999999999999,107.1,14.940251373759105,109.46000000000001,113.2,99.24,110.1,13.41185213823109,115.28,112.80999999999999,101.72,10028.699999999999,0.9505395683453237,1.0070921985815602,109.1767397868343,113.9913232559179
2024-10-27,125,103,108.1,107.6,111.0,116.9,102.1,101.7,0,0,111.2,7.918333157931681,107.47999999999999,111.58,101.74,104.2,15.401298646542763,110.55999999999999,114.38,100.97999999999999,108.3,8.895067297228335,106.24000000000001,112.74000000000001,101.02,110.7,14.055841015985761,112.78,112.48999999999998,100.44000000000001,10383.57,0.924721984602224,0.9693693693693693,116.92304291853584,112.84626772893586
2024-10-27,128,104,117.3,111.9,104.8,112.9,102.6,105.1,1,0,126.0,15.842979517754857,117.12,107.8,102.24000000000001,114.8,5.805170109480036,113.16000000000001,114.81999999999998,103.72,124.2,11.650464940650867,117.06000000000002,108.8,102.11999999999999,111.2,7.598245411496944,113.58,115.46,103.25999999999999,10783.259999999998,1.0389725420726306,1.0677480916030535,125.18474377509666,115.25716763685232
2024-10-27,104,112,112.0,112.4,108.7,107.8,101.4,99.8,0,1,117.0,6.964194138592034,113.62,110.8,101.70000000000002,105.4,9.07193474403336,113.88,109.8,99.64000000000001,117.6,8.61781101363135,114.16,111.5,101.80000000000001,108.5,12.322066926182934,114.99000000000001,111.3,99.52000000000001,10119.720000000001,1.038961038961039,1.0340386384544618,114.75687989299968,110.46354325410127
2024-10-28,119,115,106.5,114.1,106.6,111.9,98.7,101.9,0,1,112.8,9.148770409186156,108.14000000000001,107.4,98.98,113.8,10.848963084092413,114.85999999999999,112.52000000000001,102.4,108.9,10.159286939107098,109.37,108.0,99.19000000000001,117.2,13.644697789902787,116.38,113.75999999999999,103.4,10057.53,0.9517426273458445,1.0703564727954973,112.53364246799974,109.53249281957532
2024-10-28,119,121,111.9,103.9,112.9,115.9,105.1,103.7,1,0,120.8,6.340346993658933,112.32000000000001,113.54,104.64000000000001,108.8,15.849290204927147,106.54,116.62,104.35999999999999,118.6,5.9665735560705695,113.16,114.81999999999998,103.72,108.7,13.089860367645093,107.42,116.85999999999999,104.58,10898.869999999999,0.9654874892148404,0.9202834366696191,122.52336798795362,116.90172430156807
2024-10-28,119,108,117.5,113.6,108.3,111.2,98.2,101.3,0,1,126.6,7.987490219086308,118.58,108.54,98.76,109.6,16.456001944579402,114.08,111.66000000000001,101.42,123.3,11.585910984179588,119.39000000000001,108.72,99.17999999999999,110.9,12.55609635020184,115.03999999999999,112.58,101.66,9947.66,1.0566546762589928,1.048938134810711,120.68123960887705,109.07658386248994
2024-10-28,106,98,110.8,112.0,110.3,110.2,98.5,102.5,0,0,107.6,11.126544836560898,111.16,110.14000000000001,98.42,103.2,15.466091943344946,110.08,112.55999999999999,102.34,111.1,15.314843924913024,111.42999999999999,110.02000000000001,98.35999999999999,103.1,11.751595636338044,108.64000000000001,114.33,102.22,10096.25,1.0054446460980035,1.015412511332729,113.20013051983835,110.63613445318437
2024-10-28,104,110,115.0,119.1,110.9,109.8,99.7,102.0,0,0,119.8,5.167204273105481,114.64000000000001,110.34,99.26,120.0,15.264337522473737,117.83999999999999,109.92,101.44000000000001,116.6,7.396695959082787,114.37,109.92,98.92999999999999,114.6,14.818906842274034,115.31999999999998,110.16,100.32000000000001,10169.4,1.0473588342440803,1.0739404869251576,118.17684847606427,117.52140054534438
2024-10-28,125,127,107.6,117.2,111.8,113.4,102.3,102.1,0,0,108.2,10.52140675005008,108.03999999999999,112.66,102.18,112.8,13.971399357258372,116.23999999999998,111.54,100.41999999999999,112.6,11.26646942628139,108.91999999999999,114.38,101.94,110.9,10.429125882194988,115.91999999999999,110.92,99.86,10444.83,0.9488536155202821,1.0483005366726297,115.62437242453603,120.01521857406414
2024-10-28,123,126,114.4,111.9,109.9,113.4,106.2,104.9,0,0,113.6,8.384509526501853,110.32000000000001,110.38,104.12,123.6,8.234075540095555,112.0,113.5,103.6,110.3,12.338287293353556,107.26000000000002,110.73999999999998,102.55999999999999,120.0,10.913803695829616,112.2,113.7,101.00000000000001,11140.380000000001,1.0088183421516754,1.0181983621474067,126.43650724216982,122.48488626619107
2024-10-28,101,106,111.7,111.4,114.4,107.0,101.7,102.1,0,0,113.8,5.630275304103674,110.02000000000001,114.12,102.42,112.8,4.438468204234391,111.44000000000001,108.36000000000001,101.89999999999999,116.3,8.32733117177673,108.75999999999999,113.91,102.96,114.4,9.74337381677072,111.47,109.38000000000002,101.74999999999999,10383.57,1.04392523364486,0.9737762237762237,114.00147160911034,116.17012224276584
2024-10-28,110,102,112.1,107.8,113.3,116.8,101.6,103.1,0,0,121.8,21.323695739716417,113.34,113.17999999999999,101.84,109.4,8.414273587185075,110.32000000000001,116.74000000000001,102.8,119.3,18.385078490752072,114.27000000000001,113.09,102.02,108.1,8.020113604072185,111.16,116.72,102.7,10474.96,0.9597602739726027,0.9514563106796117,121.01425620069769,114.32068222417611
2024-10-28,109,105,113.7,113.4,116.7,112.2,99.2,99.7,0,0,108.6,12.95376393176904,114.17999999999999,114.78000000000002,99.8,118.4,10.454664030948086,113.52000000000001,112.67999999999999,101.68,111.0,12.283683848458923,114.53999999999999,113.34,100.25,119.0,13.904435743076206,113.55999999999999,112.84,102.34,9890.24,1.0133689839572193,0.9717223650385605,113.42399553449931,114.68333684762636
2024-10-28,111,98,113.8,108.1,113.3,111.0,100.7,102.1,0,1,119.8,4.207136793592508,113.8,112.82000000000001,101.02000000000001,97.6,11.717508267545645,106.24000000000001,112.74000000000001,101.02,116.8,8.202980488145164,113.8,112.46,101.26,97.6,10.92601381006707,105.62,113.32000000000001,100.66,10281.47,1.0252252252252252,0.9541041482789056,119.95645005590855,110.53601586136293
2024-10-29,139,144,105.7,117.2,112.8,113.4,99.0,102.1,0,1,112.2,9.338094023942986,107.58,113.0,99.12,114.2,15.17234326002413,116.55999999999999,112.16,100.97999999999999,109.5,13.962250694083817,108.99000000000001,113.15,99.21,113.1,11.327939893123773,116.08,111.22999999999999,100.14,10107.9,0.9320987654320988,1.0390070921985817,114.21213522331627,116.026398225556
2024-10-29,114,120,113.6,112.1,108.7,113.3,99.8,101.6,0,1,104.8,7.726577508832696,113.4,107.85999999999999,99.6,110.6,16.440802900101893,113.33999999999999,113.17999999999999,101.84,111.0,12.400716825158884,113.25,107.22999999999999,99.45,115.8,14.397530652472637,114.27000000000001,113.09,102.02000000000001,10139.679999999998,1.002647837599294,1.031278748850046,117.84241005122416,109.92302053461904
2024-10-29,96,113,107.8,113.8,116.8,113.3,103.1,100.7,1,1,108.0,14.40486029088794,108.64000000000001,116.78,103.0,108.0,14.230249470757673,113.8,112.81999999999998,101.02000000000001,108.3,12.256970805763043,110.32000000000001,116.74000000000001,102.8,106.7,9.978309810116455,113.8,112.46,101.26,10382.17,0.9514563106796117,0.9743150684931506,113.82222498510923,118.68158095470709
2024-10-29,124,106,112.0,107.6,108.7,116.9,101.4,101.7,0,0,116.0,8.573214099741103,113.08,110.1,101.6,99.4,8.876936408468856,109.08,115.64000000000001,101.34,116.7,9.569047322835539,113.88999999999999,111.15,101.75,109.6,14.198591479439122,112.04,113.12,100.62,10312.380000000001,0.9580838323353293,0.9898804047838086,119.88046922896304,109.4805344129677
2024-10-30,138,133,104.0,107.6,113.0,111.8,100.7,102.3,0,0,106.2,7.758865896508301,105.24000000000001,114.75999999999999,100.14,103.2,11.840608092492552,108.47999999999999,113.51999999999998,102.06,108.1,11.60890462820104,106.17,116.08,99.72,103.2,11.143508324481049,109.14000000000001,114.80999999999999,101.88,10301.61,0.9302325581395349,0.9522123893805309,110.99687828362704,112.93424421010248
2024-10-30,134,110,119.1,113.4,109.8,112.2,102.0,99.7,0,0,121.2,13.442470011125195,116.58,110.04,100.88,114.4,11.104053313993036,113.47999999999999,112.52000000000001,101.02000000000001,118.1,11.376877134492325,114.69000000000001,110.22,100.04,116.7,14.150382798120184,113.53999999999999,112.75999999999999,102.00999999999999,10169.4,1.0614973262032086,1.0327868852459017,119.9199517359087,113.55226588912541
2024-10-30,135,132,114.1,117.5,111.9,108.3,101.9,98.2,0,0,122.0,20.40833163195855,115.62,113.14000000000001,102.9,120.8,11.713240371477028,118.04,108.42,98.48,119.8,16.01943264358081,116.75999999999999,114.07000000000001,103.65,115.7,12.806682283523337,119.12,108.66000000000001,99.03999999999999,10006.580000000002,1.0535549399815327,1.0500446827524574,113.30743913410845,116.83761630866957
2024-10-30,95,105,109.0,112.0,115.2,110.2,99.9,102.5,0,0,110.6,9.528903399657302,110.92,113.4,100.02000000000001,103.8,15.12283042290693,111.04,111.38,102.42,111.2,9.600925881277183,112.35999999999999,112.05,100.11000000000001,101.6,11.296016997154307,109.12,113.73999999999998,102.26,10239.75,0.9891107078039927,0.9722222222222222,113.40855803361619,114.43625928429852
2024-10-30,133,120,103.9,111.9,115.9,112.9,103.7,105.1,0,0,109.6,11.781341180018476,104.78,116.14000000000001,103.92,114.4,6.580273550544877,112.74000000000001,114.17999999999999,104.17999999999999,112.1,10.660935960578536,106.54,116.61999999999998,104.36000000000001,111.1,7.694875639743125,113.37,115.14000000000001,103.48999999999998,10898.869999999999,0.9202834366696191,0.9654874892148404,116.31186337819697,122.29888310988565
2024-10-30,107,116,110.8,115.0,110.3,110.9,98.5,99.7,0,0,105.2,9.49736805646701,110.97999999999999,110.22,98.46,112.8,9.959919678391044,114.64000000000001,110.34,99.26,107.5,10.814085465005592,111.34,110.06000000000002,98.38,113.1,11.019679366176465,114.37,109.92,98.92999999999999,9820.45,0.999098286744815,1.0426110607434271,111.65827988042098,112.02290240153552
2024-10-30,102,99,111.9,106.5,113.4,106.6,104.9,98.7,0,0,117.6,15.99374877881981,112.1,113.6,102.3,113.4,6.4265076052238355,107.32000000000001,107.0,98.84,114.0,12.89271973720915,112.25,113.75,100.35000000000001,111.7,6.783149055645855,108.96,107.8,99.12,10353.630000000001,1.0497185741088182,0.9391534391534391,113.183366162937,114.16089311793415
2024-10-30,106,119,114.4,105.7,109.9,112.8,106.2,99.0,0,1,116.0,9.137833441248551,112.36000000000001,110.14000000000001,105.16000000000001,110.2,10.256705123966391,106.64000000000001,112.9,99.05999999999999,110.2,12.218383235472905,108.28,110.62,103.08,107.3,11.898179132399433,108.52000000000001,113.1,99.17999999999999,10513.800000000001,1.0141843971631206,0.9617834394904459,119.85823706807221,111.77278217179051
2024-10-30,105,93,117.3,111.7,104.8,114.4,102.6,101.7,0,0,126.6,15.852444606432154,117.17999999999999,106.8,102.36,102.6,16.102794788483138,110.02000000000001,114.12,102.42,125.1,11.551334699217026,117.09,108.3,102.17999999999999,107.5,13.57489512953155,108.75999999999999,113.91000000000001,102.96,10434.42,1.0253496503496502,1.0658396946564885,123.0585489994477,110.0577971652513
2024-10-30,104,89,112.0,107.6,108.7,116.9,101.4,101.7,1,1,116.2,8.786353054595498,112.53999999999999,109.4,101.50000000000001,102.8,6.9426219830839075,107.6,116.9,101.7,117.9,9.666091936937718,113.61999999999998,110.8,101.7,108.9,14.184890239656863,111.3,113.75,100.8,10312.380000000001,0.9580838323353293,0.9898804047838086,119.92292383701549,109.28319111396992
2024-10-30,105,106,112.4,108.1,107.8,111.0,99.8,102.1,0,0,112.0,9.219544457292907,113.88,109.8,99.64000000000001,95.8,10.545141061171279,106.85999999999999,112.16,101.38,113.0,9.888264649460861,114.99000000000001,111.3,99.52000000000001,96.8,10.528268824666428,105.92999999999999,113.03,100.84,10189.58,1.0126126126126127,1.00278293135436,116.30962876091048,108.05098737969595
2024-10-31,122,99,114.4,113.6,109.9,111.2,106.2,101.3,1,0,116.6,8.111719916269317,114.4,109.9,106.2,113.6,11.610340218960042,113.6,111.2,101.3,110.0,12.274635093014503,109.3,110.5,103.6,109.8,12.245634142646574,114.79999999999998,112.35,101.60000000000001,10758.06,1.0287769784172662,1.0336669699727024,119.31545587065847,120.38379868981764
2024-10-31,102,108,112.1,111.4,113.3,107.0,101.6,102.1,0,0,126.0,14.089002803605373,112.72,113.24000000000001,101.72,110.8,4.868264577855198,111.42,107.67999999999999,102.0,119.6,18.18546428087869,113.96000000000001,113.12,101.96000000000001,114.9,9.085397319019373,111.46000000000001,109.04,101.8,10373.359999999999,1.047663551401869,0.9832303618711387,115.81611031969602,115.30973971926514
2024-10-31,88,106,107.8,111.7,116.8,114.4,103.1,101.7,0,1,106.6,15.32318504750237,107.8,116.8,103.1,103.4,15.339491516996246,110.85999999999999,114.26000000000002,102.06,106.8,12.795832654943846,109.9,116.75,102.85,104.2,12.550343067466864,109.17999999999999,113.98000000000002,102.78,10485.27,0.9423076923076923,0.9563356164383562,116.02585667451699,117.1305305251709
2024-10-31,119,125,112.4,113.7,107.8,116.7,99.8,99.2,1,0,112.0,9.219544457292907,113.14000000000001,108.8,99.72,107.6,15.175638372075154,113.94000000000001,115.74000000000001,99.5,113.3,9.557428756964084,114.61999999999998,110.8,99.56,112.2,13.21447018318263,114.42,113.82000000000001,100.1,9900.16,0.9631533847472151,1.0547309833024119,115.08590020605583,111.13925340754392
2024-11-01,109,124,104.0,117.5,113.0,108.3,100.7,98.2,0,0,113.0,15.937377450509214,104.62,113.88000000000002,100.42,124.8,11.366617790706227,117.5,108.3,98.2,110.1,14.79076288318719,105.85999999999999,115.64000000000001,99.86,117.1,13.811830677599024,118.85,108.6,98.9,9888.74,0.9602954755309326,1.0398230088495575,106.00543169274819,118.37809871598479
2024-11-01,120,109,119.1,106.5,109.8,106.6,102.0,98.7,0,0,126.0,12.708265027138843,117.84,109.92,101.44,111.0,9.192388155425107,106.5,106.6,98.7,121.1,11.199702376997994,115.32000000000001,110.16,100.32000000000001,109.9,7.563802688536334,108.55,107.6,99.05,10067.4,1.1172607879924954,0.9699453551912569,116.84027693799511,109.38039696875097
2024-11-01,98,128,112.0,115.0,110.2,110.9,102.5,99.7,0,0,111.8,8.526429498916885,111.04,111.38,102.42,111.6,8.876936408468923,114.81999999999998,110.62,99.47999999999999,107.8,7.31512891965069,109.12,113.73999999999998,102.25999999999999,114.8,9.852241707686058,114.46,110.05999999999999,99.03999999999999,10219.25,1.0099188458070334,1.043557168784029,114.6319730513025,115.76284331508023
2024-11-01,115,123,111.9,113.8,112.9,113.3,105.1,100.7,0,0,122.0,4.898979485566357,111.9,112.9,105.1,109.6,14.258330898110026,113.8,113.05999999999999,100.86,118.2,5.769652406245068,112.95,114.5,103.95,107.8,10.00888494177935,113.8,112.58,101.18,10583.57,0.9876434245366285,1.007971656333038,119.54963046386172,119.65907223793906
2024-11-01,120,112,105.7,111.9,112.8,113.4,99.0,104.9,0,0,118.8,14.237275020171513,106.64000000000001,112.9,99.05999999999999,124.6,8.142481194328907,111.9,113.4,104.9,110.9,16.210079169043752,108.52000000000001,113.1,99.17999999999999,121.7,10.317730155201183,112.15,113.65,101.65,10385.1,0.9320987654320988,0.9920212765957448,115.20646464630836,115.96611698320619
2024-11-01,125,131,107.6,113.4,111.8,112.2,102.3,99.7,0,0,112.6,12.259690045021506,107.6,111.8,102.3,111.8,10.05982107196742,113.44000000000001,112.35999999999999,100.36,115.0,11.075498483890764,108.7,113.95,102.0,114.1,12.502888555138968,113.52000000000001,112.67999999999999,101.67999999999999,10199.31,0.9590017825311942,1.0143112701252237,111.79229455535831,115.70691914573936
2024-11-01,125,118,107.6,114.1,116.9,111.9,101.7,101.9,0,0,109.8,8.043631020876049,110.55999999999999,114.38,100.97999999999999,111.2,7.694153624668535,114.1,111.9,101.9,107.9,7.866242926440511,112.78,112.49000000000001,100.44,115.4,12.465062285354916,116.0,113.45,103.15,10363.230000000001,0.9615728328865057,0.9760479041916167,114.06601487216639,118.77777874318863
2024-11-01,119,116,113.6,117.2,108.7,113.4,99.8,102.1,0,0,106.4,8.792041856133263,113.5,108.28,99.7,117.8,20.029977533686843,116.88,112.78000000000002,101.53999999999999,112.3,11.907513967612616,113.3,107.44000000000001,99.49999999999999,116.0,14.988884770611508,116.23999999999998,111.54,100.42,10189.58,1.001763668430335,1.078196872125115,117.68695724168124,114.66332529966557
2024-11-01,114,137,108.1,117.3,111.0,104.8,102.1,102.6,0,0,113.8,10.084641788382982,108.1,111.0,102.1,104.4,5.5045435778091365,117.24000000000001,105.8,102.47999999999999,109.1,10.049322807477498,106.55,112.45,101.2,107.3,7.180993431738361,117.12,107.8,102.24,10475.46,1.0314885496183206,1.0567567567567566,111.38758886117209,118.64941865068218
2024-11-02,103,113,104.0,117.5,113.0,108.3,100.7,98.2,1,1,111.0,15.620499351813294,104.0,113.0,100.7,128.0,6.78232998312522,117.5,108.3,98.2,110.6,14.645439183885545,105.55,115.2,100.0,117.3,13.904835290086798,118.58000000000001,108.54,98.76,9888.74,0.9602954755309326,1.0398230088495575,105.89954330697616,118.57369319591763
2024-11-02,107,124,109.0,114.4,115.2,109.9,99.9,106.2,0,0,108.2,11.88276062201038,109.96,114.3,99.96000000000001,116.8,6.418722614352529,112.35999999999999,110.14000000000001,105.16,110.9,10.09345222298981,111.88,112.5,100.08000000000001,109.4,10.905656024895386,108.28,110.62,103.08,10609.380000000001,0.991810737033667,0.9930555555555556,116.55035865923864,119.15809215293336
2024-11-02,131,128,107.6,113.8,111.8,113.3,102.3,100.7,1,1,118.6,8.14248119432888,107.6,111.8,102.3,111.4,15.469324484281756,113.8,113.3,100.7,115.5,11.433381924094993,108.47999999999999,113.52000000000001,102.06,109.2,11.113555286725791,113.8,112.7,101.1,10301.61,0.9496910856134156,1.0178890876565294,114.76874683789502,116.17600929518825
2024-11-02,121,127,111.4,112.0,107.0,108.7,102.1,101.4,0,0,116.8,9.731392500562249,111.42,107.67999999999999,102.0,126.0,12.389511693363904,112.54,109.4,101.50000000000001,113.3,8.233400809440056,111.46000000000001,109.04,101.8,122.0,13.840359661351268,113.62,110.8,101.7,10352.94,1.0248390064397424,1.0467289719626167,114.85084458294511,113.95747288182899
2024-11-02,113,114,113.6,119.1,111.2,109.8,101.3,102.0,0,1,123.0,17.01469952717353,114.55999999999999,112.12,101.53999999999999,119.8,15.417522498767422,119.1,109.8,102.0,115.7,14.322088612427265,115.28,112.81000000000002,101.72,115.5,14.159802258506144,115.95,110.1,100.6,10332.6,1.034608378870674,1.0710431654676258,119.15446910743516,118.26485294892484
2024-11-02,113,103,111.7,113.6,114.4,108.7,101.7,99.8,0,1,109.4,5.224940191045226,110.85999999999999,114.25999999999999,102.06,117.0,11.683321445547925,113.5,108.28,99.7,116.0,8.856886837057614,109.17999999999999,113.98000000000002,102.78,113.1,13.076271979768913,113.3,107.44000000000001,99.49999999999999,10149.66,1.0275988960441582,0.9930069930069929,114.08119799027901,115.23223814304951
2024-11-02,129,103,117.2,107.8,113.4,116.8,102.1,103.1,1,0,107.2,13.442470011125192,116.88,112.78000000000002,101.53999999999999,107.8,9.01110426085507,109.47999999999999,116.75999999999999,102.9,113.2,15.859101838096377,116.24000000000001,111.54,100.41999999999999,108.6,7.381658952355521,110.73999999999998,116.73000000000002,102.75,10526.509999999998,1.0034246575342467,0.9506172839506172,122.58237264801397,115.22889073090488
2024-11-02,103,97,113.7,108.1,116.7,111.0,99.2,102.1,0,1,112.0,9.192388155425144,113.94000000000001,115.74000000000001,99.5,100.6,7.797435475847205,107.47999999999999,111.58,101.74,110.4,12.21292575739152,114.42,113.82000000000001,100.1,99.2,9.46103118645688,106.23999999999998,112.74000000000001,101.02000000000001,10128.32,1.0243243243243243,0.9263067694944301,117.6581369241638,110.55933514855387
2024-11-02,92,105,112.4,117.3,107.8,104.8,99.8,102.6,0,1,113.6,9.68504001024262,112.4,107.8,99.8,111.6,15.10959959760681,117.3,104.8,102.6,112.1,7.651434142985472,114.25,110.3,99.6,109.7,11.813833698959387,117.14999999999998,107.3,102.3,10239.48,1.0725190839694658,1.088126159554731,113.97896414080193,114.2721592285886
2024-11-03,92,106,105.7,112.0,112.8,110.2,99.0,102.5,0,0,118.0,13.982131454109552,105.7,112.8,99.0,106.6,13.35290230624037,112.0,110.2,102.5,112.5,16.242947187420537,108.05,113.05,99.15,103.1,10.556198810809347,109.6,113.15,102.3,10147.5,0.9591651542649727,0.9929078014184397,111.11348896085707,113.2747332291522
2024-11-03,111,126,107.6,111.9,116.9,112.9,101.7,105.1,0,0,113.0,10.46422476822815,109.08,115.64000000000001,101.34,115.4,7.056911505750974,112.32000000000001,113.54,104.63999999999999,109.2,9.519570485175283,112.04,113.12,100.62,111.6,8.12677331075781,113.16000000000001,114.81999999999998,103.72,10688.67,0.9530558015943311,0.9572284003421728,118.0071758812209,120.06769410338663
2024-11-03,108,85,112.1,106.5,113.3,106.6,101.6,98.7,0,0,117.0,11.4455231422596,112.1,113.3,101.6,108.2,6.300793600809329,106.5,106.6,98.7,118.5,18.94582920973499,113.65,113.15,101.9,109.3,7.3492252048164595,108.14000000000001,107.4,98.97999999999999,10027.92,1.051594746716698,0.9399823477493381,111.58828635511236,110.00137972231951
2024-11-04,116,114,119.1,113.6,109.8,111.2,102.0,101.3,0,0,125.8,12.814054783713084,119.1,109.8,102.0,112.2,13.084341787036944,113.6,111.2,101.3,121.6,11.007068436034947,115.94999999999997,110.1,100.6,109.7,12.338287293353533,114.55999999999999,112.12,101.53999999999999,10332.6,1.0710431654676258,1.034608378870674,122.1310256468035,115.45525910120799
2024-11-04,112,125,103.9,112.0,115.9,108.7,103.7,101.4,0,0,111.0,14.352700094407291,103.9,115.9,103.7,124.2,11.166915420114943,112.0,108.7,101.4,114.7,12.320263344948847,106.1,116.5,104.25,123.0,13.800161029656453,113.35,110.45,101.65,10515.18,0.9558417663293468,0.9663503019844694,110.07419178430652,120.0323914387368
2024-11-04,115,103,112.0,113.4,110.2,112.2,102.5,99.7,1,0,111.0,9.772410142846034,112.0,110.2,102.5,113.2,12.397580409095951,113.4,112.2,99.7,107.3,7.832269431297884,109.6,113.15,102.29999999999998,118.2,10.239357618739877,113.5,112.6,101.35,10219.25,0.9982174688057041,1.029038112522686,113.51819753552667,115.93366082234982
2024-11-04,93,123,111.9,117.5,112.9,108.3,105.1,98.2,1,0,119.2,3.768288736283315,111.9,112.9,105.1,123.0,6.78232998312522,117.5,108.3,98.2,118.4,5.601587076693389,112.74000000000001,114.18000000000002,104.17999999999999,118.2,13.222875800840107,118.31000000000002,108.47999999999999,98.62,10320.82,1.033240997229917,1.0407440212577501,112.71866819512013,121.32544211844183
2024-11-04,106,104,105.7,114.4,112.8,109.9,99.0,106.2,1,0,113.2,18.29480800664494,105.7,112.8,99.0,118.4,7.127411872482223,114.4,109.9,106.2,110.2,17.43432119572067,107.58,113.0,99.11999999999999,111.5,11.539786248742699,109.3,110.5,103.6,10513.800000000001,0.9617834394904459,1.0141843971631206,112.29105912454547,118.09412461582865
2024-11-04,110,111,110.8,113.8,110.3,113.3,98.5,100.7,0,0,106.8,8.843076387773657,110.8,110.3,98.5,119.4,9.555103348472949,113.8,113.3,100.7,107.3,10.801748829600628,111.25,110.1,98.4,111.1,12.60026454748734,113.8,112.81999999999998,101.02000000000001,9918.95,0.9779346866725508,1.0317316409791477,113.42081386051844,112.65106577185078
2024-11-04,126,135,111.9,107.8,113.4,116.8,104.9,103.1,0,0,114.6,17.47283606058273,112.0,113.5,103.6,105.2,7.854934754662219,108.64000000000001,116.78,103.0,112.9,13.444949485463559,112.2,113.7,101.00000000000001,107.0,6.565905201197515,110.32000000000001,116.74000000000001,102.8,10815.19,0.9580479452054795,0.9506172839506172,122.79777522916375,118.26855711424918
2024-11-04,109,97,111.4,115.0,107.0,110.9,102.1,99.7,0,0,119.0,9.02773504263385,111.4,107.0,102.1,112.6,10.597169433391217,115.0,110.9,99.7,114.4,8.474799243770994,111.45,108.7,101.85,117.6,9.131143289740876,114.55,110.2,99.15,10179.369999999999,1.0045085662759243,1.074766355140187,115.0640284321788,112.91150248951564
2024-11-04,114,93,113.6,104.0,108.7,113.0,99.8,100.7,0,0,109.8,9.884331034521216,113.6,108.7,99.8,106.8,12.397580409095996,104.62,113.88,100.42,112.9,12.096372275282485,113.35,107.65,99.55,105.0,12.337837015547706,105.85999999999999,115.64000000000001,99.85999999999999,10049.86,1.0053097345132742,0.9567617295308187,116.27839536854654,105.65189226208358
2024-11-04,102,86,117.3,106.5,104.8,106.6,102.6,98.7,0,1,120.6,17.472836060582722,117.24000000000001,105.8,102.47999999999999,104.0,12.288205727444499,106.5,106.6,98.7,123.0,13.165611772087711,117.12,107.8,102.24,107.2,10.65415933385219,107.72999999999999,107.2,98.91,10126.619999999999,1.100375234521576,1.0162213740458015,116.60642903314105,105.02183455656846
2024-11-04,100,118,107.6,108.1,116.9,111.0,101.7,102.1,1,0,113.6,10.188228501559998,107.6,116.9,101.7,98.8,7.25947656515265,108.1,111.0,102.1,109.6,9.500877152487815,111.3,113.75,100.8,98.6,9.383200117467549,106.55,112.45,101.19999999999999,10383.57,0.9693693693693693,0.924721984602224,112.94389151651075,114.32466890604219
2024-11-04,127,134,112.1,114.1,113.3,111.9,101.6,101.9,1,0,112.2,8.1363382427232,112.1,113.3,101.6,111.4,7.8930349042684425,114.1,111.9,101.9,118.5,18.94582920973499,113.33999999999999,113.17999999999999,101.84,117.3,11.055918475338611,115.62,113.14000000000001,102.9,10353.04,1.001787310098302,1.0070609002647837,115.68014371451375,117.39772865167895
2024-11-04,121,119,117.2,107.6,113.4,111.8,102.1,102.3,0,0,111.8,16.513630733427465,117.2,113.4,102.1,109.2,17.810109488714552,108.03999999999999,112.66,102.18,116.3,15.585249436566647,116.4,111.85,100.7,105.6,14.584618990947662,108.91999999999999,114.38,101.94,10444.83,1.0483005366726297,0.9488536155202821,120.64951323320234,114.15127155455716
2024-11-04,118,116,113.7,109.0,116.7,115.2,99.2,99.9,0,0,111.4,9.76217188949265,113.7,116.7,99.2,110.4,16.501515081955368,109.96,114.3,99.96000000000001,107.9,10.67135313715085,114.3,114.30000000000003,99.95,115.9,14.715449175762293,111.88,112.5,100.08000000000001,9910.080000000002,0.9869791666666666,0.9340188517566409,116.52837226174671,111.52589231812551
2024-11-04,113,104,112.4,111.7,107.8,114.4,99.8,101.7,0,0,111.2,13.423859355639882,112.4,107.8,99.8,105.8,14.411800720243107,111.7,114.4,101.7,109.3,9.369572502995421,113.88000000000002,109.8,99.64,103.0,11.623730516108584,109.6,114.05,102.6,10149.66,0.9825174825174825,1.0361781076066792,116.64680597790252,110.96963993606674
2024-11-06,108,107,104.0,112.0,113.0,110.2,100.7,102.5,0,0,112.0,14.713938969562147,104.0,113.0,100.7,108.0,12.708265027138811,112.0,110.2,102.5,112.3,12.266032592307791,105.24000000000001,114.75999999999999,100.14000000000001,103.4,10.595596569644679,110.08,112.56000000000002,102.34,10321.75,0.9437386569872958,0.9911504424778761,110.34628403203122,116.10486577407025
2024-11-06,118,111,114.1,106.5,111.9,106.6,101.9,98.7,0,0,117.6,11.326958991715292,114.85999999999999,112.52000000000001,102.4,98.0,12.288205727444499,106.5,106.6,98.7,123.0,15.477582354991915,116.38,113.75999999999999,103.4,105.9,12.413702106946127,107.32000000000001,107.0,98.84,10057.53,1.0703564727954973,0.9517426273458445,112.9618101610849,108.47319115453433
2024-11-06,121,116,111.9,115.0,112.9,110.9,105.1,99.7,0,0,114.4,12.481987021303905,111.9,112.9,105.1,109.8,12.755391017134722,115.0,110.9,99.7,115.6,9.674709297958293,112.53,113.85999999999999,104.41,115.1,11.019679366176465,114.64000000000001,110.34,99.25999999999999,10478.47,1.0090171325518484,1.0186005314437554,116.12494954876865,118.77911323918369
2024-11-06,112,118,117.5,112.0,108.3,108.7,98.2,101.4,0,0,124.0,7.905694150420913,118.04,108.42,98.48,126.8,8.899438184514846,112.0,108.7,101.4,121.7,10.87351522431148,119.12,108.66000000000001,99.03999999999999,124.9,12.44052517648156,113.08,110.1,101.60000000000001,9957.480000000001,1.0809567617295308,1.0341643582640814,117.64873790662806,110.82512984440443
2024-11-06,127,100,111.4,111.7,107.0,114.4,102.1,101.7,0,0,115.8,9.203260291874788,111.4,107.0,102.1,101.0,7.516648189186435,111.7,114.4,101.7,114.6,8.302610031389678,111.44000000000001,108.36000000000001,101.89999999999999,102.9,11.608904628201124,110.02000000000001,114.12,102.42,10383.57,0.9737762237762237,1.04392523364486,117.97935415675812,111.4566979963316
2024-11-06,131,114,114.4,113.4,109.9,112.2,106.2,99.7,0,0,119.0,7.416198487095684,114.4,109.9,106.2,109.8,12.397580409095951,113.4,112.2,99.7,112.6,11.720826667849591,110.32000000000001,110.38,104.12,116.9,11.318127053536827,113.47999999999999,112.52000000000001,101.02,10588.140000000001,1.0196078431372548,1.0318471337579618,119.31594615470377,117.40863255079493
2024-11-06,122,131,107.6,119.1,116.9,109.8,101.7,102.0,0,0,113.4,10.502380682492875,107.6,116.9,101.7,119.2,15.610893632332509,119.1,109.8,102.0,110.4,8.08565258824397,110.55999999999999,114.38000000000002,100.98,114.0,13.341664064126201,116.58,110.04,100.88,10373.4,0.9799635701275046,1.0188195038494439,113.43092732842759,122.38019741960962
2024-11-06,119,99,112.1,111.9,113.3,113.4,101.6,104.9,0,0,113.4,9.989994994993744,112.1,113.3,101.6,121.8,9.782637681116473,111.9,113.4,104.9,120.3,18.79745845704808,113.03,113.21000000000001,101.78,123.1,7.233410137840506,112.1,113.6,102.3,10657.84,0.9885361552028218,0.9876434245366285,121.02415885318763,118.34287084520115
2024-11-06,124,122,117.2,117.3,113.4,104.8,102.1,102.6,0,0,112.0,16.643316977093242,117.2,113.4,102.1,111.8,14.989996664442586,117.3,104.8,102.6,115.4,14.953260514015026,116.56000000000002,112.16,100.97999999999999,109.7,11.813833698959387,117.18000000000002,106.8,102.35999999999999,10475.46,1.118320610687023,1.0343915343915344,116.5374339330392,119.98324083414279
2024-11-06,115,112,113.7,110.8,116.7,110.3,99.2,98.5,0,0,109.6,6.426507605223894,113.7,116.7,99.2,117.6,4.92950301754647,111.16,110.14000000000001,98.42,107.5,10.14615417014969,114.17999999999999,114.78000000000002,99.8,113.9,9.374314789773953,111.42999999999999,110.02000000000001,98.36,9771.2,1.0308250226654578,0.9494430162810625,112.9797400364798,112.90411754242217
2024-11-06,110,98,112.4,109.0,107.8,115.2,99.8,99.9,0,0,108.4,10.430723848324257,112.4,107.8,99.8,107.4,12.759310326189286,109.0,115.2,99.9,109.8,9.425733098515124,113.50999999999999,109.3,99.68,116.1,14.70034013211935,111.4,112.95,100.05,9970.02,0.9756944444444444,1.0111317254174397,115.70197420292882,108.14960005888473
2024-11-06,122,107,113.8,107.6,113.3,111.8,100.7,102.3,0,0,117.8,5.6302753041036855,113.8,113.05999999999999,100.86,109.8,18.143869488066763,107.6,111.8,102.3,117.6,7.011102306738703,113.8,112.58,101.17999999999999,109.0,13.140268896284654,108.7,113.95,102.0,10301.61,1.0178890876565294,0.9496910856134156,118.4186338932334,112.28175039568941
2024-11-07,119,135,111.9,113.6,113.4,108.7,104.9,99.8,1,0,117.6,17.980545041794482,111.9,113.4,104.9,112.2,11.47606204235582,113.6,108.7,99.8,115.0,13.711309200802093,112.15,113.65,101.65,112.0,13.449494001221368,113.35,107.65,99.55,10469.02,1.029438822447102,1.001763668430335,114.20884913622237,120.34447623864015
2024-11-07,123,100,113.6,107.8,111.2,116.8,101.3,103.1,0,0,116.4,11.304866208850004,114.08,111.66,101.42,112.8,13.953494186045317,107.8,116.8,103.1,116.9,13.428411008835646,115.03999999999999,112.58,101.66,109.9,10.989388821343441,109.9,116.75,102.85,10444.029999999999,0.9726027397260274,0.9694244604316546,121.60458594487052,113.16776305150117
2024-11-07,118,105,111.7,108.1,114.4,111.0,101.7,102.1,1,0,109.6,5.36656314599947,111.7,114.4,101.7,104.8,8.408329203831196,108.1,111.0,102.1,114.3,7.379400758568108,109.6,114.05,102.6,101.5,10.501322668015508,106.85999999999999,112.16000000000001,101.38,10383.57,1.0063063063063062,0.9449300699300698,114.90195922337637,113.69618448827413
2024-11-08,103,83,104.0,114.1,113.0,111.9,100.7,101.9,0,0,112.8,14.272350892547434,104.0,113.0,100.7,116.0,12.78671185254442,114.1,111.9,101.9,110.7,11.595497210363888,104.92999999999999,114.32000000000001,100.28,119.6,11.955472944778647,115.23999999999998,112.83,102.65,10261.330000000002,0.9294012511170687,1.0097345132743363,110.57929978265209,117.397664420263
2024-11-08,122,121,112.0,111.9,110.2,112.9,102.5,105.1,0,0,109.4,7.765307463326874,112.0,110.2,102.5,117.8,8.378544026261393,111.9,112.9,105.1,108.6,7.933053216343126,110.08,112.55999999999999,102.34,112.9,9.326783415995562,112.95,114.5,103.95,10772.75,0.9920283436669619,1.015426497277677,120.56064707499873,118.55587566322954
2024-11-08,115,88,106.5,107.6,106.6,116.9,98.7,101.7,0,0,114.0,9.565563234854507,107.32000000000001,107.0,98.84,102.4,7.797435475847169,107.6,116.9,101.7,111.5,8.885068623507953,108.96,107.8,99.12,106.8,15.497670075781704,110.55999999999999,114.38000000000002,100.98,10037.79,0.9110350727117194,1.0093808630393997,113.93530713133009,105.76650926650494
2024-11-08,108,104,117.5,105.7,108.3,112.8,98.2,99.0,0,0,119.8,7.496665925596487,117.5,108.3,98.2,111.2,10.940749517286212,105.7,112.8,99.0,122.8,8.929352346801714,118.85,108.6,98.9,109.6,11.692352676476645,108.05,113.05,99.15,9721.800000000001,1.0416666666666667,0.9759926131117267,117.94876153884276,104.63914085477093
2024-11-08,136,117,119.1,112.0,109.8,108.7,102.0,101.4,0,0,120.2,8.136338242723207,119.1,109.8,102.0,127.4,7.956129712366494,112.0,108.7,101.4,121.5,11.057928276932303,116.58,110.03999999999999,100.88,123.4,12.258330500792962,112.81000000000002,109.75,101.55,10342.800000000001,1.0956761729530817,1.0200364298724955,120.38134226129775,115.920678850668
2024-11-08,116,94,115.0,113.6,110.9,111.2,99.7,101.3,0,1,118.4,8.203657720797448,114.81999999999998,110.62,99.47999999999999,109.4,9.989994994993799,113.6,111.2,101.3,116.4,7.734482673212392,114.46,110.05999999999999,99.03999999999999,108.9,11.694728157022816,114.31999999999998,111.89000000000001,101.47999999999999,10099.61,1.0341726618705036,1.024346257889991,118.936980915447,112.15843773033802
2024-11-08,113,114,112.1,113.7,113.3,116.7,101.6,99.2,0,0,113.2,9.833615815151619,112.1,113.3,101.6,112.0,16.628289148315886,113.7,116.7,99.2,117.5,16.297579915776257,112.72,113.24000000000001,101.72,114.4,13.343329586143188,114.3,114.30000000000003,99.95000000000002,10078.72,0.9605826906598114,1.0035304501323918,116.90548388874461,114.97433067522812
2024-11-08,128,104,114.4,103.9,109.9,115.9,106.2,103.7,0,0,121.2,9.203260291874848,114.4,109.9,106.2,108.8,15.849290204927147,105.66000000000001,116.38,104.14000000000001,117.0,8.98146239020478,111.34,110.25999999999999,104.64000000000001,111.1,12.905209972892537,106.97999999999999,116.74000000000001,104.47,11012.94,0.9870578084555651,0.9454049135577798,125.90208161245974,115.42632989515735
2024-11-08,126,107,117.3,111.4,104.8,107.0,102.6,102.1,0,0,113.4,15.852444606432154,117.3,104.8,102.6,109.6,4.615192303685692,111.4,107.0,102.1,120.4,14.561745927066736,117.15,107.3,102.3,115.1,8.887569346502389,111.45,108.7,101.85,10475.46,1.0962616822429907,1.0629770992366414,118.05658156396623,111.64505038830912
2024-11-08,127,102,113.6,108.1,108.7,111.0,99.8,102.1,1,1,110.4,10.064790112068867,113.6,108.7,99.8,104.8,8.408329203831196,108.1,111.0,102.1,111.0,9.877021593352746,113.4,107.86000000000001,99.6,101.2,10.336558636434228,107.16999999999999,111.87,101.56,10189.58,1.0234234234234234,0.9944802207911683,116.47672077781422,108.01166726325228
2024-11-08,135,122,117.2,110.8,113.4,110.3,102.1,98.5,0,0,113.0,17.306068299876785,117.2,113.4,102.1,116.6,5.549774770204619,110.97999999999999,110.22,98.46000000000001,116.8,15.046594299043258,116.71999999999998,112.47,101.25999999999999,116.0,5.011098792790623,111.34,110.06000000000002,98.38,10056.849999999999,1.0625566636446058,0.9770723104056437,116.40178608051309,113.82110303497065
2024-11-08,116,106,113.4,109.0,112.2,115.2,99.7,99.9,0,0,116.2,15.023315213360869,113.4,112.2,99.7,109.8,7.9498427657407476,109.0,115.2,99.9,117.3,11.981930840505814,113.5,112.6,101.35,112.4,14.057026712644397,110.92,113.4,100.02000000000001,9960.03,0.984375,0.9714795008912656,116.70519265777226,109.7864814110381
2024-11-08,98,107,113.8,112.4,113.3,107.8,100.7,99.8,0,0,118.8,5.890670590009243,113.8,113.3,100.7,106.8,9.523654760647283,113.14000000000001,108.8,99.72,117.1,6.419588079550932,113.8,112.7,101.1,107.2,11.003029885748052,114.61999999999998,110.8,99.56,10049.86,1.0556586270871986,0.9920564872021184,114.19539685634976,113.17264874373443
2024-11-09,110,111,111.7,107.8,114.4,116.8,101.7,103.1,0,0,110.2,6.220932405998292,111.7,114.4,101.7,109.2,14.584238067173768,107.8,116.8,103.1,114.8,7.450577904505873,110.02000000000001,114.12,102.42,109.7,11.165920373071774,109.47999999999999,116.75999999999999,102.9,10485.27,0.9563356164383562,0.9423076923076923,119.74820913168264,114.2478495592581
2024-11-09,113,125,111.9,111.9,112.9,113.4,105.1,104.9,1,0,114.6,12.601587201618656,111.9,112.9,105.1,116.2,13.405222862750172,111.9,113.4,104.9,116.6,9.663217775553774,112.32000000000001,113.54,104.63999999999999,120.3,10.317730155201213,112.05,113.55,102.95,11024.99,0.9867724867724867,0.9911426040744021,122.13042915240337,122.21878640368305
2024-11-09,105,100,119.1,105.7,109.8,112.8,102.0,99.0,1,1,123.8,10.545141061171263,119.1,109.8,102.0,107.6,9.34344690143837,105.7,112.8,99.0,124.1,11.110055505411967,117.21,109.97999999999999,101.16,107.8,10.932113753117918,107.58,113.0,99.11999999999999,10098.0,1.055851063829787,0.9626593806921676,121.09061625495487,108.20987073660288
2024-11-09,105,103,112.4,107.6,107.8,111.8,99.8,102.3,1,0,107.8,10.183319694480794,112.4,107.8,99.8,114.2,12.377398757412646,107.6,111.8,102.3,109.9,9.421606374003627,113.14000000000001,108.8,99.72,108.0,12.84090685617213,108.47999999999999,113.52000000000001,102.06,10209.539999999999,1.005366726296959,0.9981447124304267,114.52245539380345,109.96683846429792
2024-11-10,99,101,112.0,111.4,110.2,107.0,102.5,102.1,0,0,112.4,9.343446901438464,112.0,110.2,102.5,107.6,2.0736441353326835,111.4,107.0,102.1,110.7,8.459708426811478,110.56000000000002,111.97,102.38,112.2,5.329165037789654,111.44000000000001,108.36000000000001,101.89999999999999,10465.25,1.0467289719626167,1.0108892921960073,114.67134509298374,114.72672040092947
2024-11-10,107,113,113.6,117.5,111.2,108.3,101.3,98.2,0,0,117.2,11.670475568716073,113.6,111.2,101.3,123.2,6.76017751246218,117.5,108.3,98.2,118.1,13.37867291209725,114.79999999999998,112.35,101.6,118.7,13.308727295358505,118.04,108.42,98.47999999999999,9947.66,1.048938134810711,1.0566546762589928,112.94206767524142,116.4584389098548
2024-11-10,132,121,114.1,115.0,111.9,110.9,101.9,99.7,0,0,116.8,11.077003204838388,114.1,111.9,101.9,113.2,11.344602240713472,115.0,110.9,99.7,123.9,14.820781205980925,116.0,113.45,103.15,113.9,10.071411685227416,114.72999999999999,110.47999999999999,99.37,10159.43,1.0288548241659152,1.0277033065236818,116.40592463576398,115.41228960183744
2024-11-10,121,94,106.5,103.9,106.6,115.9,98.7,103.7,0,0,112.4,8.264381404557767,106.5,106.6,98.7,105.2,14.042791745233552,104.78,116.14000000000001,103.92,113.3,7.303728119559599,108.55,107.6,99.05000000000001,109.6,12.75582655538684,106.54,116.61999999999998,104.36000000000001,10235.19,0.9188955996548749,0.9746716697936211,114.31108540649056,105.2387236325089
2024-11-10,107,105,109.0,104.0,115.2,113.0,99.9,100.7,0,0,104.6,7.402702209328734,109.0,115.2,99.9,105.4,13.685759021698463,104.0,113.0,100.7,110.9,10.09345222298981,111.4,112.95,100.05,105.2,12.099586769803212,105.55,115.2,100.0,10059.93,0.9646017699115044,0.9027777777777778,112.72715660816661,108.5745820615423
2024-11-10,94,95,113.6,110.8,108.7,110.3,99.8,98.5,0,0,117.2,6.058052492344318,113.6,108.7,99.8,118.6,5.272570530585603,110.8,110.3,98.5,110.7,9.262229153335054,113.45,108.07000000000001,99.65,117.5,4.196559437337615,111.25,110.1,98.4,9830.3,1.029918404351768,1.0193192272309106,114.05437415056912,109.15366711217601
2024-11-10,116,127,117.3,112.0,104.8,108.7,102.6,101.4,0,0,118.8,14.237275020171518,117.3,104.8,102.6,122.8,4.919349550499635,112.0,108.7,101.4,121.8,14.33565872609668,117.17999999999999,106.8,102.35999999999999,121.7,11.79500836041357,112.54,109.4,101.5,10403.64,1.079116835326587,1.0687022900763359,119.13377207337564,112.63855337946633
2024-11-10,122,120,117.2,112.1,113.4,113.3,102.1,101.6,0,0,122.6,11.67475909815702,117.2,113.4,102.1,117.4,9.126883367283646,112.72,113.24000000000001,101.72,116.1,13.860014430006954,116.88,112.78000000000002,101.53999999999999,114.6,13.35997338653372,113.96,113.12,101.96000000000001,10373.359999999999,1.034421888790821,0.9885361552028218,122.10075460448898,116.92115251791972
2024-11-10,118,127,113.7,113.8,116.7,113.3,99.2,100.7,0,0,111.8,5.890670590009305,113.7,116.7,99.2,120.4,7.924645102463514,113.8,113.3,100.7,109.3,9.66149286831212,114.06000000000002,115.25999999999999,99.65,112.2,11.98888374008744,113.8,112.94000000000001,100.94000000000001,9989.44,1.0035304501323918,0.9751499571550984,116.40003258795285,116.5185681747211
2024-11-10,89,134,108.1,114.4,111.0,109.9,102.1,106.2,0,0,112.2,9.03880523078135,108.1,111.0,102.1,115.6,9.633275663033864,114.4,109.9,106.2,109.4,10.15655234592694,106.85999999999999,112.16000000000001,101.38,113.1,8.672433978481248,110.32000000000001,110.38,104.12,10843.02,0.9836214740673338,1.0306306306306308,117.7982876062817,120.19972145553
2024-11-10,123,103,113.4,107.6,112.2,111.8,99.7,102.3,0,1,114.6,14.397916515940775,113.4,112.2,99.7,112.6,13.371611720357427,107.6,111.8,102.3,117.3,11.981930840505814,113.47999999999999,112.52000000000001,101.02000000000001,108.1,12.792793110011397,108.25999999999999,113.08999999999999,102.12,10199.31,1.0143112701252237,0.9590017825311942,118.03217153749821,109.94276095371264
2024-11-11,113,119,111.9,119.1,113.4,109.8,104.9,102.0,0,0,114.2,14.989996664442593,111.9,113.4,104.9,125.2,12.275992831539112,119.1,109.8,102.0,114.4,13.351654079801005,112.1,113.6,102.3,117.0,13.466006584482583,117.21,109.97999999999999,101.16,10699.800000000001,1.0191256830601094,1.0502645502645502,118.11349562851012,125.71587086300309
2024-11-11,107,92,111.4,103.9,107.0,115.9,102.1,103.7,1,1,118.0,10.488088481701476,111.4,107.0,102.1,104.6,14.536161804272803,103.9,115.9,103.7,116.3,8.969702088450571,111.43000000000002,108.02000000000001,101.94999999999999,109.2,13.21447018318265,106.1,116.5,104.25,10587.77,0.9611734253666955,0.9710280373831777,120.82414675174122,108.43671660348618
2024-11-11,105,107,107.6,105.7,116.9,112.8,101.7,99.0,0,0,116.2,10.568822072492257,107.6,116.9,101.7,108.0,8.860022573334579,105.7,112.8,99.0,111.5,8.885068623507845,109.82000000000001,115.00999999999999,101.16,106.7,11.126045518911349,107.11000000000001,112.95,99.09,10068.300000000001,0.9539007092198581,0.9041916167664671,112.21094773812317,111.6627940224972
2024-11-11,134,128,117.3,112.4,104.8,107.8,102.6,99.8,1,0,115.4,11.823705003085957,117.3,104.8,102.6,104.8,7.726577508832719,112.4,107.8,99.8,120.7,14.314328485821482,117.21000000000001,106.3,102.41999999999999,107.1,10.99949493789997,114.25,110.3,99.6,10239.48,1.088126159554731,1.0725190839694658,115.5804500386006,110.16983078311165
2024-11-11,116,96,111.7,113.8,114.4,113.3,101.7,100.7,0,1,110.2,6.220932405998292,111.7,114.4,101.7,120.4,7.924645102463514,113.8,113.3,100.7,113.2,6.425643072011466,110.44000000000001,114.19000000000001,102.24,114.2,12.673682267684557,113.8,113.05999999999999,100.86,10241.19,0.9858781994704325,0.9947552447552447,117.33643904716168,116.48314021987245
2024-11-13,94,90,106.5,114.1,106.6,111.9,98.7,101.9,1,0,113.8,9.148770409186156,106.5,106.6,98.7,109.6,19.603571103245446,114.1,111.9,101.9,113.6,7.574812062208471,108.14000000000001,107.4,98.97999999999999,113.9,14.47181168110381,114.85999999999999,112.52000000000001,102.4,10057.53,0.9517426273458445,1.0703564727954973,110.30416213818387,110.60665728323812
2024-11-13,114,139,105.7,117.5,112.8,108.3,99.0,98.2,0,1,114.4,17.38677658451962,105.7,112.8,99.0,121.0,8.093207028119282,117.5,108.3,98.2,109.5,17.449928366615136,107.11000000000001,112.95,99.09,120.9,9.492101980067293,117.77000000000001,108.35999999999999,98.34,9721.800000000001,0.9759926131117267,1.0416666666666667,107.83088086350234,114.49102101056269
2024-11-13,123,124,115.0,111.9,110.9,113.4,99.7,104.9,1,0,117.6,8.203657720797448,115.0,110.9,99.7,119.0,13.509256086106292,111.9,113.4,104.9,117.5,6.63743591724667,114.55,110.2,99.15,119.9,10.016098153583325,112.0,113.5,103.6,10458.53,1.0141093474426808,1.0090171325518484,120.55683591925764,115.5155120016063
2024-11-13,106,114,109.0,119.1,115.2,109.8,99.9,102.0,1,0,106.2,6.723094525588683,109.0,115.2,99.9,121.8,10.802777420645103,119.1,109.8,102.0,110.7,10.154911236550637,110.92,113.4,100.02000000000001,119.2,11.487190934059964,117.84,109.92,101.44,10189.800000000001,0.9927140255009108,1.0338541666666665,111.2991645435118,120.44570585308293
2024-11-13,106,88,117.3,107.6,104.8,116.9,102.6,101.7,0,0,116.6,13.594116374373142,117.3,104.8,102.6,98.2,8.927485648266257,107.6,116.9,101.7,121.6,14.88623525274274,117.24000000000001,105.8,102.47999999999999,102.1,12.905209972892633,109.82000000000001,115.00999999999999,101.16,10434.42,1.003421727972626,1.0267175572519083,123.8634715713791,107.566323389912
2024-11-13,111,103,111.4,112.4,107.0,107.8,102.1,99.8,0,0,118.4,9.889388252060852,111.4,107.0,102.1,109.6,12.856904759700123,112.4,107.8,99.8,116.6,8.553102101317071,111.42,107.67999999999999,102.0,109.9,12.458375139283175,113.88000000000002,109.8,99.64,10189.58,1.0333951762523192,1.0504672897196263,113.11779310351639,110.9476446784658
2024-11-13,127,120,113.6,112.0,111.2,110.2,101.3,102.5,1,1,118.8,8.729261137118014,113.6,111.2,101.3,103.4,3.7815340802377277,112.0,110.2,102.5,117.9,13.543756249037015,114.55999999999999,112.12,101.54,103.9,10.640071010623501,110.55999999999999,111.97,102.38,10383.25,1.0308529945553537,1.0071942446043165,118.25321185688782,113.68649479150952
2024-11-13,139,130,111.7,103.9,114.4,115.9,101.7,103.7,0,0,111.6,6.655824516917473,111.7,114.4,101.7,99.6,13.464768843169924,103.9,115.9,103.7,112.7,5.926400443964472,110.85999999999999,114.25999999999999,102.06,107.7,14.298795598075982,105.66,116.38000000000002,104.14000000000001,10546.29,0.9637618636755824,0.9082167832167832,119.9395999214138,111.69746751986857
2024-11-13,128,123,113.4,114.4,112.2,109.9,99.7,106.2,0,0,120.6,7.956129712366446,113.4,112.2,99.7,119.2,12.696456198483123,114.4,109.9,106.2,117.9,12.114729327007856,113.46000000000001,112.44000000000001,100.69,115.5,10.783217413081474,111.34,110.26000000000002,104.64000000000001,10588.140000000001,1.0318471337579618,1.0196078431372548,120.08448290825872,117.54368215848639
2024-11-13,106,98,108.1,113.6,111.0,108.7,102.1,99.8,1,1,107.0,13.435028842544414,108.1,111.0,102.1,117.6,14.859340496805372,113.6,108.7,99.8,108.3,11.757267256183818,107.17,111.87,101.55999999999999,114.4,15.269432063949083,113.4,107.86000000000001,99.6,10189.58,0.9944802207911683,1.0234234234234234,110.37668744635637,115.1049615076116
2024-11-13,127,104,113.8,113.7,113.3,116.7,100.7,99.2,0,1,113.2,9.523654760647293,113.8,113.3,100.7,110.8,16.115210206509868,113.7,116.7,99.2,116.0,8.550503558920528,113.8,112.82000000000001,101.02000000000001,113.4,12.911665698549944,114.18000000000002,114.78000000000002,99.8,9989.44,0.9751499571550984,1.0035304501323918,118.92352869366901,112.9747095467642
2024-11-14,115,113,107.8,112.1,116.8,113.3,103.1,101.6,0,0,101.8,16.887865466067645,107.8,116.8,103.1,116.4,8.324662155306898,112.1,113.3,101.6,105.6,14.009520572334386,109.47999999999999,116.75999999999999,102.9,115.9,13.169408997116523,113.65,113.15,101.9,10474.96,0.9514563106796117,0.9597602739726027,113.6647115265779,119.72079882421566
2024-11-16,115,114,104.0,113.6,113.0,111.2,100.7,101.3,0,0,112.2,14.686728703152365,104.0,113.0,100.7,103.4,7.797435475847249,113.6,111.2,101.3,109.2,11.516172203567603,104.62,113.88,100.42,107.0,12.472191289246267,114.08,111.66,101.42,10200.91,0.935251798561151,1.0053097345132742,109.7713405266,115.1902353786839
2024-11-16,126,123,117.5,107.6,108.3,111.8,98.2,102.3,0,1,118.2,9.17605579756354,117.5,108.3,98.2,113.0,12.961481396815724,107.6,111.8,102.3,121.2,10.05319186461031,118.58000000000001,108.54,98.76,108.1,12.792793110011397,108.03999999999999,112.66,102.17999999999999,10045.86,1.0509838998211092,0.9935364727608494,120.76769562705711,106.62232995717554
2024-11-16,99,104,107.6,113.4,116.9,112.2,101.7,99.7,1,1,112.6,10.73778375643687,107.6,116.9,101.7,112.6,11.148990985734976,113.4,112.2,99.7,111.2,9.0651959591493,109.08,115.64000000000001,101.34,115.5,10.637982264822083,113.46,112.44000000000001,100.69,10139.49,0.9590017825311942,0.9700598802395209,112.08937076490149,116.8649245624179
2024-11-16,110,93,112.1,111.7,113.3,114.4,101.6,101.7,0,1,113.8,9.679876032264051,112.1,113.3,101.6,102.4,6.188699378706298,111.7,114.4,101.7,119.9,13.08476637587064,112.41,113.27000000000001,101.66,101.8,11.272385136548065,110.43999999999998,114.19000000000001,102.24000000000001,10332.72,0.9798951048951048,0.9858781994704325,119.40142184585474,113.72940335781055
2024-11-16,121,117,113.8,107.8,113.3,116.8,100.7,103.1,1,0,114.6,11.148990985734983,113.8,113.3,100.7,110.2,14.481022063376619,107.8,116.8,103.1,116.4,8.996295533903652,113.8,112.93999999999998,100.94,109.8,11.173381065928341,109.05999999999999,116.77000000000001,102.95,10382.17,0.9743150684931506,0.9514563106796117,119.80815571135331,113.59239470331384
2024-11-17,120,117,113.6,113.7,108.7,116.7,99.8,99.2,0,0,113.6,12.177848742696682,113.6,108.7,99.8,115.0,7.4833147735478756,113.7,116.7,99.2,109.2,10.674996747332374,113.5,108.28,99.7,111.4,12.633289357883042,114.06000000000002,115.25999999999999,99.65,9900.16,0.9734361610968294,1.045998160073597,116.9788852669574,111.01289697649803
2024-11-17,119,110,114.1,110.8,111.9,110.3,101.9,98.5,0,0,121.0,12.247448713915885,114.1,111.9,101.9,113.4,11.480418110852922,110.8,110.3,98.5,123.8,14.755789824110911,115.62,113.14000000000001,102.9,115.1,8.198238293140045,111.16,110.13999999999999,98.42,10037.150000000001,1.0344514959202176,0.9901697944593386,115.33368482870556,112.24727380133001
2024-11-17,128,114,119.1,104.0,109.8,113.0,102.0,100.7,0,1,122.2,12.9305839001957,119.1,109.8,102.0,108.6,10.358571330062889,104.0,113.0,100.7,121.7,12.445882853377707,117.84,109.92,101.44000000000001,106.5,11.187790964558818,105.23999999999998,114.75999999999999,100.14000000000001,10271.4,1.0539823008849556,0.9471766848816029,123.64822832054992,107.78656403273773
2024-11-17,104,124,103.9,112.0,115.9,110.2,103.7,102.5,0,0,114.2,11.713240371477019,103.9,115.9,103.7,107.2,7.981227975693927,112.0,110.2,102.5,114.2,12.318008497047506,105.66,116.38000000000002,104.14000000000001,105.2,11.792653080060754,111.04,111.38,102.42,10629.25,0.9428312159709619,0.9663503019844694,112.48947241869084,119.22596819374357
2024-11-17,105,90,114.4,117.2,109.9,113.4,106.2,102.1,0,0,122.0,9.669539802906874,114.4,109.9,106.2,120.6,18.16039647144301,117.2,113.4,102.1,117.8,9.612491872558136,112.36000000000001,110.14000000000001,105.16,116.2,14.972567507871878,116.4,111.85,100.69999999999999,10843.02,1.0088183421516754,1.0664240218380345,123.51891701950433,121.95624807231796
2024-11-17,114,110,108.1,111.9,111.0,112.9,102.1,105.1,0,0,107.4,13.352902306240404,108.1,111.0,102.1,118.6,8.473488065725972,111.9,112.9,105.1,109.7,10.349986580774905,107.47999999999999,111.58,101.74,115.5,7.153087911291703,112.74000000000001,114.18000000000002,104.17999999999999,10730.71,0.9574844995571301,1.0081081081081082,117.17917052168204,118.0689750122403
2024-11-17,114,104,115.0,105.7,110.9,112.8,99.7,99.0,0,0,117.4,8.018728078691755,115.0,110.9,99.7,106.2,7.661592523751062,105.7,112.8,99.0,117.4,6.535373831014695,114.64000000000001,110.34,99.25999999999999,106.7,11.126045518911349,106.64000000000001,112.9,99.05999999999999,9870.300000000001,1.0195035460992907,0.9531109107303877,116.57533949720406,107.0456957358717
2024-11-17,107,143,111.9,111.4,113.4,107.0,104.9,102.1,0,0,111.0,12.549900398011136,111.9,113.4,104.9,105.6,2.7018512172211886,111.4,107.0,102.1,115.6,12.527303514058143,112.05,113.55,102.95,110.2,5.411920998027248,111.43000000000002,108.02000000000001,101.94999999999999,10710.29,1.0457943925233646,0.982363315696649,116.15065838955788,118.95956935595224
2024-11-17,119,121,117.3,112.1,104.8,113.3,102.6,101.6,0,1,116.8,13.386560424545207,117.3,104.8,102.6,115.6,8.443932733033753,112.1,113.3,101.6,118.7,14.810281713878503,117.27000000000001,105.3,102.53999999999999,114.7,12.789318459819,113.34,113.17999999999999,101.84,10424.159999999998,1.0353045013239188,1.0696564885496183,123.08878735764667,110.45858850591544
2024-11-17,116,105,112.4,107.8,107.8,116.8,99.8,103.1,0,1,107.8,10.183319694480794,112.4,107.8,99.8,113.2,13.899640283115259,107.8,116.8,103.1,109.9,9.421606374003627,112.77000000000001,108.3,99.75999999999999,110.5,11.404190263037403,108.63999999999999,116.78,103.0,10289.38,0.9623287671232877,1.0,120.07078304113179,108.65103537340424
2024-11-18,112,122,112.0,111.9,110.2,113.4,102.5,104.9,1,1,110.4,11.148990985734988,112.0,110.2,102.5,117.2,11.649034294738765,111.9,113.4,104.9,109.8,9.22315925627793,111.04,111.38000000000002,102.42,120.4,10.090699788528795,111.95,113.45,104.25,10752.25,0.9876543209876543,1.015426497277677,120.77148765368413,117.24272464321334
2024-11-18,106,89,110.8,109.0,110.3,115.2,98.5,99.9,1,0,108.2,8.64291617453276,110.8,110.3,98.5,109.0,8.124038404635991,109.0,115.2,99.9,107.8,10.799176923368883,111.16,110.14000000000001,98.41999999999999,112.1,14.169215456992132,110.44000000000001,113.85,99.99000000000001,9840.150000000001,0.9618055555555555,0.9882139619220308,112.8023102203496,108.90872303011611
2024-11-18,134,106,115.0,103.9,110.9,115.9,99.7,103.7,1,1,116.0,7.842193570679033,115.0,110.9,99.7,108.2,16.73917560694073,103.9,115.9,103.7,117.6,6.380525927469592,114.72999999999999,110.47999999999999,99.37,108.5,15.371329733558483,105.22,116.25999999999999,104.03000000000002,10338.890000000001,0.992234685073339,0.9368800721370604,121.68943261221358,108.60096774587808
2024-11-18,130,119,107.6,114.1,111.8,111.9,102.3,101.9,0,1,120.4,9.889388252060865,107.6,111.8,102.3,108.0,21.059439688652684,114.1,111.9,101.9,117.5,12.276897907135258,108.25999999999999,113.08999999999999,102.12,110.9,16.086225992030116,114.47999999999999,112.21000000000001,102.15,10424.37,0.9615728328865057,1.020572450805009,116.50302272488305,116.01420369190784
2024-11-18,101,100,113.6,111.4,111.2,107.0,101.3,102.1,0,1,118.4,8.173126696680951,113.6,111.2,101.3,113.0,16.985287751463016,111.4,107.0,102.1,120.2,12.856472645670898,114.31999999999998,111.89000000000001,101.47999999999999,112.9,11.704225257952299,111.42,107.67999999999999,102.0,10342.73,1.061682242990654,1.0017985611510791,117.28747120981882,113.41632195182251
2024-11-18,99,109,113.7,106.5,116.7,106.6,99.2,98.7,1,0,112.6,6.503845016603684,113.7,116.7,99.2,98.0,12.288205727444499,106.5,106.6,98.7,110.6,9.890511727015127,113.94000000000001,115.74000000000001,99.5,105.7,12.302212989720312,106.91,106.8,98.77,9791.04,1.0666041275797373,0.9125964010282777,110.09773424862135,109.48272712140071
2024-11-18,108,109,113.8,111.9,113.3,112.9,100.7,105.1,0,1,115.8,11.51954860226736,113.8,113.3,100.7,116.2,8.95544527089527,111.9,112.9,105.1,117.8,8.44327477279344,113.8,113.05999999999999,100.86,115.5,7.153087911291703,112.53000000000002,113.85999999999999,104.41,10583.57,1.007971656333038,0.9876434245366285,122.33594637420585,116.31184160726458
2024-11-18,102,99,112.4,112.0,107.8,108.7,99.8,101.4,1,0,107.2,9.418067742376904,112.4,107.8,99.8,122.8,4.919349550499635,112.0,108.7,101.4,110.4,9.617114374327054,112.4,107.8,99.8,124.4,9.045563676312655,112.27000000000001,109.05,101.45000000000002,10119.720000000001,1.0340386384544618,1.038961038961039,112.11231326057492,111.99811215865371
2024-11-20,128,100,119.1,107.6,109.8,116.9,102.0,101.7,1,1,121.0,11.789826122551606,119.1,109.8,102.0,94.8,8.927485648266257,107.6,116.9,101.7,123.5,11.853269591129758,118.47,109.85999999999999,101.72,99.5,12.860361149240427,109.08,115.64000000000001,101.34,10373.4,1.0188195038494439,0.9799635701275046,125.4585380030941,109.4103332193464
2024-11-20,122,106,113.6,111.9,111.2,113.4,101.3,104.9,0,0,114.2,10.825894882179423,113.6,111.2,101.3,116.4,11.013627921806686,111.9,113.4,104.9,118.6,14.222048610051306,114.08,111.66000000000001,101.41999999999999,120.5,10.102254973794135,111.9,113.4,104.9,10626.37,1.001763668430335,1.006294964028777,121.29923855274663,116.68108872166205
2024-11-20,130,113,111.4,114.1,107.0,111.9,102.1,101.9,0,0,115.0,8.602325267042582,111.4,107.0,102.1,108.8,21.463923220138483,114.1,111.9,101.9,115.9,8.710785141293336,111.41000000000001,107.34,102.05,110.0,15.253414918196679,114.1,111.9,101.9,10403.99,0.9955317247542449,1.0663551401869158,117.02191215628034,113.05093146112478
2024-11-20,117,111,114.4,109.0,109.9,115.2,106.2,99.9,1,0,118.4,12.218837915284757,114.4,109.9,106.2,105.4,12.198360545581547,109.0,115.2,99.9,117.2,10.250203250017188,113.38,110.02000000000001,105.67999999999999,109.4,15.819818793736681,109.96000000000001,114.3,99.96000000000001,10609.380000000001,0.9930555555555556,0.991810737033667,119.78645612391927,114.17882673256794
2024-11-20,109,99,117.3,108.1,104.8,111.0,102.6,102.1,1,0,120.2,10.545141061171252,117.3,104.8,102.6,105.6,7.765307463326906,108.1,111.0,102.1,116.8,13.189221188362652,117.3,104.8,102.6,100.7,10.143963722332536,107.47999999999999,111.58,101.73999999999998,10475.46,1.0567567567567566,1.0314885496183206,120.34387365068706,108.98100026935427
2024-11-20,122,138,113.7,115.0,116.7,110.9,99.2,99.7,0,0,110.6,8.961026726887972,113.7,116.7,99.2,115.6,11.502173707608536,115.0,110.9,99.7,111.3,8.59004591890465,113.82000000000001,116.22,99.35,114.2,10.250203250017469,114.82000000000001,110.62,99.48,9890.24,1.0252479711451759,0.9854327335047129,114.22009471379009,116.61086772869966
2024-11-20,120,97,112.0,111.9,108.7,112.9,101.4,105.1,0,0,115.0,10.148891565092201,112.0,108.7,101.4,117.2,7.395944834840269,111.9,112.9,105.1,114.6,7.890923055426818,113.35,110.45,101.65,115.8,6.7626424815551305,112.32000000000001,113.54,104.64000000000001,10657.14,0.9920283436669619,1.029438822447102,120.29783086328143,115.86726232683155
2024-11-20,104,93,112.4,106.5,107.8,106.6,99.8,98.7,0,0,109.2,5.718391382198352,112.4,107.8,99.8,100.0,13.26649916142159,106.5,106.6,98.7,110.2,9.784341231443866,112.4,107.8,99.8,105.5,12.222474744866018,106.5,106.6,98.7,9850.26,1.054409005628518,0.9879406307977737,110.41518156437634,104.64382362980724
2024-11-21,123,121,104.0,112.0,113.0,110.2,100.7,102.5,0,0,107.6,4.979959839195451,104.0,113.0,100.7,112.4,8.905054744357239,112.0,110.2,102.5,110.3,11.489608831945159,104.31000000000002,113.44000000000001,100.56,108.1,12.547244053310417,111.52000000000001,110.79,102.46,10321.75,0.9437386569872958,0.9911504424778761,110.36343934614693,115.73985999876706
2024-11-21,110,105,107.6,113.6,111.8,108.7,102.3,99.8,0,0,125.2,6.340346993658897,107.6,111.8,102.3,111.2,15.07315494513342,113.6,108.7,99.8,117.5,12.276897907135258,108.03999999999999,112.66,102.17999999999999,115.5,13.35207016824652,113.45,108.07000000000001,99.65,10209.539999999999,0.9898804047838086,1.0161001788908766,112.45307827108734,115.17099760822063
2024-11-21,126,118,111.7,107.8,114.4,116.8,101.7,103.1,0,0,119.2,11.476062042355805,111.7,114.4,101.7,113.6,13.557285864065875,107.8,116.8,103.1,114.3,9.866328823044794,111.28,114.33000000000001,101.88000000000001,109.4,11.345091939297479,108.21999999999998,116.79,103.05,10485.27,0.9563356164383562,0.9423076923076923,120.58492483776999,115.16432532469264
2024-11-21,118,119,113.4,106.5,112.2,106.6,99.7,98.7,0,1,124.2,5.718391382198336,113.4,112.2,99.7,96.8,12.45792920191794,106.5,106.6,98.7,118.7,12.525973016097288,113.44000000000001,112.35999999999999,100.36,102.5,11.078006238589195,106.5,106.6,98.7,9840.390000000001,1.0637898686679175,0.9491978609625669,114.00949980130652,105.8319465711628
2024-11-23,121,106,107.8,115.0,116.8,110.9,103.1,99.7,0,0,101.8,16.887865466067645,107.8,116.8,103.1,120.0,15.280706789936161,115.0,110.9,99.7,105.8,14.140564188021258,109.05999999999999,116.77000000000001,102.95,115.8,12.5857061780419,114.91,110.76000000000002,99.59,10279.07,0.9720468890892695,0.9845890410958904,110.73152430985192,120.2982552937309
2024-11-23,111,100,106.5,112.0,106.6,110.2,98.7,102.5,0,0,113.0,10.88577052853863,106.5,106.6,98.7,115.6,8.443932733033781,112.0,110.2,102.5,112.6,9.41865760663972,107.72999999999999,107.2,98.91,111.1,11.551334699216975,112.0,110.2,102.5,10116.75,0.9664246823956443,1.050656660412758,111.0546534764267,109.90175323157996
2024-11-23,131,142,111.9,114.4,113.4,109.9,104.9,106.2,1,0,113.4,9.502631214563685,111.9,113.4,104.9,118.6,12.361229712289976,114.4,109.9,106.2,115.5,12.598500792642845,112.0,113.5,103.6,116.7,10.893933072026094,112.36000000000001,110.14000000000001,105.16,11140.380000000001,1.0181983621474067,1.0088183421516754,121.62243662206991,125.53297624870706
2024-11-23,98,104,111.4,108.1,107.0,111.0,102.1,102.1,1,1,116.8,10.825894882179451,111.4,107.0,102.1,104.2,8.288546314040873,108.1,111.0,102.1,117.9,9.468661761598327,111.4,107.0,102.1,102.4,7.82020175926134,107.78999999999999,111.29,101.91999999999999,10424.409999999998,1.0036036036036036,1.0102803738317756,117.02594856450683,108.97402654720892
2024-11-23,125,119,113.6,104.0,111.2,113.0,101.3,100.7,1,0,116.0,11.313708498984704,113.6,111.2,101.3,108.4,10.212737145349468,104.0,113.0,100.7,116.2,10.664583129842896,113.83999999999999,111.43000000000002,101.36,106.4,11.107554986484425,104.92999999999999,114.32000000000001,100.28,10200.91,1.0053097345132742,0.935251798561151,116.35681651093077,109.28792165558161
2024-11-23,104,94,111.7,112.0,114.4,108.7,101.7,101.4,0,1,121.8,11.189280584559478,111.7,114.4,101.7,117.2,11.054410884348428,112.0,108.7,101.4,115.7,10.478019320887363,111.7,114.4,101.7,120.7,11.10605440489321,112.0,108.7,101.4,10312.380000000001,1.0275988960441582,0.979020979020979,116.81168299144761,115.8004799310943
2024-11-23,102,127,113.4,117.2,112.2,113.4,99.7,102.1,0,1,123.2,6.379655163094647,113.4,112.2,99.7,119.8,19.651971911235773,117.2,113.4,102.1,119.9,11.723196378690005,113.42,112.28,100.03,115.2,16.437085440484292,116.56000000000002,112.16,100.97999999999999,10179.369999999999,1.0,1.0445632798573976,120.56965577763343,116.29598029566495
2024-11-24,107,105,117.5,113.6,108.3,108.7,98.2,99.8,0,0,119.4,9.838699100999046,117.5,108.3,98.2,111.6,14.825653442597396,113.6,108.7,99.8,122.9,9.15848119383218,118.31000000000002,108.47999999999999,98.62,113.3,13.055862880543602,113.5,108.28,99.7,9800.36,1.0809567617295308,1.048938134810711,116.07355565664231,109.34676010087993
2024-11-24,115,103,114.1,103.9,111.9,115.9,101.9,103.7,0,0,123.6,9.289779329994866,114.1,111.9,101.9,105.2,15.139352694220435,103.9,115.9,103.7,123.1,14.805779652254476,115.24000000000001,112.83,102.65,107.0,14.734690736866956,104.78,116.14000000000001,103.92,10567.03,0.9844693701466781,0.9285075960679178,123.2538940317518,111.25830819272892
2024-11-24,123,118,110.8,112.1,110.3,113.3,98.5,101.6,0,0,105.2,4.868264577855233,110.8,110.3,98.5,115.2,8.04363102087601,112.1,113.3,101.6,109.2,9.330952077182026,111.07000000000001,110.17999999999999,98.44,113.8,11.877148928369431,113.03,113.21,101.78,10007.599999999999,0.9779346866725508,1.016319129646419,114.08861787763132,111.64977907002616
2024-11-24,99,125,109.0,112.4,115.2,107.8,99.9,99.8,0,0,104.8,5.585696017507624,109.0,115.2,99.9,111.8,9.628083921528711,112.4,107.8,99.8,109.3,9.684466370889458,110.44000000000001,113.85,99.99000000000001,107.2,10.368756488176837,113.50999999999999,109.3,99.68,9970.02,1.0111317254174397,0.9756944444444444,109.38659858240855,114.10783925852135
2024-11-24,122,108,119.1,107.6,109.8,111.8,102.0,102.3,0,0,122.6,12.157302332343317,119.1,109.8,102.0,111.0,9.380831519646865,107.6,111.8,102.3,124.2,11.895844279037641,119.1,109.8,102.0,110.1,13.453211099543775,107.82000000000001,112.22999999999999,102.24,10434.6,1.0652951699463327,0.9799635701275046,123.17175260380849,111.70690095024142
2024-11-24,103,108,113.8,105.7,113.3,112.8,100.7,99.0,0,0,115.2,11.90378091196238,113.8,113.3,100.7,106.8,7.25947656515249,105.7,112.8,99.0,116.5,8.885068623507973,113.8,113.17999999999999,100.78,108.5,8.56673151726421,106.17,112.85,99.03,9969.300000000001,1.0088652482269505,0.9329214474845543,115.67703229208416,109.09548950497573
2024-11-25,84,95,104.0,106.5,113.0,106.6,100.7,98.7,0,0,110.4,8.590692637965786,104.0,113.0,100.7,103.6,13.630847369110983,106.5,106.6,98.7,110.7,11.888836967695607,104.0,113.0,100.7,103.8,12.236557250032877,106.5,106.6,98.7,9939.09,0.9756097560975611,0.9424778761061947,105.50265289323448,109.00134423589039
2024-11-25,102,100,112.0,107.6,110.2,111.8,102.5,102.3,0,1,109.2,10.425929215182695,112.0,110.2,102.5,108.8,8.258329128825038,107.6,111.8,102.3,110.5,9.082951062292391,111.52000000000001,110.79,102.46,109.3,13.300375934536557,107.6,111.8,102.3,10485.75,1.001788908765653,0.9764065335753175,118.52490924472083,111.49183177084316
2024-11-25,114,110,114.1,107.6,111.9,116.9,101.9,101.7,1,0,123.8,9.038805230781328,114.1,111.9,101.9,94.2,8.318653737234168,107.6,116.9,101.7,122.9,14.910473574713302,114.85999999999999,112.52000000000001,102.4,96.8,8.560892995995994,108.34,116.27000000000001,101.52000000000001,10363.230000000001,0.9760479041916167,0.9615728328865057,120.88603486705799,111.38189868618849
2024-11-25,119,129,111.9,112.1,112.9,113.3,105.1,101.6,0,1,112.2,11.189280584559441,111.9,112.9,105.1,118.4,3.2093613071760623,112.1,113.3,101.6,116.5,9.698224350650802,112.10999999999999,113.22,104.87,114.5,11.900046685249245,112.72,113.24000000000001,101.72,10678.159999999998,0.9876434245366285,0.9929140832595216,120.38150724200099,118.36142294744306
2024-11-25,126,94,117.5,112.4,108.3,107.8,98.2,99.8,1,1,114.4,8.01872807869175,117.5,108.3,98.2,115.0,11.022703842524287,112.4,107.8,99.8,120.5,9.913514905308721,118.04,108.42,98.47999999999999,110.2,10.77857958071358,113.14000000000001,108.8,99.72,9800.36,1.0899814471243043,1.0378578024007388,115.15381380483284,108.81398583913547
2024-11-25,123,98,114.4,108.1,109.9,111.0,106.2,102.1,0,0,120.6,10.261578825892258,114.4,109.9,106.2,105.6,7.300684899377629,108.1,111.0,102.1,118.6,8.97156000308113,114.4,109.9,106.2,102.2,7.743097284391702,108.1,111.0,102.1,10843.02,1.0306306306306308,0.9836214740673338,121.69745104583062,114.91109954667411
2024-11-25,118,145,117.2,115.0,113.4,110.9,102.1,99.7,0,0,126.2,5.80517010948001,117.2,113.4,102.1,115.6,15.565988564816598,115.0,110.9,99.7,116.7,13.984515246037944,117.04,113.09,101.82,114.1,12.653062870309387,115.0,110.9,99.7,10179.369999999999,1.0568079350766455,1.0141093474426808,119.83605178877393,116.92744457883985
2024-11-25,120,128,112.0,105.7,108.7,112.8,101.4,99.0,0,1,115.0,10.148891565092201,112.0,108.7,101.4,104.6,3.130495168499402,105.7,112.8,99.0,115.5,7.947746011710886,113.08,110.1,101.60000000000001,107.9,8.345990387938054,105.7,112.8,99.0,10038.6,0.9929078014184397,0.9724011039558418,116.19646901220933,106.09203648325695
2024-11-25,109,130,113.8,117.3,113.3,104.8,100.7,102.6,1,0,111.4,12.218837915284741,113.8,113.3,100.7,116.0,14.12444689182553,117.3,104.8,102.6,115.1,9.84829370443888,113.8,113.3,100.7,111.9,11.855144218627002,117.21000000000001,106.3,102.41999999999999,10331.82,1.0858778625954197,1.0353045013239188,112.42890458259455,119.60520244913724
2024-11-27,94,98,104.0,110.8,113.0,110.3,100.7,98.5,0,1,106.6,14.707141122597536,104.0,113.0,100.7,110.6,9.838699100999065,110.8,110.3,98.5,109.3,14.158232783633572,104.0,113.0,100.7,114.2,8.216514535440679,111.07000000000001,110.17999999999999,98.44,9918.95,0.942883046237534,0.9805309734513274,107.78429341578382,110.9611896365411
2024-11-27,124,135,119.1,111.9,109.8,112.9,102.0,105.1,0,0,123.8,11.627553482998916,119.1,109.8,102.0,112.6,11.326958991715316,111.9,112.9,105.1,122.0,9.649409884086818,119.1,109.8,102.0,114.0,9.018499505645838,112.11000000000001,113.22,104.86999999999998,10720.199999999999,1.0549158547387067,1.0191256830601094,126.49347303758861,116.10361428669806
2024-11-27,121,114,114.1,108.1,111.9,111.0,101.9,102.1,0,0,119.6,7.231873892705809,114.1,111.9,101.9,101.6,3.049590136395464,108.1,111.0,102.1,118.6,9.0209632400192,114.47999999999999,112.21000000000001,102.15,103.2,6.196773353931755,108.1,111.0,102.1,10403.99,1.0279279279279279,0.9660411081322609,119.01451710877967,112.13446889669515
2024-11-27,133,119,106.5,111.9,106.6,113.4,98.7,104.9,0,1,112.0,10.770329614269018,106.5,106.6,98.7,115.2,11.903780911962379,111.9,113.4,104.9,112.4,9.430447143870456,107.32000000000001,107.0,98.84,118.5,10.844865656664672,111.9,113.4,104.9,10353.630000000001,0.9391534391534391,1.0497185741088182,115.47692306030821,109.92103119700008
2024-11-27,115,122,109.0,111.4,115.2,107.0,99.9,102.1,0,1,102.8,5.495452665613683,109.0,115.2,99.9,111.8,17.796066981218058,111.4,107.0,102.1,106.7,8.40700765895793,109.96,114.3,99.96000000000001,111.3,12.311241475442927,111.41000000000001,107.34,102.05,10199.79,1.0186915887850467,0.967013888888889,111.88141936155579,114.05767893722724
2024-11-27,96,121,103.9,112.4,115.9,107.8,103.7,99.8,1,0,113.4,12.36122971228992,103.9,115.9,103.7,111.4,14.604793733565693,112.4,107.8,99.8,112.6,12.518430856585509,105.22,116.25999999999999,104.03000000000002,109.1,11.873874215641958,112.77000000000001,108.3,99.75999999999999,10349.26,0.9638218923933211,0.9698015530629853,107.29623129393778,118.3135079626457
2024-11-27,129,114,112.1,115.0,113.3,110.9,101.6,99.7,0,0,115.4,7.700649323271387,112.1,113.3,101.6,125.2,16.021860066796275,115.0,110.9,99.7,116.2,9.235198367598327,112.1,113.3,101.6,117.5,15.883254634292676,115.0,110.9,99.7,10129.52,1.0108205590622181,1.0150044130626654,114.83030485637968,117.5358784339604
2024-11-27,131,111,114.4,112.0,109.9,110.2,106.2,102.5,0,0,120.8,10.305338422390617,114.4,109.9,106.2,114.4,10.35857133006282,112.0,110.2,102.5,119.9,8.517302650748098,114.4,109.9,106.2,111.2,11.438725647747884,112.0,110.2,102.5,10885.5,1.0381125226860255,1.019108280254777,121.74914578656967,118.27728535970708
2024-11-27,104,115,113.6,113.8,108.7,113.3,99.8,100.7,1,0,114.8,12.517987058628842,113.6,108.7,99.8,117.0,13.546217184144028,113.8,113.3,100.7,110.6,11.117553687749878,113.55,108.49000000000001,99.75,113.3,13.6792624882419,113.8,113.17999999999999,100.78,10049.86,1.002647837599294,1.0469181232750688,115.50002259056748,112.6933275182719
2024-11-27,93,119,107.6,107.6,116.9,111.8,101.7,102.3,0,0,107.4,9.449867723941933,107.6,116.9,101.7,107.4,9.18150314491043,107.6,111.8,102.3,110.2,9.852241707685883,108.34,116.27000000000001,101.52000000000001,110.8,10.881176406988297,107.6,111.8,102.3,10403.91,0.962432915921288,0.9204448246364413,113.69536080729232,115.19805491008432
2024-11-27,101,119,111.7,113.4,114.4,112.2,101.7,99.7,1,1,119.0,13.820274961085243,111.7,114.4,101.7,112.4,11.326958991715287,113.4,112.2,99.7,114.6,11.117553687749838,111.7,114.4,101.7,113.4,10.6270096138724,113.44000000000001,112.35999999999999,100.36,10139.49,0.9955436720142602,0.9912587412587412,115.36609822432214,115.64894968803175
2024-11-27,117,127,113.7,105.7,116.7,112.8,99.2,99.0,1,0,114.4,8.961026726887972,113.7,116.7,99.2,109.4,10.853570840972033,105.7,112.8,99.0,112.9,8.97465567275124,113.7,116.7,99.2,108.5,9.594558643082784,105.7,112.8,99.0,9820.800000000001,1.0079787234042554,0.9057412167952014,113.90012288224344,111.01400578239986
2024-11-27,103,122,107.8,117.2,116.8,113.4,103.1,102.1,1,0,101.2,15.927962832704003,107.8,116.8,103.1,120.8,19.917329138215287,117.2,113.4,102.1,108.4,14.323252268795304,108.63999999999999,116.78,103.0,116.8,16.758414138707977,116.71999999999998,112.47,101.26,10526.509999999998,0.9506172839506172,1.0034246575342467,113.23148387360143,123.92272810774502
2024-11-27,101,105,112.0,117.3,108.7,104.8,101.4,102.6,0,0,114.4,9.633275663033816,112.0,108.7,101.4,121.6,12.660963628413118,117.3,104.8,102.6,115.7,8.042249547096718,112.80999999999999,109.75,101.55,113.7,13.16603374006175,117.23999999999998,105.8,102.47999999999999,10403.64,1.0687022900763359,1.079116835326587,113.4447576628399,117.49120432728189
2024-11-30,104,107,104.0,111.9,113.0,112.9,100.7,105.1,1,1,103.8,15.67482057313574,104.0,113.0,100.7,114.4,14.310835055998666,111.9,112.9,105.1,108.3,14.907492523336511,104.0,113.0,100.7,116.1,11.199702376997976,111.9,112.9,105.1,10583.57,0.9211691762621789,0.9902654867256637,112.89378566148025,116.71115439342398
2024-11-30,96,111,112.0,109.0,110.2,115.2,102.5,99.9,1,0,110.0,9.460443964212253,112.0,110.2,102.5,104.0,10.700467279516374,109.0,115.2,99.9,110.5,9.082951062292391,112.0,110.2,102.5,107.2,13.538422688366845,109.47999999999999,114.75000000000003,99.93,10239.75,0.9722222222222222,0.9891107078039927,115.54506581073552,111.22760977796753
2024-11-30,124,114,113.6,103.9,111.2,115.9,101.3,103.7,0,0,116.4,11.653325705565718,113.6,111.2,101.3,105.0,15.165750888103085,103.9,115.9,103.7,116.8,11.003029885747964,113.6,111.2,101.3,105.1,13.7796145729037,104.34,116.02000000000001,103.81000000000002,10504.81,0.9801553062985331,0.9343525179856116,121.531874045362,110.29895067851997
2024-11-30,113,105,113.7,112.0,116.7,108.7,99.2,101.4,0,0,114.2,8.871302046486782,113.7,116.7,99.2,111.0,13.910427743243591,112.0,108.7,101.4,111.9,7.694875639743158,113.7,116.7,99.2,118.9,13.803783700292007,112.0,108.7,101.4,10058.880000000001,1.045998160073597,0.9597257926306769,114.61453358399326,115.502626965124
2024-11-30,94,106,107.8,112.1,116.8,113.3,103.1,101.6,0,0,104.6,13.501851724856119,107.8,116.8,103.1,120.2,5.805170109479897,112.1,113.3,101.6,106.3,13.283657461540832,108.21999999999998,116.79,103.05,118.8,7.360555534589623,112.41,113.27000000000001,101.66,10474.96,0.9514563106796117,0.9597602739726027,114.10406938247101,119.95383195830675
2024-12-01,92,100,105.7,106.5,112.8,106.6,99.0,98.7,0,0,114.2,17.383900597967067,105.7,112.8,99.0,105.4,11.081516141756047,106.5,106.6,98.7,113.2,13.197642887189254,106.64000000000001,112.9,99.05999999999999,101.7,11.700427342622959,106.5,106.6,98.7,9771.300000000001,0.9915572232645404,0.9441489361702128,105.90720146264938,108.02599486622252
2024-12-01,136,121,114.4,114.1,109.9,111.9,106.2,101.9,0,0,120.8,10.305338422390617,114.4,109.9,106.2,107.8,21.040437257813817,114.1,111.9,101.9,121.0,9.213516640723288,114.4,109.9,106.2,109.6,15.101140501446991,114.1,111.9,101.9,10821.78,1.0223413762287756,1.0382165605095541,121.98559325544562,118.16088051352666
2024-12-01,115,111,119.1,117.5,109.8,108.3,102.0,98.2,0,0,121.4,9.528903399657288,119.1,109.8,102.0,122.4,10.667708282475637,117.5,108.3,98.2,122.6,9.559172442098694,119.1,109.8,102.0,123.6,10.469001862641747,117.5,108.3,98.2,10016.4,1.0997229916897506,1.0701275045537342,117.31877870641647,115.3354750168017
2024-12-01,118,85,115.0,107.6,110.9,116.9,99.7,101.7,0,0,118.2,11.144505372604005,115.0,110.9,99.7,95.0,9.797958971132712,107.6,116.9,101.7,119.0,8.232726023485688,114.82000000000001,110.62,99.48,98.9,8.999382694879285,107.6,116.9,101.7,10139.49,0.9837467921300256,0.9702434625788998,120.58240095456564,108.50172398809005
2024-12-01,119,116,107.6,110.8,111.8,110.3,102.3,98.5,0,0,124.2,8.408329203831128,107.6,111.8,102.3,107.4,10.99090533122726,110.8,110.3,98.5,116.2,12.318008497047453,107.82000000000001,112.22999999999999,102.24,112.5,9.663792676216001,110.97999999999999,110.22,98.46000000000001,10076.55,0.9755213055303716,0.9910554561717353,111.74153062917823,112.06849650728533
2024-12-01,119,116,111.4,117.3,107.0,104.8,102.1,102.6,0,0,114.6,13.575713609236136,111.4,107.0,102.1,119.8,14.5155089473294,117.3,104.8,102.6,115.2,10.95242236017013,111.4,107.0,102.1,112.1,13.152524050116371,117.27000000000001,105.3,102.53999999999999,10475.46,1.0629770992366414,1.0962616822429907,113.33777207847612,116.30136269743022
2024-12-01,104,105,107.8,113.4,116.8,112.2,103.1,99.7,1,0,104.2,13.845576911057197,107.8,116.8,103.1,114.2,11.562871615649797,113.4,112.2,99.7,105.4,13.82590161817844,107.8,116.8,103.1,113.0,10.295630140987154,113.42,112.28,100.03,10279.07,0.9607843137254901,0.9708904109589042,110.4117852847669,119.25302607055485
2024-12-01,131,137,108.1,112.1,111.0,113.3,102.1,101.6,0,1,109.6,13.352902306240404,108.1,111.0,102.1,117.4,8.619744775803913,112.1,113.3,101.6,110.4,10.383747985299932,107.78999999999999,111.29,101.91999999999999,116.9,8.006247560499256,112.1,113.3,101.6,10373.359999999999,0.9541041482789056,1.0099099099099098,115.63490696210259,114.45270272234637
2024-12-01,125,127,113.8,111.7,113.3,114.4,100.7,101.7,0,0,113.6,9.989994994993738,113.8,113.3,100.7,99.2,6.058052492344362,111.7,114.4,101.7,113.4,9.203863922892003,113.8,113.3,100.7,100.9,11.608904628201143,110.85999999999999,114.26000000000002,102.06,10241.19,0.9947552447552447,0.9858781994704325,118.59574403672684,113.63496372980143
2024-12-01,126,122,112.4,117.2,107.8,113.4,99.8,102.1,0,0,107.4,5.6391488719487075,112.4,107.8,99.8,119.8,19.651971911235773,117.2,113.4,102.1,107.9,7.922541679705164,112.4,107.8,99.8,117.0,16.812693617224742,116.88,112.78000000000002,101.53999999999999,10189.58,0.9911816578483245,1.0871985157699444,116.66129374352887,114.42402188921196
2024-12-02,124,112,111.9,107.6,112.9,116.9,105.1,101.7,0,1,112.2,11.189280584559441,111.9,112.9,105.1,94.2,10.545141061171254,107.6,116.9,101.7,117.1,9.64307465951029,111.9,112.9,105.1,98.3,9.753062197188441,107.6,116.9,101.7,10688.67,0.9572284003421728,0.9530558015943311,122.09716400457368,113.10062370786191
2024-12-02,108,89,117.5,110.8,108.3,110.3,98.2,98.5,1,1,115.8,9.497368056466986,117.5,108.3,98.2,108.2,11.541230437002799,110.8,110.3,98.5,119.9,9.302926660166948,117.77000000000001,108.35999999999999,98.34,112.4,9.61711437432695,110.88999999999999,110.25999999999999,98.47999999999999,9672.7,1.0652765185856754,1.023084025854109,115.88074047730353,106.50008081370929
2024-12-02,128,102,111.9,105.7,113.4,112.8,104.9,99.0,0,1,119.2,9.65401470891774,111.9,113.4,104.9,114.8,11.69187752245116,105.7,112.8,99.0,116.9,13.527338573750903,111.95,113.45,104.25,111.4,10.415799963943662,105.7,112.8,99.0,10385.1,0.9920212765957448,0.9320987654320988,118.18195134949961,112.38428663155914
2024-12-02,109,80,113.6,113.4,108.7,112.2,99.8,99.7,0,1,111.8,13.046072205840312,113.6,108.7,99.8,109.0,7.106335201775932,113.4,112.2,99.7,110.8,10.962562555250422,113.6,108.7,99.8,111.1,9.78036581910714,113.4,112.2,99.7,9950.06,1.0124777183600713,1.0432382704691812,116.33556030856806,109.57191697183904
2024-12-04,130,120,117.5,112.0,108.3,110.2,98.2,102.5,0,1,115.0,10.049875621120865,117.5,108.3,98.2,115.2,9.782637681116448,112.0,110.2,102.5,117.4,8.733078876700223,117.5,108.3,98.2,109.3,9.357706271660117,112.0,110.2,102.5,10065.5,1.0662431941923776,1.0341643582640814,119.59499472279435,109.55968265957284
2024-12-04,99,90,105.7,114.1,112.8,111.9,99.0,101.9,0,1,104.8,12.69645619848309,105.7,112.8,99.0,105.2,17.498571370257626,114.1,111.9,101.9,111.8,14.702985335562882,106.17,112.85,99.03,110.6,15.529183995160663,114.1,111.9,101.9,10088.1,0.9445933869526363,1.0115248226950355,111.45889749769486,112.94630414331269
2024-12-04,134,93,110.8,113.4,110.3,112.2,98.5,99.7,0,0,110.4,7.231873892705814,110.8,110.3,98.5,104.4,15.009996668887032,113.4,112.2,99.7,109.0,8.969082698049188,110.97999999999999,110.22,98.46,107.1,13.28700283903218,113.4,112.2,99.7,9820.45,0.9875222816399286,1.0281051677243882,112.67035800787966,110.23847128342118
2024-12-04,102,106,109.0,106.5,115.2,106.6,99.9,98.7,1,1,106.8,5.674504383644491,109.0,115.2,99.9,103.2,10.779610382569485,106.5,106.6,98.7,107.5,8.809716857601654,109.47999999999999,114.75,99.93,100.6,11.236844159579045,106.5,106.6,98.7,9860.130000000001,1.022514071294559,0.9244791666666666,108.22490320383613,109.19356361936259
2024-12-04,104,119,113.6,111.9,111.2,112.9,101.3,105.1,1,0,119.8,10.66302021005301,113.6,111.2,101.3,111.6,14.064138793399344,111.9,112.9,105.1,119.3,9.202052911050508,113.6,111.2,101.3,115.1,11.551334699216978,111.9,112.9,105.1,10646.63,1.0062001771479183,1.006294964028777,120.59565258718467,116.77787050285498
2024-12-04,80,108,112.4,113.6,107.8,108.7,99.8,99.8,1,0,110.6,10.188228501560044,112.4,107.8,99.8,109.2,14.703741020570243,113.6,108.7,99.8,109.2,9.715966241192845,112.4,107.8,99.8,113.1,13.177843357528435,113.55,108.49000000000001,99.75,9960.039999999999,1.0340386384544618,1.0538033395176252,111.23334696881584,110.5734131200949
2024-12-05,126,114,119.1,117.2,109.8,113.4,102.0,102.1,0,0,123.4,5.366563145999515,119.1,109.8,102.0,115.4,14.72412985544476,117.2,113.4,102.1,122.8,9.35473736195263,119.1,109.8,102.0,116.6,16.62127151173067,117.04,113.09,101.82,10414.199999999999,1.0502645502645502,1.0673952641165756,124.38808170984156,117.22102373769815
2024-12-05,101,137,103.9,112.1,115.9,113.3,103.7,101.6,0,0,112.2,13.935566009315844,103.9,115.9,103.7,122.2,11.691877522451167,112.1,113.3,101.6,112.0,13.20774183743934,104.78,116.14000000000001,103.92,118.9,10.224697767877766,112.1,113.3,101.6,10535.92,0.9170344218887909,0.9672131147540982,112.61967208525714,120.06401610791423
2024-12-05,125,101,115.0,104.0,110.9,113.0,99.7,100.7,0,0,121.0,7.999999999999971,115.0,110.9,99.7,110.2,11.300442469213353,104.0,113.0,100.7,119.7,7.761013679496646,114.91,110.76000000000002,99.59,108.5,11.325978005354571,104.62,113.88,100.42,10039.79,1.0176991150442478,0.9377817853922452,118.41265812601526,107.45693160664855
2024-12-05,92,129,107.6,117.3,111.8,104.8,102.3,102.6,0,0,123.0,8.68907359849135,107.6,111.8,102.3,115.6,10.876580344942976,117.3,104.8,102.6,117.8,11.41928193889615,107.6,111.8,102.3,113.6,12.589237025685428,117.3,104.8,102.6,10495.98,1.0267175572519083,1.049194991055456,112.39442373136689,119.37238832691573
2024-12-05,115,110,114.4,113.8,109.9,113.3,106.2,100.7,0,0,122.4,12.157302332343319,114.4,109.9,106.2,115.4,13.126309458488283,113.8,113.3,100.7,122.2,10.358034991680848,114.4,109.9,106.2,113.4,13.688600285557962,113.8,113.3,100.7,10694.34,1.0097087378640777,1.0354868061874432,121.3992944813435,117.70349482634718
2024-12-05,126,124,107.6,113.7,116.9,116.7,101.7,99.2,0,0,103.8,11.031772296417266,107.6,116.9,101.7,115.2,7.529940238806672,113.7,116.7,99.2,108.7,11.26499001331106,107.6,116.9,101.7,112.3,12.684636376341285,113.93999999999998,115.74000000000001,99.5,10088.640000000001,0.9220222793487575,0.9726261762189906,112.485032215341,117.76700531040284
2024-12-05,124,139,111.7,111.9,114.4,113.4,101.7,104.9,0,0,117.2,15.73848785620778,111.7,114.4,101.7,119.2,7.726577508832734,111.9,113.4,104.9,113.7,11.87013058057914,111.7,114.4,101.7,117.7,10.43551627855537,111.9,113.4,104.9,10668.330000000002,0.9850088183421517,0.9781468531468531,120.26426262080153,119.37613073525216
2024-12-05,99,93,112.0,111.4,108.7,107.0,101.4,102.1,0,0,113.8,10.497618777608547,112.0,108.7,101.4,114.6,18.14662503056697,111.4,107.0,102.1,114.9,9.109823757290185,112.53999999999999,109.4,101.5,112.1,12.758004023618515,111.4,107.0,102.1,10352.94,1.0467289719626167,1.0248390064397424,114.27907680506502,113.03561966017436
2024-12-06,102,94,109.0,106.5,115.2,106.6,99.9,98.7,0,0,105.8,6.058052492344428,109.0,115.2,99.9,102.6,10.454664030948095,106.5,106.6,98.7,105.2,6.408327915038832,109.0,115.2,99.9,101.3,11.34362278012526,106.5,106.6,98.7,9860.130000000001,1.022514071294559,0.9244791666666666,107.84578565574405,109.7337701713548
2024-12-06,134,132,111.9,113.4,112.9,112.2,105.1,99.7,0,0,114.0,12.40967364599082,111.9,112.9,105.1,100.2,14.584238067173748,113.4,112.2,99.7,116.6,9.070097390142362,111.9,112.9,105.1,106.4,13.874036503083515,113.4,112.2,99.7,10478.47,0.9973262032085561,1.004428697962799,116.49563651143232,116.17151684435697
2024-12-06,111,105,117.5,113.6,108.3,111.2,98.2,101.3,0,0,119.4,10.990905331227244,117.5,108.3,98.2,105.8,9.011104260855115,113.6,111.2,101.3,118.8,9.566144004305592,117.5,108.3,98.2,107.7,12.667105255564538,113.83999999999999,111.42999999999999,101.35999999999999,9947.66,1.0566546762589928,1.048938134810711,118.42091448607081,109.74479971080547
2024-12-06,123,132,111.9,114.1,113.4,111.9,104.9,101.9,1,0,119.6,10.039920318408912,111.9,113.4,104.9,106.6,15.436968614336164,114.1,111.9,101.9,118.6,13.769531582446813,111.9,113.4,104.9,108.1,16.709611339319324,114.1,111.9,101.9,10689.310000000001,1.0,1.0061728395061726,118.30291809093194,119.87417464169229
2024-12-06,113,140,111.7,113.8,114.4,113.3,101.7,100.7,1,1,118.8,15.990622251807457,111.7,114.4,101.7,111.8,11.12205017071938,113.8,113.3,100.7,115.2,12.15456018675021,111.7,114.4,101.7,115.6,10.564090116995395,113.8,113.3,100.7,10241.19,0.9858781994704325,0.9947552447552447,116.80313596323394,116.3793062731464
2024-12-06,90,107,112.0,113.6,108.7,108.7,101.4,99.8,1,0,108.8,10.377861051295666,112.0,108.7,101.4,110.2,14.342245291445828,113.6,108.7,99.8,112.5,9.868580895391657,112.27000000000001,109.05,101.45000000000002,111.2,12.290918056299427,113.6,108.7,99.8,10119.720000000001,1.030358785648574,1.045078196872125,111.5044690737256,112.62803592267628
2024-12-06,99,141,108.1,107.8,111.0,116.8,102.1,103.1,0,0,110.8,15.221695043588289,108.1,111.0,102.1,110.2,7.726577508832764,107.8,116.8,103.1,112.3,12.275087689209203,108.1,111.0,102.1,111.5,10.721214690717,107.8,116.8,103.1,10526.509999999998,0.925513698630137,0.9711711711711711,117.20231726790014,113.10970734366
2024-12-07,102,116,104.0,119.1,113.0,109.8,100.7,102.0,0,0,104.0,15.668439615992382,104.0,113.0,100.7,117.6,8.14248119432889,119.1,109.8,102.0,108.1,14.955118038837279,104.0,113.0,100.7,118.8,11.602681682361894,118.47,109.85999999999999,101.72,10271.4,0.9471766848816029,1.0539823008849556,108.81744417409456,119.54168931344408
2024-12-07,122,113,103.9,117.2,115.9,113.4,103.7,102.1,0,0,109.2,14.515508947329375,103.9,115.9,103.7,115.0,14.730919862656226,117.2,113.4,102.1,109.4,12.46506228535496,104.34,116.02000000000001,103.81000000000002,117.8,15.866106432686507,117.2,113.4,102.1,10587.77,0.9162257495590829,1.0112165660051768,112.76604727323297,122.66231007964727
2024-12-07,109,119,107.6,117.3,116.9,104.8,101.7,102.6,0,0,109.0,14.404860290887916,107.6,116.9,101.7,120.4,10.310189135025597,117.3,104.8,102.6,111.2,12.108766337749739,107.6,116.9,101.7,116.1,12.94818734632591,117.3,104.8,102.6,10434.42,1.0267175572519083,1.003421727972626,110.11627906609422,122.69803838577944
2024-12-07,111,120,115.0,112.0,110.9,110.2,99.7,102.5,0,0,122.8,7.596051605933147,115.0,110.9,99.7,115.2,9.782637681116448,112.0,110.2,102.5,120.2,7.941452428030241,115.0,110.9,99.7,111.2,9.41393765765543,112.0,110.2,102.5,10219.25,1.043557168784029,1.0099188458070334,118.52669486864527,113.5025644757305
2024-12-07,118,125,107.6,112.1,111.8,113.3,102.3,101.6,0,0,116.4,16.13381541979452,107.6,111.8,102.3,125.4,13.352902306240349,112.1,113.3,101.6,117.5,12.1037184369102,107.6,111.8,102.3,120.3,11.700427342623003,112.1,113.3,101.6,10393.679999999998,0.9496910856134156,1.0026833631484795,114.71270123189723,116.71441919985183
2024-12-07,121,127,117.5,114.4,108.3,109.9,98.2,106.2,1,0,116.4,10.784247771634305,117.5,108.3,98.2,125.4,14.275853739794357,114.4,109.9,106.2,117.9,9.859569519563822,117.5,108.3,98.2,121.1,11.37687713449261,113.38,110.02000000000001,105.67999999999999,10428.84,1.0691537761601455,1.056325023084026,119.6495886345377,115.08192860517782
2024-12-07,121,111,110.8,113.7,110.3,116.7,98.5,99.2,0,0,116.0,12.144957801491117,110.8,110.3,98.5,116.8,8.526429498916876,113.7,116.7,99.2,110.6,11.749231653365486,110.88999999999999,110.25999999999999,98.47999999999999,112.2,12.576874722194635,113.82000000000001,116.22,99.35,9771.2,0.9494430162810625,1.0308250226654578,114.73605271516986,111.50328795897106
2024-12-08,100,108,111.9,109.0,113.4,115.2,104.9,99.9,0,0,120.4,10.139033484509266,111.9,113.4,104.9,103.0,9.46044396421228,109.0,115.2,99.9,117.3,12.499333315554615,111.9,113.4,104.9,105.2,10.840254199561373,109.0,115.2,99.9,10479.510000000002,0.9713541666666667,0.9611992945326279,118.9328166875608,114.34811790861814
2024-12-08,113,118,105.7,113.6,112.8,111.2,99.0,101.3,0,0,100.6,9.47628619238569,105.7,112.8,99.0,105.2,8.927485648266325,113.6,111.2,101.3,109.3,14.52239649644643,105.7,112.8,99.0,109.4,10.720696494786575,113.6,111.2,101.3,10028.699999999999,0.9505395683453237,1.0070921985815602,109.02775088336966,113.29135634033545
2024-12-08,109,113,114.1,104.0,111.9,113.0,101.9,100.7,0,1,120.2,7.190271204899011,114.1,111.9,101.9,106.4,10.33440854621109,104.0,113.0,100.7,118.5,8.984554647962362,114.1,111.9,101.9,106.6,10.762073323584982,104.30999999999999,113.44000000000001,100.56,10261.330000000002,1.0097345132743363,0.9294012511170687,120.21610574427676,108.39864965180755
2024-12-08,111,141,111.9,117.2,112.9,113.4,105.1,102.1,0,1,122.2,7.726577508832739,111.9,112.9,105.1,119.6,5.941380311005155,117.2,113.4,102.1,118.3,10.614978934401064,111.9,112.9,105.1,119.7,13.687382673266914,117.2,113.4,102.1,10730.71,0.9867724867724867,1.038086802480071,122.27491401298707,121.42826690912503
2024-12-08,122,113,110.8,119.1,110.3,109.8,98.5,102.0,1,1,118.8,11.122050170719422,110.8,110.3,98.5,118.8,7.120393247567136,119.1,109.8,102.0,112.8,11.390054140930784,110.8,110.3,98.5,119.3,11.333823518810823,119.1,109.8,102.0,10047.0,1.0091074681238617,1.0797824116047143,113.98266752953195,115.6224077158278
2024-12-08,115,110,106.5,113.7,106.6,116.7,98.7,99.2,0,1,114.8,14.28985654231701,106.5,106.6,98.7,114.0,7.382411530116692,113.7,116.7,99.2,114.4,11.471704319760041,106.91000000000001,106.8,98.77000000000001,113.0,12.174654911833128,113.7,116.7,99.2,9791.04,0.9125964010282777,1.0666041275797373,112.88592700877855,107.79909126328953
2024-12-08,112,140,103.9,114.4,115.9,109.9,103.7,106.2,1,1,107.0,10.198039027185528,103.9,115.9,103.7,126.0,14.265342617687123,114.4,109.9,106.2,109.0,11.925695879998914,103.9,115.9,103.7,122.2,11.360751148875432,114.4,109.9,106.2,11012.94,0.9454049135577798,0.9870578084555651,115.54712135598494,125.0143196858203
2024-12-08,121,116,111.7,107.6,114.4,116.9,101.7,101.7,0,1,113.6,11.326958991715285,111.7,114.4,101.7,99.0,12.328828005937952,107.6,116.9,101.7,116.4,11.14749598190852,111.7,114.4,101.7,98.6,10.15655234592721,107.6,116.9,101.7,10342.890000000001,0.9555175363558597,0.9405594405594405,120.1932455566271,111.8113989213071
2024-12-08,114,106,112.0,113.6,108.7,108.7,101.4,99.8,0,0,106.0,13.435028842544387,112.0,108.7,101.4,104.6,3.9115214431215932,113.6,108.7,99.8,110.5,12.186057606953971,112.0,108.7,101.4,111.1,12.323870243465661,113.6,108.7,99.8,10119.720000000001,1.030358785648574,1.045078196872125,112.20756752145672,111.33326159443196
2024-12-08,106,117,112.4,111.4,107.8,107.0,99.8,102.1,0,0,105.6,17.285832349065533,112.4,107.8,99.8,111.8,20.535335400231464,111.4,107.0,102.1,106.7,13.425100868646464,112.4,107.8,99.8,109.7,13.936761938604413,111.4,107.0,102.1,10189.58,1.0504672897196263,1.0333951762523192,112.27661266754659,110.56213508853513
2024-12-08,141,97,113.8,107.8,113.3,116.8,100.7,103.1,0,0,113.2,9.338094023942995,113.8,113.3,100.7,118.4,13.66747965061592,107.8,116.8,103.1,113.9,9.723396754449867,113.8,113.3,100.7,113.8,14.179797835888504,107.8,116.8,103.1,10382.17,0.9743150684931506,0.9514563106796117,120.93219590408803,114.22328189563389
2024-12-08,107,98,113.4,108.1,112.2,111.0,99.7,102.1,0,0,117.4,9.787747442593735,113.4,112.2,99.7,103.4,6.387487769068563,108.1,111.0,102.1,116.8,11.970333699980406,113.4,112.2,99.7,104.1,7.078135347674459,108.1,111.0,102.1,10179.369999999999,1.0216216216216216,0.963458110516934,116.90515224489336,110.6939798652703
2024-12-09,108,113,107.6,115.0,111.8,110.9,102.3,99.7,0,0,113.8,14.113823011501863,107.6,111.8,102.3,124.8,16.330952207388307,115.0,110.9,99.7,117.1,12.004165943538096,107.6,111.8,102.3,119.0,14.598325626972196,115.0,110.9,99.7,10199.31,0.9702434625788998,1.0286225402504472,111.65402006259473,116.95660816207729
2024-12-19,119,126,112.0,107.8,110.2,116.8,102.5,103.1,0,0,106.2,10.68644000591404,112.0,110.2,102.5,115.6,16.66733332000054,107.8,116.8,103.1,107.8,8.96660470858389,112.0,110.2,102.5,112.9,14.99222020471512,107.8,116.8,103.1,10567.75,0.9589041095890412,0.9782214156079855,119.91460029846735,113.54825806446918
2024-12-19,99,105,106.5,117.3,106.6,104.8,98.7,102.6,0,0,114.8,14.28985654231701,106.5,106.6,98.7,119.8,10.281050529979893,117.3,104.8,102.6,113.6,11.077504733066572,106.5,106.6,98.7,117.9,11.81759516803455,117.3,104.8,102.6,10126.619999999999,1.0162213740458015,1.100375234521576,108.23545980199404,112.9850311515656
2024-12-19,123,114,103.9,104.0,115.9,113.0,103.7,100.7,0,0,107.0,10.198039027185528,103.9,115.9,103.7,110.4,7.266360849834035,104.0,113.0,100.7,110.6,11.027239001672221,103.9,115.9,103.7,107.9,10.660935960578373,104.0,113.0,100.7,10442.59,0.9194690265486726,0.89732528041415,111.164292171673,113.51395674820503
2024-12-19,108,117,117.5,111.9,108.3,113.4,98.2,104.9,0,0,119.2,9.471008394041233,117.5,108.3,98.2,122.0,11.81101181101771,111.9,113.4,104.9,116.8,8.651268372004505,117.5,108.3,98.2,120.5,12.066942906598335,111.9,113.4,104.9,10301.18,1.0361552028218695,1.033240997229917,122.14787405156221,112.22691227769573
2024-12-19,94,101,107.6,105.7,111.8,112.8,102.3,99.0,0,0,109.4,10.853570840972084,107.6,111.8,102.3,113.8,12.696456198483048,105.7,112.8,99.0,117.3,11.813833698959305,107.6,111.8,102.3,110.0,10.666666666666643,105.7,112.8,99.0,10127.699999999999,0.9539007092198581,0.945438282647585,111.59587047145325,110.11877776277458
2024-12-19,133,113,111.4,107.6,107.0,116.9,102.1,101.7,0,0,113.0,12.144957801491087,111.4,107.0,102.1,104.6,12.441864811996632,107.6,116.9,101.7,115.5,11.017662587358897,111.4,107.0,102.1,99.7,11.441153787971022,107.6,116.9,101.7,10383.57,0.9529512403763901,1.0056074766355139,118.73369103506249,108.96572359613211
2024-12-19,144,93,114.4,112.0,109.9,108.7,106.2,101.4,0,0,124.4,8.988882021697709,114.4,109.9,106.2,108.4,13.483323032546576,112.0,108.7,101.4,121.4,10.595596569644519,114.4,109.9,106.2,117.9,14.46413188238802,112.0,108.7,101.4,10768.68,1.0524379024839006,1.019108280254777,120.12550333638262,116.45074294437528
2024-12-19,107,133,113.6,115.0,108.7,110.9,99.8,99.7,0,0,110.8,13.02689525558562,113.6,108.7,99.8,123.2,17.166828478201822,115.0,110.9,99.7,110.6,10.976743091140003,113.6,108.7,99.8,119.4,14.346505575303842,115.0,110.9,99.7,9950.06,1.024346257889991,1.0579576816927323,114.19430008333023,112.8659857632494
2024-12-19,95,118,112.1,112.4,113.3,107.8,101.6,99.8,0,0,119.6,8.354639429682173,112.1,113.3,101.6,114.2,14.889593681494459,112.4,107.8,99.8,115.9,8.698020208964643,112.1,113.3,101.6,109.5,12.231562087939102,112.4,107.8,99.8,10139.679999999998,1.0398886827458256,0.9920564872021184,113.626826274916,114.99708530142608
2024-12-19,111,120,113.7,114.1,116.7,111.9,99.2,101.9,0,0,113.8,8.871302046486782,113.7,116.7,99.2,115.0,15.572411502397431,114.1,111.9,101.9,112.8,7.177124153246387,113.7,116.7,99.2,111.5,17.846568297574713,114.1,111.9,101.9,10108.480000000001,1.0160857908847185,0.9777206512425021,116.69417869295617,117.64597663928829
2024-12-19,133,126,111.7,111.9,114.4,112.9,101.7,105.1,0,0,112.6,10.114346246792215,111.7,114.4,101.7,113.4,14.38054240979805,111.9,112.9,105.1,117.2,11.163432367431716,111.7,114.4,101.7,114.8,11.39005414093077,111.9,112.9,105.1,10688.67,0.9893711248892825,0.9781468531468531,120.03971117606652,118.89660639134975
2024-12-19,126,124,108.1,117.2,111.0,113.4,102.1,102.1,0,0,107.8,15.896540504147444,108.1,111.0,102.1,122.4,11.238327277669026,117.2,113.4,102.1,110.0,12.40967364599079,108.1,111.0,102.1,121.6,15.269432063949152,117.2,113.4,102.1,10424.409999999998,0.9532627865961198,1.055855855855856,114.46299638254595,118.87764755471437
2024-12-19,100,113,113.8,113.4,113.3,112.2,100.7,99.7,0,0,117.2,15.658863304850703,113.8,113.3,100.7,105.8,20.559669258040117,113.4,112.2,99.7,116.5,12.980754985747225,113.8,113.3,100.7,109.1,16.03087299210162,113.4,112.2,99.7,10039.79,1.014260249554367,1.000882612533098,116.03698098725314,113.91127112889055
2024-12-20,108,98,109.0,104.0,115.2,113.0,99.9,100.7,0,1,104.8,6.220932405998359,109.0,115.2,99.9,112.2,6.685805860178769,104.0,113.0,100.7,105.5,6.150880695748589,109.0,115.2,99.9,110.4,8.435375246872761,104.0,113.0,100.7,10059.93,0.9646017699115044,0.9027777777777778,113.95100630557005,109.43329032377784
2024-12-20,124,101,119.1,113.6,109.8,111.2,102.0,101.3,0,0,123.0,5.000000000000022,119.1,109.8,102.0,109.0,9.643650760993017,113.6,111.2,101.3,122.0,8.602325267042701,119.1,109.8,102.0,110.6,10.966616007988193,113.6,111.2,101.3,10332.6,1.0710431654676258,1.034608378870674,122.3210969896959,114.07144010778703
2024-12-20,97,104,110.8,117.3,110.3,104.8,98.5,102.6,0,1,121.2,9.98498873309329,110.8,110.3,98.5,114.8,10.158740079360228,117.3,104.8,102.6,114.7,11.155965021259112,110.8,110.3,98.5,118.2,11.399805066559402,117.3,104.8,102.6,10106.099999999999,1.0572519083969465,1.0634632819582956,113.03977391356558,113.95093568925924
2024-12-21,99,103,113.8,113.4,113.3,112.2,100.7,99.7,0,0,115.6,17.169740825067798,113.8,113.3,100.7,104.6,19.756011743264374,113.4,112.2,99.7,115.4,13.929983648391193,113.8,113.3,100.7,109.4,16.07758964798185,113.4,112.2,99.7,10039.79,1.014260249554367,1.000882612533098,115.77916249957333,113.76806217945102
2024-12-21,121,114,106.5,110.8,106.6,110.3,98.7,98.5,0,1,110.4,15.257784898208529,106.5,106.6,98.7,101.6,11.10405331399304,110.8,110.3,98.5,112.1,11.994906326344479,106.5,106.6,98.7,110.1,12.142212868062023,110.8,110.3,98.5,9721.95,0.9655485040797824,1.0393996247654784,109.04455771989913,104.45295670923109
2024-12-21,112,128,111.9,114.4,112.9,109.9,105.1,106.2,0,0,120.2,9.25742944882648,111.9,112.9,105.1,133.2,8.1670067956382,114.4,109.9,106.2,117.4,10.834102536794562,111.9,112.9,105.1,124.4,12.527303514058472,114.4,109.9,106.2,11161.619999999999,1.0181983621474067,1.0132860938883967,123.34366608037725,125.7622288699912
2024-12-21,94,105,105.7,107.8,112.8,116.8,99.0,103.1,0,0,104.8,9.36482781475451,105.7,112.8,99.0,117.4,17.32916616574497,107.8,116.8,103.1,109.0,14.399074044303436,105.7,112.8,99.0,115.3,14.974422637729141,107.8,116.8,103.1,10206.9,0.9049657534246576,0.9556737588652482,113.16172909379686,112.26872418038174
2024-12-21,126,99,119.1,109.0,109.8,115.2,102.0,99.9,1,1,122.2,4.266145801540334,119.1,109.8,102.0,105.0,9.192388155425148,109.0,115.2,99.9,122.4,8.591985930052699,119.1,109.8,102.0,107.4,8.4878998842141,109.0,115.2,99.9,10189.800000000001,1.0338541666666665,0.9927140255009108,123.338483840177,109.73927564413779
2024-12-21,98,123,111.9,117.5,113.4,108.3,104.9,98.2,0,0,117.8,13.590437814875578,111.9,113.4,104.9,119.8,11.713240371477028,117.5,108.3,98.2,114.4,12.842637320010775,111.9,113.4,104.9,123.9,10.004998750624422,117.5,108.3,98.2,10301.18,1.033240997229917,1.0361552028218695,113.08206302329596,119.31760104298058
2024-12-21,112,101,113.6,103.9,111.2,115.9,101.3,103.7,1,0,115.2,11.69187752245116,113.6,111.2,101.3,109.0,14.142135623730935,103.9,115.9,103.7,116.8,9.658617338360864,113.6,111.2,101.3,106.8,13.71779055743962,103.9,115.9,103.7,10504.81,0.9801553062985331,0.9343525179856116,120.2289373988724,111.24747405284867
2024-12-21,103,113,113.6,112.0,108.7,108.7,99.8,101.4,0,0,106.8,9.364827814754477,113.6,108.7,99.8,103.6,13.92120684423592,112.0,108.7,101.4,112.0,9.237604307034047,113.6,108.7,99.8,113.2,14.11697166140422,112.0,108.7,101.4,10119.720000000001,1.045078196872125,1.030358785648574,114.06104559401125,110.09257662875271
2024-12-21,93,104,107.6,115.0,116.9,110.9,101.7,99.7,0,0,106.4,12.5219806739988,107.6,116.9,101.7,122.2,16.208022704821246,115.0,110.9,99.7,111.3,12.083505745896352,107.6,116.9,101.7,121.1,14.895562351847605,115.0,110.9,99.7,10139.49,0.9702434625788998,0.9837467921300256,110.62178868707775,119.46382067091388
2024-12-21,113,97,112.1,112.4,113.3,107.8,101.6,99.8,0,0,113.2,12.497999839974398,112.1,113.3,101.6,112.2,13.141537200799597,112.4,107.8,99.8,113.3,10.667187487284988,112.1,113.3,101.6,110.9,12.332882874656596,112.4,107.8,99.8,10139.679999999998,1.0398886827458256,0.9920564872021184,112.69367438657883,114.74072460359227
2024-12-21,114,94,111.7,108.1,114.4,111.0,101.7,102.1,0,0,118.4,12.074767078498853,111.7,114.4,101.7,102.6,6.841052550594862,108.1,111.0,102.1,118.7,12.238827104297563,111.7,114.4,101.7,104.1,7.078135347674459,108.1,111.0,102.1,10383.57,1.0063063063063062,0.9449300699300698,116.95004276782859,113.61649952781583
2024-12-21,125,133,113.7,112.0,116.7,110.2,99.2,102.5,0,0,112.4,8.590692637965844,113.7,116.7,99.2,114.4,9.016651263079845,112.0,110.2,102.5,112.5,7.18408735408421,113.7,116.7,99.2,113.4,8.51404069105205,112.0,110.2,102.5,10168.0,1.0317604355716878,0.9597257926306769,116.09474037609178,116.60265092008679
2024-12-22,110,114,107.6,111.4,111.8,107.0,102.3,102.1,0,0,106.2,12.814054783713058,107.6,111.8,102.3,115.0,19.65960325133749,111.4,107.0,102.1,115.2,13.9427400463467,107.6,111.8,102.3,110.3,14.126806669119034,111.4,107.0,102.1,10444.83,1.0056074766355139,0.9964221824686942,111.12493297426852,115.68259221782202
2024-12-22,95,122,113.8,114.1,113.3,111.9,100.7,101.9,1,0,114.8,17.977764043395382,113.8,113.3,100.7,115.2,15.642889758609176,114.1,111.9,101.9,113.1,14.60175027560439,113.8,113.3,100.7,112.0,18.02467444612767,114.1,111.9,101.9,10261.330000000002,1.0169794459338695,1.0070609002647837,116.14163637520682,117.2860447249076
2024-12-22,129,132,107.6,117.2,116.9,113.4,101.7,102.1,1,0,104.0,13.9283882771841,107.6,116.9,101.7,122.8,11.256109452204154,117.2,113.4,102.1,108.3,12.570247058475378,107.6,116.9,101.7,121.3,15.180762680298985,117.2,113.4,102.1,10383.57,0.9488536155202821,1.0025662959794697,112.39184928806255,123.01685093857031
2024-12-23,101,114,104.0,111.4,113.0,107.0,100.7,102.1,0,1,101.4,14.415269681833896,104.0,113.0,100.7,109.2,12.194260945215154,111.4,107.0,102.1,104.5,10.67967956240052,104.0,113.0,100.7,111.1,14.082692293102964,111.4,107.0,102.1,10281.47,0.9719626168224299,0.9858407079646018,108.51554966369139,113.50655490767899
2024-12-23,124,113,119.1,107.8,109.8,116.8,102.0,103.1,0,0,123.0,4.582575694955864,119.1,109.8,102.0,117.4,17.32916616574497,107.8,116.8,103.1,123.4,8.34266144584577,119.1,109.8,102.0,115.5,14.80427866080169,107.8,116.8,103.1,10516.199999999999,1.0196917808219177,0.9817850637522769,126.95623269075888,113.00078183449585
2024-12-23,108,104,106.5,117.5,106.6,108.3,98.7,98.2,0,0,115.8,12.537942414925993,106.5,106.6,98.7,121.8,11.099549540409257,117.5,108.3,98.2,114.4,11.167412910388526,106.5,106.6,98.7,122.4,8.69482604771348,117.5,108.3,98.2,9692.34,0.9833795013850416,1.102251407129456,107.23191559895191,110.8819603043705
2024-12-23,111,106,109.0,111.7,115.2,114.4,99.9,101.7,0,0,105.2,6.379655163094673,109.0,115.2,99.9,106.0,12.747548783981951,111.7,114.4,101.7,105.0,5.656854249492313,109.0,115.2,99.9,104.7,13.367040726270726,111.28,114.33000000000001,101.88000000000001,10159.830000000002,0.9527972027972027,0.9696180555555556,114.01429717709259,114.87015765811864
2024-12-23,117,104,111.9,113.6,112.9,108.7,105.1,99.8,0,0,120.0,9.460443964212235,111.9,112.9,105.1,106.2,1.3038404810405468,113.6,108.7,99.8,116.1,10.598217879541016,111.9,112.9,105.1,108.7,10.424863441684897,113.6,108.7,99.8,10488.98,1.029438822447102,1.0062001771479183,115.59909905564032,117.02178971189352
2024-12-23,110,95,110.8,105.7,110.3,112.8,98.5,99.0,0,0,119.4,13.575713609236164,110.8,110.3,98.5,113.2,13.330416347586393,105.7,112.8,99.0,112.3,12.184233892845159,110.8,110.3,98.5,110.0,10.666666666666645,105.7,112.8,99.0,9751.5,0.9822695035460993,0.958295557570263,113.14540893011248,106.55871129162611
2024-12-23,139,125,115.0,107.6,110.9,111.8,99.7,102.3,0,1,120.4,9.23579991121503,115.0,110.9,99.7,110.6,10.014988766843432,107.6,111.8,102.3,118.9,8.305955025696296,115.0,110.9,99.7,111.6,11.18729438048155,107.6,111.8,102.3,10199.31,1.0286225402504472,0.9702434625788998,120.23187942745633,109.45177267555442
2024-12-23,91,112,111.9,113.6,113.4,111.2,104.9,101.3,0,0,116.0,15.795568998931317,111.9,113.4,104.9,106.4,9.710818709048235,113.6,111.2,101.3,114.7,12.365273955719712,111.9,113.4,104.9,107.9,9.421606374003423,113.6,111.2,101.3,10626.37,1.006294964028777,1.001763668430335,117.69517340180077,118.49592234979629
2024-12-23,110,114,114.4,112.4,109.9,107.8,106.2,99.8,0,0,129.8,11.256109452204177,114.4,109.9,106.2,111.0,14.404860290887923,112.4,107.8,99.8,125.2,11.25265400793155,114.4,109.9,106.2,111.4,11.558546621439822,112.4,107.8,99.8,10598.76,1.0612244897959184,1.0227479526842584,118.22980661348605,115.62773905192161
2024-12-23,123,105,117.3,103.9,104.8,115.9,102.6,103.7,0,0,116.8,10.94074951728628,117.3,104.8,102.6,110.8,11.819475453673887,103.9,115.9,103.7,117.8,12.016655108639807,117.3,104.8,102.6,105.2,13.323329580518278,103.9,115.9,103.7,10639.619999999999,1.0120793787748057,0.9914122137404581,125.16705681512911,107.97733469567603
2024-12-23,132,108,112.1,108.1,113.3,111.0,101.6,102.1,0,0,112.0,12.083045973594576,112.1,113.3,101.6,101.6,7.7974354758472,108.1,111.0,102.1,112.6,10.4051269414009,112.1,113.3,101.6,102.9,7.7093017409705755,108.1,111.0,102.1,10373.359999999999,1.0099099099099098,0.9541041482789056,116.38081939725785,112.7720779243345
2024-12-23,117,90,117.2,113.7,113.4,116.7,102.1,99.2,1,0,124.0,6.519202405202662,117.2,113.4,102.1,113.2,7.5960516059331695,113.7,116.7,99.2,117.9,13.469719126000161,117.2,113.4,102.1,112.0,11.944315244779306,113.7,116.7,99.2,10128.32,1.0042844901456727,1.0026455026455026,120.881726712184,116.12165007247054
2024-12-23,105,111,112.0,114.1,108.7,111.9,101.4,101.9,0,1,104.8,12.07062550160511,112.0,108.7,101.4,117.0,15.842979517754854,114.1,111.9,101.9,109.9,11.808189248709313,112.0,108.7,101.4,112.4,18.215988093491422,114.1,111.9,101.9,10332.660000000002,1.000893655049151,1.0496780128794847,117.04119998277257,113.47788514814683
2024-12-23,114,117,113.4,112.0,112.2,110.2,99.7,102.5,0,0,115.6,10.876580344942992,113.4,112.2,99.7,116.8,12.235195135346205,112.0,110.2,102.5,115.1,12.041133206176521,113.4,112.2,99.7,116.2,9.930872178324718,112.0,110.2,102.5,10219.25,1.029038112522686,0.9982174688057041,116.51177807750878,114.435388703684
2024-12-25,117,114,115.0,111.7,110.9,114.4,99.7,101.7,0,0,125.4,11.414902540100792,115.0,110.9,99.7,106.0,12.747548783981951,111.7,114.4,101.7,120.7,10.478019320887402,115.0,110.9,99.7,105.9,12.827487846201478,111.7,114.4,101.7,10139.49,1.0052447552447552,1.0072137060414788,120.20887905262191,111.9272078953384
2024-12-25,99,105,112.1,113.6,113.3,108.7,101.6,99.8,0,0,115.8,15.089731607951153,112.1,113.3,101.6,106.0,1.5811388300842035,113.6,108.7,99.8,114.8,11.998148005236342,112.1,113.3,101.6,108.8,10.368756488176949,113.6,108.7,99.8,10139.679999999998,1.031278748850046,1.002647837599294,113.37339573082215,114.76270631481388
2024-12-25,114,118,117.5,109.0,108.3,115.2,98.2,99.9,0,0,115.6,9.659192512834574,117.5,108.3,98.2,103.6,9.528903399657304,109.0,115.2,99.9,115.7,9.031426613036718,117.5,108.3,98.2,106.3,8.819800955173875,109.0,115.2,99.9,9810.18,1.0199652777777777,1.0064635272391504,119.22770962876564,106.28138840935506
2024-12-25,113,115,112.0,113.4,108.7,112.2,101.4,99.7,0,0,101.8,8.757853618324502,112.0,108.7,101.4,104.2,19.766132651583614,113.4,112.2,99.7,108.1,10.928555866780142,112.0,108.7,101.4,106.6,14.229859060752988,113.4,112.2,99.7,10109.580000000002,0.9982174688057041,1.0432382704691812,113.74565338864784,111.18700354365755
2024-12-25,110,100,113.7,117.2,116.7,113.4,99.2,102.1,0,0,117.6,5.899152481501097,113.7,116.7,99.2,124.8,11.945710527214347,117.2,113.4,102.1,114.1,8.047774019358911,113.7,116.7,99.2,120.1,13.576532039597781,117.2,113.4,102.1,10128.32,1.0026455026455026,1.0042844901456727,118.21271234001978,120.52352733691788
2024-12-26,114,120,114.1,117.3,111.9,104.8,101.9,102.6,0,0,115.6,4.669047011971488,114.1,111.9,101.9,114.6,10.406728592598148,117.3,104.8,102.6,118.3,9.189970378382911,114.1,111.9,101.9,117.2,12.218383235472984,117.3,104.8,102.6,10454.94,1.088740458015267,1.0482573726541555,115.49866202018495,118.90817575845823
2024-12-26,88,89,106.5,110.8,106.6,110.3,98.7,98.5,0,0,115.2,12.891857895586666,106.5,106.6,98.7,105.4,11.52388823271034,110.8,110.3,98.5,113.6,11.325487480310409,106.5,106.6,98.7,109.4,11.635195648452825,110.8,110.3,98.5,9721.95,0.9655485040797824,1.0393996247654784,108.35948332969487,105.84852341361524
2024-12-26,113,110,103.9,104.0,115.9,113.0,103.7,100.7,0,0,110.8,12.153188881935439,103.9,115.9,103.7,109.0,9.027735042633937,104.0,113.0,100.7,112.1,11.637582795981922,103.9,115.9,103.7,108.7,9.092732140439171,104.0,113.0,100.7,10442.59,0.9194690265486726,0.89732528041415,111.48900820361169,113.32601340296623
2024-12-26,141,133,111.9,111.9,112.9,113.4,105.1,104.9,0,0,119.6,9.555103348472986,111.9,112.9,105.1,120.6,11.928956366757314,111.9,113.4,104.9,115.9,10.55619881080941,111.9,112.9,105.1,118.9,11.25907041751939,111.9,113.4,104.9,11024.99,0.9867724867724867,0.9911426040744021,123.59409557892,121.87004859383087
2024-12-26,155,126,114.4,107.6,109.9,111.8,106.2,102.3,0,0,127.2,14.307340773183542,114.4,109.9,106.2,115.0,10.653637876331265,107.6,111.8,102.3,124.0,12.229290885229258,114.4,109.9,106.2,114.0,11.23486636423505,107.6,111.8,102.3,10864.26,1.0232558139534884,0.9790718835304821,122.9369256857385,115.67179612494743
2024-12-26,105,111,113.6,105.7,111.2,112.8,101.3,99.0,0,0,117.4,9.099450532861795,113.6,111.2,101.3,110.6,15.662056059151315,105.7,112.8,99.0,115.8,9.577751997902737,113.6,111.2,101.3,107.6,11.107554986484498,105.7,112.8,99.0,10028.699999999999,1.0070921985815602,0.9505395683453237,116.20960660684145,108.7516948228261
2024-12-26,111,128,107.6,111.4,116.9,107.0,101.7,102.1,0,0,110.0,17.291616465790565,107.6,116.9,101.7,112.0,11.113055385446415,111.4,107.0,102.1,108.7,13.208162459462464,107.6,116.9,101.7,111.9,13.987693003335291,111.4,107.0,102.1,10383.57,1.0056074766355139,0.9529512403763901,110.86845705216619,117.99680330831157
2024-12-26,122,120,108.1,107.8,111.0,116.8,102.1,103.1,0,0,115.2,13.367871932360822,108.1,111.0,102.1,116.4,17.42985943718423,107.8,116.8,103.1,111.1,13.35373439237954,108.1,111.0,102.1,113.3,13.123769783615332,107.8,116.8,103.1,10526.509999999998,0.925513698630137,0.9711711711711711,117.7967257739485,113.78443353170819
2024-12-26,113,114,113.8,112.0,113.3,110.2,100.7,102.5,0,0,112.0,20.07485989988473,113.8,113.3,100.7,120.2,8.043631020876047,112.0,110.2,102.5,112.8,14.97256750787184,113.8,113.3,100.7,117.3,9.262229153335106,112.0,110.2,102.5,10321.75,1.0326678765880217,0.9885260370697264,116.48756304378124,116.3659388947818
2024-12-27,85,108,106.5,115.0,106.6,110.9,98.7,99.7,1,0,106.2,13.065221008463665,106.5,106.6,98.7,121.8,16.72423391369545,115.0,110.9,99.7,110.5,13.680886910820787,106.5,106.6,98.7,118.7,15.578118557058803,115.0,110.9,99.7,9840.390000000001,0.9603246167718665,1.0787992495309568,107.33962268067447,110.98100075320014
2024-12-27,142,105,117.5,114.1,108.3,111.9,98.2,101.9,0,1,116.8,8.814760348415577,117.5,108.3,98.2,115.0,15.842979517754854,114.1,111.9,101.9,115.9,8.962266578395411,117.5,108.3,98.2,110.1,16.562675575589243,114.1,111.9,101.9,10006.580000000002,1.0500446827524574,1.0535549399815327,120.40549591541259,110.38319832573833
2024-12-27,87,96,105.7,111.7,112.8,114.4,99.0,101.7,1,0,102.4,10.454664030948088,105.7,112.8,99.0,108.0,13.133925536563686,111.7,114.4,101.7,108.4,14.930952191114033,105.7,112.8,99.0,104.5,10.74192202954813,111.7,114.4,101.7,10068.300000000001,0.923951048951049,0.9902482269503546,109.68358604652957,113.3864199825277
2024-12-27,112,113,111.4,113.6,107.0,108.7,102.1,99.8,1,0,118.2,14.307340773183506,111.4,107.0,102.1,106.0,1.5811388300842035,113.6,108.7,99.8,118.3,11.595497210363783,111.4,107.0,102.1,107.6,10.002221975363517,113.6,108.7,99.8,10189.58,1.0248390064397424,1.061682242990654,112.29997463572967,111.39662577211163
2024-12-27,124,132,107.6,114.4,116.9,109.9,101.7,106.2,1,1,113.6,14.518953130305208,107.6,116.9,101.7,132.0,8.455767262643912,114.4,109.9,106.2,108.7,13.208162459462464,107.6,116.9,101.7,125.6,12.203824537141712,114.4,109.9,106.2,10800.54,0.9790718835304821,0.9786142001710864,116.79344998647849,124.1888272806694
2024-12-27,135,149,117.2,119.1,113.4,109.8,102.1,102.0,0,0,123.2,7.190271204899032,117.2,113.4,102.1,118.6,7.3006848993775675,119.1,109.8,102.0,117.6,13.451146171733265,117.2,113.4,102.1,118.9,11.493476410555424,119.1,109.8,102.0,10414.199999999999,1.0673952641165756,1.0502645502645502,120.87737387073958,121.12216563199982
2024-12-27,89,98,113.7,112.1,116.7,113.3,99.2,101.6,0,0,115.2,6.099180272790807,113.7,116.7,99.2,126.8,12.735776379946328,112.1,113.3,101.6,114.8,7.238784428341657,113.7,116.7,99.2,122.6,9.811557810392113,112.1,113.3,101.6,10078.72,1.0035304501323918,0.9605826906598114,117.51004889201059,117.40458640377283
2024-12-27,102,92,112.4,112.0,107.8,108.7,99.8,101.4,0,0,103.6,16.334013591276346,112.4,107.8,99.8,100.8,8.318653737234227,112.0,108.7,101.4,105.4,12.712198865656505,112.4,107.8,99.8,111.8,13.2648239926339,112.0,108.7,101.4,10119.720000000001,1.0340386384544618,1.038961038961039,112.53114450679708,109.17931039326103
2024-12-28,120,110,111.9,110.8,112.9,110.3,105.1,98.5,0,0,123.0,13.656500283747665,111.9,112.9,105.1,101.2,13.1415372007996,110.8,110.3,98.5,118.5,13.184586961044097,111.9,112.9,105.1,105.9,12.013418423671958,110.8,110.3,98.5,10352.349999999999,1.0145058930190392,0.9813994685562444,115.18521511606691,113.78138521327215
2024-12-28,94,106,104.0,117.3,113.0,104.8,100.7,102.6,0,0,97.0,8.185352771872422,104.0,113.0,100.7,115.4,10.69111780872327,117.3,104.8,102.6,103.7,10.604506379627253,104.0,113.0,100.7,115.5,10.168032695113055,117.3,104.8,102.6,10331.82,0.9923664122137404,1.0380530973451327,106.26510719669352,118.74032997152051
2024-12-28,132,136,103.9,115.0,115.9,110.9,103.7,99.7,0,1,114.2,8.927485648266211,103.9,115.9,103.7,114.4,11.148990985735034,115.0,110.9,99.7,113.2,11.083521301664268,103.9,115.9,103.7,119.8,14.20328600477141,115.0,110.9,99.7,10338.890000000001,0.9368800721370604,0.992234685073339,111.46727400380813,118.44222256929153
2024-12-28,116,111,111.9,113.6,113.4,111.2,104.9,101.3,0,0,108.0,16.416455159382007,111.9,113.4,104.9,110.0,6.892024376045198,113.6,111.2,101.3,113.6,14.001587211614426,111.9,113.4,104.9,106.7,7.761013679496266,113.6,111.2,101.3,10626.37,1.006294964028777,1.001763668430335,116.79640556831859,118.9329274177783
2024-12-28,109,105,112.0,113.7,108.7,116.7,101.4,99.2,1,1,104.2,10.03493896344166,112.0,108.7,101.4,110.4,12.700393694685214,113.7,116.7,99.2,109.0,10.923979738782677,112.0,108.7,101.4,112.7,10.122033173012031,113.7,116.7,99.2,10058.880000000001,0.9597257926306769,1.045998160073597,115.76128594143678,111.19465154278681
2024-12-28,134,121,117.2,112.0,113.4,110.2,102.1,102.5,1,0,125.4,8.96102672688795,117.2,113.4,102.1,120.8,7.259476565152575,112.0,110.2,102.5,119.2,14.543421575100973,117.2,113.4,102.1,118.0,8.640987597877263,112.0,110.2,102.5,10465.25,1.0635208711433757,0.9876543209876543,120.55983254662347,118.21360678043624
2024-12-28,111,114,107.8,109.0,116.8,115.2,103.1,99.9,0,0,107.4,10.644247272588144,107.8,116.8,103.1,109.4,6.877499545619799,109.0,115.2,99.9,104.6,13.631662489300991,107.8,116.8,103.1,107.4,9.570788891204176,109.0,115.2,99.9,10299.69,0.9357638888888888,0.9332191780821918,113.70029742113205,115.8009228035678
2024-12-28,126,122,108.1,112.1,111.0,113.3,102.1,101.6,0,1,118.4,12.501999840025604,108.1,111.0,102.1,120.6,17.896927110540478,112.1,113.3,101.6,112.9,13.502674632168976,108.1,111.0,102.1,120.4,12.545030003064072,112.1,113.3,101.6,10373.359999999999,0.9541041482789056,1.0099099099099098,116.70385334214077,114.52260935743682
2024-12-28,132,122,113.4,113.8,112.2,113.3,99.7,100.7,0,0,113.8,10.059821071967443,113.4,112.2,99.7,117.6,16.742162345408047,113.8,113.3,100.7,117.2,9.27122190196919,113.4,112.2,99.7,119.0,12.436505404118414,113.8,113.3,100.7,10039.79,1.000882612533098,1.014260249554367,116.55250228003848,114.44623042285086
2024-12-29,102,101,106.5,105.7,106.6,112.8,98.7,99.0,0,0,100.2,14.788509052639496,106.5,106.6,98.7,107.2,12.457929201917878,105.7,112.8,99.0,107.5,15.721535124365792,106.5,106.6,98.7,108.3,11.076000080253559,105.7,112.8,99.0,9771.300000000001,0.9441489361702128,0.9915572232645404,108.13664814727606,103.61633501946145
2024-12-29,114,123,117.5,114.1,108.3,111.9,98.2,101.9,0,0,119.2,13.627178724886509,117.5,108.3,98.2,118.0,10.416333327999821,114.1,111.9,101.9,119.3,11.671903586533526,117.5,108.3,98.2,112.3,13.792510044706596,114.1,111.9,101.9,10006.580000000002,1.0500446827524574,1.0535549399815327,119.10692850021704,111.6258346182485
2024-12-29,107,136,107.6,111.9,111.8,112.9,102.3,105.1,0,1,104.4,11.081516141756032,107.6,111.8,102.3,116.8,15.073154945133428,111.9,112.9,105.1,113.7,13.57325802205695,107.6,111.8,102.3,117.0,11.19523708249781,111.9,112.9,105.1,10751.73,0.9530558015943311,1.0008944543828266,118.10933074741378,117.22682100912571
2024-12-29,100,104,111.4,110.8,107.0,110.3,102.1,98.5,0,1,118.4,14.188023118109133,111.4,107.0,102.1,103.6,13.501851724856108,110.8,110.3,98.5,116.7,11.205653335110167,111.4,107.0,102.1,105.5,11.778039829369781,110.8,110.3,98.5,10056.849999999999,1.0099728014505893,1.0355140186915888,114.50859210478421,107.24862200351687
2024-12-29,130,106,117.3,114.4,104.8,109.9,102.6,106.2,1,0,118.2,11.256109452204166,117.3,104.8,102.6,133.8,6.870225614927106,114.4,109.9,106.2,116.8,10.982814858779191,117.3,104.8,102.6,126.2,12.372011423639876,114.4,109.9,106.2,10896.119999999999,1.067333939945405,1.0916030534351147,123.28160393570977,118.06481510969584
2024-12-29,112,110,113.6,111.7,108.7,114.4,99.8,101.7,0,0,108.6,6.804410334481536,113.6,108.7,99.8,107.2,13.845576911057181,111.7,114.4,101.7,111.1,9.66609193693781,113.6,108.7,99.8,104.8,10.422198531126947,111.7,114.4,101.7,10149.66,0.9930069930069929,1.0275988960441582,117.62976431011954,110.67548507503797
2024-12-30,108,115,104.0,111.9,113.0,113.4,100.7,104.9,0,0,99.0,4.690415759823381,104.0,113.0,100.7,122.8,13.198484761517129,111.9,113.4,104.9,102.8,11.043348928452588,104.0,113.0,100.7,119.6,11.946175585144575,111.9,113.4,104.9,10563.43,0.9171075837742504,0.9902654867256637,112.77102542441617,117.8930632957418
2024-12-30,106,126,103.9,115.0,115.9,110.9,103.7,99.7,0,0,120.4,8.203657720797422,103.9,115.9,103.7,118.8,14.720733677368159,115.0,110.9,99.7,114.8,12.585706178041871,103.9,115.9,103.7,121.8,14.994813918300103,115.0,110.9,99.7,10338.890000000001,0.9368800721370604,0.992234685073339,110.87235718305594,119.85278302825691
2024-12-30,113,116,107.6,112.4,116.9,107.8,101.7,99.8,0,0,113.2,14.113823011501857,107.6,116.9,101.7,108.8,12.43784547258888,112.4,107.8,99.8,111.1,13.6255478992793,107.6,116.9,101.7,111.9,11.55133469921685,112.4,107.8,99.8,10149.66,0.9981447124304267,0.9615055603079555,109.80270349820061,116.63101012629107
2024-12-30,121,132,107.8,117.2,116.8,113.4,103.1,102.1,0,0,106.6,10.064790112068914,107.8,116.8,103.1,122.0,16.046806535881203,117.2,113.4,102.1,104.2,13.348324905311946,107.8,116.8,103.1,118.5,14.983324063771791,117.2,113.4,102.1,10526.509999999998,0.9506172839506172,1.0034246575342467,115.01718433418493,123.53204711461667
2024-12-30,95,113,112.0,119.1,108.7,109.8,101.4,102.0,0,0,106.2,9.731392500562269,112.0,108.7,101.4,122.2,15.155856953666447,119.1,109.8,102.0,107.5,9.582971007643442,112.0,108.7,101.4,123.7,13.098345951556574,119.1,109.8,102.0,10342.800000000001,1.0200364298724955,1.0956761729530817,114.91925069074497,117.56807462962638
2024-12-30,103,125,108.1,109.0,111.0,115.2,102.1,99.9,0,0,120.8,12.59761882261883,108.1,111.0,102.1,110.0,7.176350047203701,109.0,115.2,99.9,115.2,13.587576024523976,108.1,111.0,102.1,107.0,9.153020145163836,109.0,115.2,99.9,10199.79,0.9383680555555555,0.9819819819819819,114.89371908678325,111.58954908913798
2024-12-30,110,100,113.8,112.1,113.3,113.3,100.7,101.6,0,0,109.6,18.809572031282368,113.8,113.3,100.7,123.8,15.959323293924426,112.1,113.3,101.6,111.4,14.127986409959556,113.8,113.3,100.7,120.6,12.553883861180172,112.1,113.3,101.6,10231.119999999999,1.00441306266549,0.9894086496028244,117.14184048516802,116.20442266779615
2024-12-31,125,71,117.5,107.6,108.3,111.8,98.2,102.3,0,0,119.8,13.236313686219416,117.5,108.3,98.2,115.6,11.282730166054675,107.6,111.8,102.3,118.1,11.52244187083049,117.5,108.3,98.2,113.3,10.07802890781053,107.6,111.8,102.3,10045.86,1.0509838998211092,0.9935364727608494,119.40265689377001,107.97609505768817
2024-12-31,112,120,114.1,113.6,111.9,111.2,101.9,101.3,0,0,114.6,4.277849927241472,114.1,111.9,101.9,109.4,6.580273550544931,113.6,111.2,101.3,119.1,8.30595502569626,114.1,111.9,101.9,107.6,7.676804890924903,113.6,111.2,101.3,10322.470000000001,1.0260791366906474,1.0151921358355673,118.02546983950778,115.5007265781018
2024-12-31,122,86,111.7,112.4,114.4,107.8,101.7,99.8,0,1,121.0,8.154753215150027,111.7,114.4,101.7,113.2,9.418067742376868,112.4,107.8,99.8,119.1,11.985639555549604,111.7,114.4,101.7,112.3,11.624208455728075,112.4,107.8,99.8,10149.66,1.0361781076066792,0.9825174825174825,115.00342271055989,114.65231151196268
2024-12-31,113,105,117.3,113.6,104.8,108.7,102.6,99.8,0,0,117.4,9.914635646356349,117.3,104.8,102.6,107.0,3.5355339059327435,113.6,108.7,99.8,117.0,11.224972160321773,117.3,104.8,102.6,108.6,9.991107156978284,113.6,108.7,99.8,10239.48,1.079116835326587,1.083969465648855,117.65934707184215,109.69517619488177
2024-12-31,112,117,113.7,114.4,116.7,109.9,99.2,106.2,0,0,109.6,12.992305415129392,113.7,116.7,99.2,126.6,12.601587201618711,114.4,109.9,106.2,111.9,10.764654094664602,113.7,116.7,99.2,126.0,12.710450643292095,114.4,109.9,106.2,10535.04,1.0345768880800728,0.9802913453299058,118.17384664900035,121.23619334268614
2024-12-31,110,122,113.4,119.1,112.2,109.8,99.7,102.0,0,1,114.6,11.523888232710355,113.4,112.2,99.7,121.0,15.70031846810757,119.1,109.8,102.0,119.4,9.957688263625892,113.4,112.2,99.7,121.4,12.712198865656282,119.1,109.8,102.0,10169.4,1.0327868852459017,1.0614973262032086,117.11245457944634,117.60030592230264
2025-01-01,105,96,112.0,106.5,110.2,106.6,102.5,98.7,0,0,105.6,9.607288899580366,112.0,110.2,102.5,102.8,10.232301793829182,106.5,106.6,98.7,109.0,9.6263527187957,112.0,110.2,102.5,99.8,11.203174153386628,106.5,106.6,98.7,10116.75,1.050656660412758,0.9664246823956443,110.5752846135184,108.4213569846586
2025-01-01,125,107,103.9,111.9,115.9,113.4,103.7,104.9,0,0,117.2,10.28105052997986,103.9,115.9,103.7,124.6,10.714476188783092,111.9,113.4,104.9,112.1,11.049886877249062,103.9,115.9,103.7,119.9,11.770490407983754,111.9,113.4,104.9,10878.130000000001,0.9162257495590829,0.9654874892148404,116.72289420559567,122.82855114805032
2025-01-01,119,108,110.8,107.6,110.3,116.9,98.5,101.7,0,0,116.8,13.9534941860453,110.8,110.3,98.5,107.2,12.597618822618822,107.6,116.9,101.7,113.6,11.007068436034945,110.8,110.3,98.5,100.7,12.17511122468032,107.6,116.9,101.7,10017.45,0.9478186484174508,0.9755213055303716,116.56785309613228,108.5234051576171
2025-01-01,119,103,115.0,107.8,110.9,116.8,99.7,103.1,0,0,122.0,10.723805294763586,115.0,110.9,99.7,112.2,11.562871615649817,107.8,116.8,103.1,120.1,10.503438590396145,115.0,110.9,99.7,115.3,12.374256431084003,107.8,116.8,103.1,10279.07,0.9845890410958904,0.9720468890892695,122.08317919128761,111.08610298205834
2025-01-01,130,113,107.6,105.7,111.8,112.8,102.3,99.0,1,0,107.4,8.64869932417583,107.6,111.8,102.3,102.0,5.7445626465378465,105.7,112.8,99.0,111.9,13.09325526113859,107.6,111.8,102.3,108.4,10.996969279457518,105.7,112.8,99.0,10127.699999999999,0.9539007092198581,0.945438282647585,110.30014073662568,109.34197755028428
2025-01-01,110,99,111.4,112.1,107.0,113.3,102.1,101.6,0,0,112.4,14.397916515940743,111.4,107.0,102.1,116.4,16.86119805944995,112.1,113.3,101.6,114.6,12.231107881136491,111.4,107.0,102.1,119.3,14.016260398392848,112.1,113.3,101.6,10373.359999999999,0.9832303618711387,1.047663551401869,116.84181221260258,112.27498073082945
2025-01-01,139,120,117.2,111.9,113.4,112.9,102.1,105.1,0,0,125.2,8.700574693662492,117.2,113.4,102.1,124.6,12.054044964243346,111.9,112.9,105.1,123.9,9.803060746522075,117.2,113.4,102.1,118.6,12.712198865656589,111.9,112.9,105.1,10730.71,1.038086802480071,0.9867724867724867,125.59133803649512,119.88480090808898
2025-01-01,113,107,113.8,109.0,113.3,115.2,100.7,99.9,0,0,103.4,7.700649323271367,113.8,113.3,100.7,112.8,9.884331034521281,109.0,115.2,99.9,110.3,13.719815353470883,113.8,113.3,100.7,107.9,10.48226014644624,109.0,115.2,99.9,10059.93,0.9878472222222222,0.9620476610767873,116.57897841452248,112.34779808192101
2025-01-02,115,128,110.8,114.1,110.3,111.9,98.5,101.9,1,0,113.8,10.521406750050108,110.8,110.3,98.5,116.2,7.854934754662182,114.1,111.9,101.9,114.9,10.77497099764084,110.8,110.3,98.5,115.6,11.644741302407715,114.1,111.9,101.9,10037.150000000001,0.9901697944593386,1.0344514959202176,113.13280061438932,113.51566772432312
2025-01-02,115,118,113.6,117.5,108.7,108.3,99.8,98.2,0,0,107.0,3.674234614174645,113.6,108.7,99.8,118.0,13.564659966250511,117.5,108.3,98.2,110.9,9.620002310002077,113.6,108.7,99.8,120.6,10.469001862641802,117.5,108.3,98.2,9800.36,1.048938134810711,1.0809567617295308,111.67335466926251,112.71474280433331
2025-01-02,110,113,113.6,105.7,111.2,112.8,101.3,99.0,0,1,114.0,10.074720839804872,113.6,111.2,101.3,104.2,7.563068160475486,105.7,112.8,99.0,115.0,10.154364141151722,113.6,111.2,101.3,109.0,11.075498483890733,105.7,112.8,99.0,10028.699999999999,1.0070921985815602,0.9505395683453237,117.13240057071815,107.0511908837621
2025-01-02,116,98,117.3,112.4,104.8,107.8,102.6,99.8,0,0,118.8,8.258329128825027,117.3,104.8,102.6,106.2,14.042791745233558,112.4,107.8,99.8,117.8,10.538817137927094,117.3,104.8,102.6,110.2,14.281300905574168,112.4,107.8,99.8,10239.48,1.088126159554731,1.0725190839694658,117.34968894746518,108.9453876124103
2025-01-02,139,105,112.0,109.0,108.7,115.2,101.4,99.9,0,1,107.2,7.694153624668509,112.0,108.7,101.4,112.6,10.014988766843453,109.0,115.2,99.9,106.6,10.34085747572874,112.0,108.7,101.4,108.8,9.908470001860797,109.0,115.2,99.9,10129.86,0.9722222222222222,1.0027598896044159,117.32979584977751,108.89197682068992
2025-01-02,114,106,113.4,108.1,112.2,111.0,99.7,102.1,0,0,113.0,11.489125293076066,113.4,112.2,99.7,102.4,8.294576541331114,108.1,111.0,102.1,118.1,10.2788888288352,113.4,112.2,99.7,104.0,7.557189365836333,108.1,111.0,102.1,10179.369999999999,1.0216216216216216,0.963458110516934,116.31176707672255,110.57978200103419
2025-01-03,98,94,112.0,104.0,110.2,113.0,102.5,100.7,0,0,106.8,8.927485648266265,112.0,110.2,102.5,107.2,7.259476565152668,104.0,113.0,100.7,108.6,9.709102258533761,112.0,110.2,102.5,108.7,9.092732140439171,104.0,113.0,100.7,10321.75,0.9911504424778761,0.9437386569872958,116.0991405465399,108.80501198754706
2025-01-03,97,106,107.6,106.5,111.8,106.6,102.3,98.7,0,0,109.8,12.930583900195671,107.6,111.8,102.3,98.2,4.919349550499523,106.5,106.6,98.7,111.8,12.934020600296293,107.6,111.8,102.3,100.9,10.071411685227266,106.5,106.6,98.7,10097.01,1.0093808630393997,0.9525939177101969,108.08129816829974,108.74989994947201
2025-01-03,86,109,111.4,117.5,107.0,108.3,102.1,98.2,0,1,114.8,12.235195135346196,111.4,107.0,102.1,119.0,13.285330255586397,117.5,108.3,98.2,114.7,12.184233892845079,111.4,107.0,102.1,120.0,10.424330514074486,117.5,108.3,98.2,10026.22,1.0286241920590953,1.0981308411214954,112.8583541498835,112.10642712948459
2025-01-03,132,120,107.6,103.9,116.9,115.9,101.7,103.7,0,0,114.0,13.928388277184096,107.6,116.9,101.7,105.8,4.969909455915622,103.9,115.9,103.7,110.2,13.113182510571344,107.6,116.9,101.7,107.0,11.709445380166938,103.9,115.9,103.7,10546.29,0.9283865401207937,0.8887938408896493,117.18418101798125,114.0521562871797
2025-01-03,117,107,117.3,115.0,104.8,110.9,102.6,99.7,1,0,118.2,8.348652585896717,117.3,104.8,102.6,121.4,14.587666023048412,115.0,110.9,99.7,119.2,9.028350409189422,117.3,104.8,102.6,122.3,15.048440303086485,115.0,110.9,99.7,10229.22,1.0577096483318305,1.0973282442748091,117.84341181692673,112.28281665612572
2025-01-03,122,134,112.1,119.1,113.3,109.8,101.6,102.0,0,0,113.6,16.84636459299157,112.1,113.3,101.6,122.6,15.208550226763878,119.1,109.8,102.0,114.5,12.385026802106243,112.1,113.3,101.6,120.1,11.798775831038766,119.1,109.8,102.0,10363.199999999999,1.0209471766848817,1.0511915269196823,115.5986713331404,121.06872500361425
2025-01-03,110,113,117.2,111.7,113.4,114.4,102.1,101.7,0,0,128.6,10.310189135025611,117.2,113.4,102.1,110.6,11.349008767288874,111.7,114.4,101.7,127.4,7.988881162104275,117.2,113.4,102.1,104.9,10.471654862320378,111.7,114.4,101.7,10383.57,1.0244755244755244,0.9850088183421517,123.52446761220767,116.03084377771606
2025-01-03,138,133,113.8,114.4,113.3,109.9,100.7,106.2,0,0,106.0,8.426149773176345,113.8,113.3,100.7,124.6,13.296616110875748,114.4,109.9,106.2,110.8,13.717790557439628,113.8,113.3,100.7,125.3,13.021776632498167,114.4,109.9,106.2,10694.34,1.0354868061874432,1.0097087378640777,119.39255155777107,120.43113571691813
2025-01-03,119,102,113.4,111.9,112.2,112.9,99.7,105.1,1,0,115.4,9.736529155710478,113.4,112.2,99.7,121.6,10.59716943339118,111.9,112.9,105.1,116.4,9.264028401414798,113.4,112.2,99.7,118.0,12.463279397226641,111.9,112.9,105.1,10478.47,1.004428697962799,0.9973262032085561,118.77702932487531,116.96237477560213
2025-01-04,94,123,105.7,109.0,112.8,115.2,99.0,99.9,0,0,97.0,9.92471662063959,105.7,112.8,99.0,113.8,8.167006795638201,109.0,115.2,99.9,105.6,16.132782359737778,105.7,112.8,99.0,108.7,9.94484791236133,109.0,115.2,99.9,9890.1,0.9175347222222222,0.9663120567375887,109.29935131920726,110.91613751512698
2025-01-04,119,105,112.0,113.6,110.2,108.7,102.5,99.8,1,0,104.0,9.082951062292482,112.0,110.2,102.5,106.6,3.6469165057620994,113.6,108.7,99.8,106.6,9.61711437432704,112.0,110.2,102.5,105.6,3.7178249316263496,113.6,108.7,99.8,10229.5,1.030358785648574,1.0308529945553537,111.49013175599698,113.99311749569269
2025-01-04,126,108,114.1,113.7,111.9,116.7,101.9,99.2,0,0,114.0,4.415880433163909,114.1,111.9,101.9,108.0,12.267844146385295,113.7,116.7,99.2,118.9,8.46496045800307,114.1,111.9,101.9,111.6,10.319345371141027,113.7,116.7,99.2,10108.480000000001,0.9777206512425021,1.0160857908847185,118.73343146207169,113.85924181381935
2025-01-04,100,136,110.8,107.8,110.3,116.8,98.5,103.1,0,0,112.6,9.813256340277675,110.8,110.3,98.5,113.4,9.762171889492635,107.8,116.8,103.1,115.7,10.41419970787755,110.8,110.3,98.5,114.5,12.929294902146372,107.8,116.8,103.1,10155.349999999999,0.9486301369863014,0.9773345421577516,117.29743360064396,109.80359586671412
2025-01-04,139,126,111.9,115.0,113.4,110.9,104.9,99.7,0,1,105.6,13.352902306240397,111.9,113.4,104.9,116.2,14.042791745233606,115.0,110.9,99.7,112.6,13.359973386533715,111.9,113.4,104.9,119.2,14.642404174178573,115.0,110.9,99.7,10458.53,1.0090171325518484,1.0141093474426808,116.14654821707201,117.91199576686779
2025-01-04,102,105,113.6,108.1,111.2,111.0,101.3,102.1,0,0,111.0,7.999999999999899,113.6,111.2,101.3,104.0,8.000000000000027,108.1,111.0,102.1,113.7,9.843779761859633,113.6,111.2,101.3,102.8,5.846176338238216,108.1,111.0,102.1,10342.73,1.0234234234234234,0.9721223021582733,117.3278943318198,111.47669055123617
2025-01-04,111,122,111.7,117.2,114.4,113.4,101.7,102.1,1,1,120.6,8.018728078691764,111.7,114.4,101.7,125.8,15.626899884494035,117.2,113.4,102.1,119.7,11.963370019447778,111.7,114.4,101.7,122.7,11.614645926587816,117.2,113.4,102.1,10383.57,0.9850088183421517,1.0244755244755244,118.79384872155214,120.76743445266753
2025-01-04,121,113,112.0,114.4,108.7,109.9,101.4,106.2,0,1,112.2,16.407315441594932,112.0,108.7,101.4,123.2,11.519548602267385,114.4,109.9,106.2,108.5,14.128379635015204,112.0,108.7,101.4,128.2,10.788883167409386,114.4,109.9,106.2,10768.68,1.019108280254777,1.0524379024839006,120.35526464686129,116.88125445002214
2025-01-04,131,105,112.4,111.9,107.8,112.9,99.8,105.1,0,1,103.6,16.334013591276346,112.4,107.8,99.8,120.6,12.401612798342011,111.9,112.9,105.1,106.4,11.908913561791472,112.4,107.8,99.8,116.1,13.370365240585892,111.9,112.9,105.1,10488.98,0.995571302037201,1.0380333951762524,118.98473134045535,112.54191169941386
2025-01-05,105,92,117.3,117.5,104.8,108.3,102.6,98.2,0,0,119.8,6.7601775124622225,117.3,104.8,102.6,113.0,7.516648189186409,117.5,108.3,98.2,118.3,8.718435129718547,117.3,104.8,102.6,117.7,10.0116598690393,117.5,108.3,98.2,10075.32,1.0831024930747923,1.1211832061068703,116.31483012625286,111.06805784269046
2025-01-05,115,105,119.1,104.0,109.8,113.0,102.0,100.7,0,0,123.0,4.582575694955864,119.1,109.8,102.0,105.8,9.176055797563611,104.0,113.0,100.7,122.2,7.099295739719632,119.1,109.8,102.0,106.1,9.218941852994082,104.0,113.0,100.7,10271.4,1.0539823008849556,0.9471766848816029,122.78698511056004,108.06391999555878
2025-01-05,98,110,103.9,107.6,115.9,116.9,103.7,101.7,0,0,119.8,10.28105052997986,103.9,115.9,103.7,106.8,12.517987058628876,107.6,116.9,101.7,113.4,11.777568132306103,103.9,115.9,103.7,100.9,12.287753614428157,107.6,116.9,101.7,10546.29,0.8887938408896493,0.9283865401207937,115.13629626839834,116.13200535253571
2025-01-05,92,105,106.5,107.8,106.6,116.8,98.7,103.1,0,1,100.8,14.788509052639496,106.5,106.6,98.7,115.4,13.3529023062404,107.8,116.8,103.1,105.6,15.042162965034885,106.5,106.6,98.7,116.4,14.62266125649582,107.8,116.8,103.1,10175.97,0.9118150684931507,1.0112570356472796,114.1183047834869,106.7619959165973
2025-01-05,119,115,111.4,113.4,107.0,112.2,102.1,99.7,0,0,108.2,17.268468374467933,111.4,107.0,102.1,111.2,14.56708618770411,113.4,112.2,99.7,110.6,14.299961149908368,111.4,107.0,102.1,107.8,14.39753065247279,113.4,112.2,99.7,10179.369999999999,0.9928698752228164,1.0598130841121496,113.93159983297181,111.27458084150388
2025-01-05,99,129,112.0,113.8,108.7,113.3,101.4,100.7,1,0,115.4,16.21110730332754,112.0,108.7,101.4,116.6,16.180234856144672,113.8,113.3,100.7,108.6,14.222048610051504,112.0,108.7,101.4,118.5,12.17693630507188,113.8,113.3,100.7,10210.980000000001,0.9885260370697264,1.0469181232750688,115.09759294316642,113.79846951622194
2025-01-06,118,115,112.0,108.1,110.2,111.0,102.5,102.1,0,0,107.4,11.104053313993054,112.0,110.2,102.5,102.2,5.932958789676566,108.1,111.0,102.1,108.7,9.821178929006143,112.0,110.2,102.5,102.8,5.846176338238216,108.1,111.0,102.1,10465.25,1.009009009009009,0.9809437386569873,116.35739907381598,111.62460884825073
2025-01-06,99,109,109.0,113.7,115.2,116.7,99.9,99.2,0,0,107.6,5.683308895353175,109.0,115.2,99.9,104.8,8.584870412533899,113.7,116.7,99.2,105.2,5.846176338238271,109.0,115.2,99.9,110.8,10.250203250017426,113.7,116.7,99.2,9910.080000000002,0.9340188517566409,0.9869791666666666,113.35322138315806,114.27145697851756
2025-01-06,99,113,105.7,114.1,112.8,111.9,99.0,101.9,0,0,97.4,9.710818709048159,105.7,112.8,99.0,117.8,9.471008394041252,114.1,111.9,101.9,101.1,11.347540115226147,105.7,112.8,99.0,116.5,12.267844146385313,114.1,111.9,101.9,10088.1,0.9445933869526363,1.0115248226950355,109.31409253652735,115.2186158601621
2025-01-06,94,103,115.0,106.5,110.9,106.6,99.7,98.7,0,1,122.2,10.639548862616287,115.0,110.9,99.7,100.4,5.549774770204629,106.5,106.6,98.7,121.6,8.896940797575109,115.0,110.9,99.7,102.9,8.6724339784809,106.5,106.6,98.7,9840.390000000001,1.0787992495309568,0.9603246167718665,114.57549030498522,105.74024909205315
2025-01-06,104,128,107.6,113.6,111.8,111.2,102.3,101.3,0,0,107.6,14.188023118109143,107.6,111.8,102.3,112.4,7.436396977031361,113.6,111.2,101.3,108.5,11.94664062497162,107.6,111.8,102.3,108.8,8.625543461138879,113.6,111.2,101.3,10362.99,0.9676258992805755,1.0161001788908766,112.53584346669143,116.07497170476105
2025-01-06,114,110,111.9,111.7,113.4,114.4,104.9,101.7,0,0,108.8,19.20156243642689,111.9,113.4,104.9,107.8,7.293833011524168,111.7,114.4,101.7,114.6,15.714112553158499,111.9,113.4,104.9,106.9,9.837004964249468,111.7,114.4,101.7,10668.330000000002,0.9781468531468531,0.9850088183421517,118.75581827371488,117.93616276091561
2025-01-06,119,104,114.4,112.1,109.9,113.3,106.2,101.6,0,0,132.0,19.118054294305168,114.4,109.9,106.2,108.8,13.479614237803649,112.1,113.3,101.6,126.4,15.636140472919926,114.4,109.9,106.2,117.1,15.380001444877848,112.1,113.3,101.6,10789.92,1.0097087378640777,1.0200181983621472,123.20793068367871,116.75563774583932
2025-01-06,108,106,113.6,112.4,108.7,107.8,99.8,99.8,0,0,109.2,4.604345773288437,113.6,108.7,99.8,102.2,12.617448236469995,112.4,107.8,99.8,110.5,9.32440048713296,113.6,108.7,99.8,107.2,13.239671026460103,112.4,107.8,99.8,9960.039999999999,1.0538033395176252,1.0340386384544618,112.81093887609688,109.33182349048127
2025-01-06,123,118,113.8,110.8,113.3,110.3,100.7,98.5,1,0,113.8,15.449919093639286,113.8,113.3,100.7,101.2,11.69187752245121,110.8,110.3,98.5,114.3,15.811739661122452,113.8,113.3,100.7,104.7,11.557104597028859,110.8,110.3,98.5,9918.95,1.0317316409791477,0.9779346866725508,112.50826369776418,111.75932155930266
2025-01-07,115,104,104.0,113.7,113.0,116.7,100.7,99.2,0,1,101.8,5.118593556827848,104.0,113.0,100.7,104.4,8.264381404557751,113.7,116.7,99.2,102.8,11.043348928452588,104.0,113.0,100.7,109.2,8.954204474869865,113.7,116.7,99.2,9989.44,0.8911739502999143,1.0061946902654868,110.92738071983973,112.44989262012155
2025-01-07,112,135,103.9,111.4,115.9,107.0,103.7,102.1,0,0,114.8,13.809417076763202,103.9,115.9,103.7,113.2,12.676750372236553,111.4,107.0,102.1,112.8,12.443650768341481,103.9,115.9,103.7,113.9,14.775730852388385,111.4,107.0,102.1,10587.77,0.9710280373831777,0.9611734253666955,110.46547176159781,119.15220063291298
2025-01-07,118,97,112.1,113.4,113.3,112.2,101.6,99.7,1,0,112.2,15.482247898803328,112.1,113.3,101.6,115.6,10.430723848324229,113.4,112.2,99.7,115.9,12.359881337078784,112.1,113.3,101.6,107.9,14.448760039071564,113.4,112.2,99.7,10129.52,0.999108734402852,1.000882612533098,113.56026489037009,116.25245227748243
2025-01-07,97,104,107.6,113.6,116.9,108.7,101.7,99.8,0,1,121.8,9.418067742376849,107.6,116.9,101.7,106.4,3.7148351242013478,113.6,108.7,99.8,112.9,14.616961228502845,107.6,116.9,101.7,106.3,2.626785107312797,113.6,108.7,99.8,10149.66,0.9898804047838086,0.971770744225834,112.87036203375925,116.20351254363747
2025-01-07,121,124,107.8,111.9,116.8,112.9,103.1,105.1,0,0,106.6,10.064790112068914,107.8,116.8,103.1,117.8,14.289856542317013,111.9,112.9,105.1,103.9,12.879354711233445,107.8,116.8,103.1,115.6,13.712929827153832,111.9,112.9,105.1,10835.81,0.9548272807794508,0.9580479452054795,117.72283447156516,122.24734013362489
2025-01-07,106,118,117.2,117.5,113.4,108.3,102.1,98.2,0,0,127.0,12.708265027138843,117.2,113.4,102.1,109.2,12.153188881935446,117.5,108.3,98.2,125.5,9.65228815704695,117.2,113.4,102.1,114.5,12.563173696695172,117.5,108.3,98.2,10026.22,1.082179132040628,1.0361552028218695,116.59094933103036,116.53292829469203
2025-01-07,98,114,112.0,110.8,108.7,110.3,101.4,98.5,0,1,112.6,17.8549712965325,112.0,108.7,101.4,107.0,11.313708498984752,110.8,110.3,98.5,108.4,14.354248306492602,112.0,108.7,101.4,104.3,10.94481104856945,110.8,110.3,98.5,9987.900000000001,1.015412511332729,1.0193192272309106,113.77370858207533,108.38767603308243
2025-01-08,129,122,119.1,117.3,109.8,104.8,102.0,102.6,0,0,123.0,4.582575694955864,119.1,109.8,102.0,110.8,7.981227975693957,117.3,104.8,102.6,123.2,4.7093288033199805,119.1,109.8,102.0,115.6,10.057611821677883,117.3,104.8,102.6,10465.199999999999,1.1364503816793894,1.0683060109289617,119.39918216510736,117.12829733829254
2025-01-08,129,113,114.1,111.9,111.9,113.4,101.9,104.9,0,0,116.4,6.949820141557611,114.1,111.9,101.9,122.2,13.311649033834984,111.9,113.4,104.9,118.0,6.896053621859044,114.1,111.9,101.9,120.7,10.382142788889086,111.9,113.4,104.9,10689.310000000001,1.0061728395061726,1.0,122.44299323481432,118.25203108838708
2025-01-08,112,98,115.0,107.6,110.9,111.8,99.7,102.3,0,0,116.0,16.186414056238632,115.0,110.9,99.7,108.2,23.2744495101388,107.6,111.8,102.3,119.4,12.44722191227159,115.0,110.9,99.7,108.5,16.467138994575407,107.6,111.8,102.3,10199.31,1.0286225402504472,0.9702434625788998,118.0616770243813,110.18705326720226
2025-01-08,109,103,109.0,103.9,115.2,115.9,99.9,103.7,0,1,104.4,4.929503017546548,109.0,115.2,99.9,108.6,8.08084154033474,103.9,115.9,103.7,105.6,5.168279318217084,109.0,115.2,99.9,106.9,11.580155439371346,103.9,115.9,103.7,10359.630000000001,0.9404659188955996,0.9019097222222222,117.60534894667727,110.81844757426178
2025-01-08,98,113,105.7,112.0,112.8,110.2,99.0,102.5,0,0,97.4,9.710818709048159,105.7,112.8,99.0,121.0,7.245688373094679,112.0,110.2,102.5,99.0,9.20144916122818,105.7,112.8,99.0,118.1,8.672433978481077,112.0,110.2,102.5,10147.5,0.9591651542649727,0.9929078014184397,108.91659562171454,114.6753337092729
2025-01-08,100,119,107.6,108.1,116.9,111.0,101.7,102.1,1,0,115.4,13.35290230624037,107.6,116.9,101.7,105.6,7.569676347110254,108.1,111.0,102.1,112.7,14.840260554765644,107.6,116.9,101.7,104.1,6.983313444681208,108.1,111.0,102.1,10383.57,0.9693693693693693,0.924721984602224,112.63058755459315,115.98556872481355
2025-01-08,126,103,117.2,112.4,113.4,107.8,102.1,99.8,1,0,124.8,15.514509338035804,117.2,113.4,102.1,104.0,12.328828005937943,112.4,107.8,99.8,124.0,11.430952132988253,117.2,113.4,102.1,107.5,13.167721476735718,112.4,107.8,99.8,10189.58,1.0871985157699444,0.9911816578483245,116.18503568972262,114.82894336688129
2025-01-08,121,105,113.6,111.7,111.2,114.4,101.3,101.7,0,0,106.6,4.219004621945575,113.6,111.2,101.3,108.6,7.26636084983396,111.7,114.4,101.7,113.2,10.336558636434173,113.6,111.2,101.3,107.3,9.877584050093859,111.7,114.4,101.7,10302.21,0.9930069930069929,1.004496402877698,118.433246652374,113.68645095889896
2025-01-09,132,126,119.1,107.6,109.8,111.8,102.0,102.3,1,1,123.6,5.224940191045275,119.1,109.8,102.0,107.8,23.466998103720048,107.6,111.8,102.3,123.3,4.831608887777019,119.1,109.8,102.0,107.6,16.800793632048048,107.6,111.8,102.3,10434.6,1.0652951699463327,0.9799635701275046,123.76054197341176,110.97873537887085
2025-01-09,104,107,112.0,112.0,110.2,108.7,102.5,101.4,1,0,111.8,9.731392500562295,112.0,110.2,102.5,99.4,9.235799911215107,112.0,108.7,101.4,109.0,10.077477638553916,112.0,110.2,102.5,108.3,13.425100868646485,112.0,108.7,101.4,10393.5,1.030358785648574,1.0163339382940109,113.8436170106814,113.41444364038485
2025-01-09,89,104,106.5,113.6,106.6,108.7,98.7,99.8,0,0,95.0,9.695359714832675,106.5,106.6,98.7,106.4,3.7148351242013478,113.6,108.7,99.8,105.4,15.22570925186156,106.5,106.6,98.7,106.2,2.699794230842266,113.6,108.7,99.8,9850.26,0.9797608095676172,1.0656660412757974,106.45097345142922,108.18547705773359
2025-01-09,115,119,114.4,111.4,109.9,107.0,106.2,102.1,0,0,128.6,19.730686759461776,114.4,109.9,106.2,121.6,9.449867723941937,111.4,107.0,102.1,125.5,15.792051446499425,114.4,109.9,106.2,116.7,15.930752929127014,111.4,107.0,102.1,10843.02,1.069158878504673,1.013648771610555,119.87225149714328,118.3204138824246
2025-01-09,117,111,112.1,108.1,113.3,111.0,101.6,102.1,0,1,116.8,12.153188881935474,112.1,113.3,101.6,110.6,6.107372593841026,108.1,111.0,102.1,115.0,11.775681155103854,112.1,113.3,101.6,106.1,8.13019064967106,108.1,111.0,102.1,10373.359999999999,1.0099099099099098,0.9541041482789056,118.29126475281562,112.80467669443568
2025-01-09,123,115,113.7,111.9,116.7,112.9,99.2,105.1,0,0,109.4,12.934450123604037,113.7,116.7,99.2,117.4,14.028542333400155,111.9,112.9,105.1,111.6,10.710327311110182,113.7,116.7,99.2,117.1,13.731148693552377,111.9,112.9,105.1,10425.92,1.0070859167404782,0.9588688946015425,118.91483825445705,118.27558438373006
2025-01-09,92,97,107.8,110.8,116.8,110.3,103.1,98.5,0,0,110.2,11.562871615649815,107.8,116.8,103.1,107.0,11.313708498984752,110.8,110.3,98.5,107.4,12.212925757391213,107.8,116.8,103.1,106.2,10.799176923368783,110.8,110.3,98.5,10155.349999999999,0.9773345421577516,0.9486301369863014,110.35046318712442,115.54990163333635
2025-02-19,97,100,113.4,104.0,112.2,113.0,99.7,100.7,0,0,117.8,8.555699854482986,113.4,112.2,99.7,104.2,8.258329128825077,104.0,113.0,100.7,116.7,9.298147963737366,113.4,112.2,99.7,107.3,8.028421735033165,104.0,113.0,100.7,10039.79,1.0035398230088497,0.9269162210338681,116.9252559141072,107.58946353547971
2025-01-10,108,96,114.1,112.0,111.9,108.7,101.9,101.4,0,1,118.0,8.916277250063496,114.1,111.9,101.9,102.0,9.165151389911733,112.0,108.7,101.4,119.1,7.7237008975979675,114.1,111.9,101.9,106.5,12.076147288491144,112.0,108.7,101.4,10332.660000000002,1.0496780128794847,1.000893655049151,118.17236917147929,112.90659302098547
2025-01-10,106,109,106.5,113.6,106.6,111.2,98.7,101.3,1,0,91.2,6.534523701081841,106.5,106.6,98.7,114.4,10.163660757817587,113.6,111.2,101.3,103.2,15.901083121738745,106.5,106.6,98.7,111.7,9.764447984624692,113.6,111.2,101.3,9998.31,0.9577338129496402,1.0656660412757974,107.33001151869719,110.35439956463192
2025-01-10,115,123,109.0,107.6,115.2,116.9,99.9,101.7,0,0,105.8,5.069516742254682,109.0,115.2,99.9,111.8,3.033150177620625,107.6,116.9,101.7,105.8,5.266244708835005,109.0,115.2,99.9,103.0,11.813363431113018,107.6,116.9,101.7,10159.830000000002,0.932420872540633,0.9340277777777777,115.23813184791841,113.18919538627499
2025-01-10,97,114,117.5,113.8,108.3,113.3,98.2,100.7,0,0,120.6,13.446189051177269,117.5,108.3,98.2,123.2,11.819475453673867,113.8,113.3,100.7,119.9,10.98938882134341,117.5,108.3,98.2,120.1,12.422649565298947,113.8,113.3,100.7,9888.74,1.0370697263901147,1.0507848568790397,119.19729604073197,111.28924644315498
2025-01-10,101,126,115.0,117.3,110.9,104.8,99.7,102.6,0,0,116.2,16.115210206509857,115.0,110.9,99.7,111.4,8.820430828479969,117.3,104.8,102.6,118.3,12.579083167438474,115.0,110.9,99.7,115.6,10.057611821677883,117.3,104.8,102.6,10229.22,1.0973282442748091,1.0577096483318305,114.13936506172942,115.99652821514026
2025-01-10,138,105,111.9,103.9,113.4,115.9,104.9,103.7,0,0,111.6,18.609137540466516,111.9,113.4,104.9,108.6,8.08084154033474,103.9,115.9,103.7,114.7,15.705979045502957,111.9,113.4,104.9,106.8,11.612254063895014,103.9,115.9,103.7,10878.130000000001,0.9654874892148404,0.9162257495590829,121.95020835607716,115.271937551215
2025-01-10,124,105,117.2,105.7,113.4,112.8,102.1,99.0,0,0,123.0,14.525839046333957,117.2,113.4,102.1,106.6,8.173126696680908,105.7,112.8,99.0,124.2,11.448435118681886,117.2,113.4,102.1,109.9,10.989388821343352,105.7,112.8,99.0,10107.9,1.0390070921985817,0.9320987654320988,119.37687677508369,110.14100749648576
2025-01-28,96,100,111.9,111.4,112.9,107.0,105.1,102.1,1,1,120.2,12.19426094521516,111.9,112.9,105.1,122.0,9.246621004453441,111.4,107.0,102.1,121.2,9.681597664297666,111.9,112.9,105.1,118.5,14.946199814296913,111.4,107.0,102.1,10730.71,1.0457943925233646,0.9867139061116031,117.214338552237,118.96907006236675
2025-01-11,114,106,113.7,107.8,116.7,116.8,99.2,103.1,0,0,111.8,14.342245291445845,113.7,116.7,99.2,115.4,13.3529023062404,107.8,116.8,103.1,112.1,11.149987543590521,113.7,116.7,99.2,116.4,14.62266125649582,107.8,116.8,103.1,10227.52,0.9734589041095891,0.9237360754070265,119.45130827062967,114.5388826958568
2025-01-11,123,114,112.0,107.6,110.2,111.8,102.5,102.3,0,0,108.8,9.257429448826498,112.0,110.2,102.5,109.2,24.488772937817856,107.6,111.8,102.3,107.2,9.052930771609512,112.0,110.2,102.5,109.9,17.653768876802328,107.6,111.8,102.3,10485.75,1.001788908765653,0.9764065335753175,117.19360166433324,112.17997026273372
2025-01-11,125,127,113.6,114.4,108.7,109.9,99.8,106.2,0,0,109.0,4.636809247747755,113.6,108.7,99.8,120.2,11.903780911962405,114.4,109.9,106.2,109.9,9.267026371915579,113.6,108.7,99.8,126.1,11.551334699217325,114.4,109.9,106.2,10598.76,1.0336669699727024,1.0524379024839006,118.98712884856899,115.86279614532837
2025-01-11,98,119,108.1,110.8,111.0,110.3,102.1,98.5,0,0,115.2,13.141537200799618,108.1,111.0,102.1,108.6,8.294576541331075,110.8,110.3,98.5,113.0,13.605554421305603,108.1,111.0,102.1,104.9,11.06997942384914,110.8,110.3,98.5,10056.849999999999,0.9800543970988214,0.9981981981981982,110.69638733790784,111.49823226052386
2025-03-17,125,109,113.4,111.7,112.2,114.4,99.7,101.7,1,0,114.4,12.77888884058392,113.4,112.2,99.7,106.8,6.6858058601786885,111.7,114.4,101.7,114.1,10.846914563854266,113.4,112.2,99.7,107.4,9.845472732852153,111.7,114.4,101.7,10139.49,0.9912587412587412,0.9955436720142602,116.58950816721676,113.37489536743966
2025-03-16,123,88,112.4,104.0,107.8,113.0,99.8,100.7,0,0,109.0,20.445048300260883,112.4,107.8,99.8,101.4,6.228964600959037,104.0,113.0,100.7,108.2,14.164117417693946,112.4,107.8,99.8,106.8,8.337332373793693,104.0,113.0,100.7,10049.86,0.9946902654867257,0.9647495361781077,114.64550735625707,104.59252355038852
2025-01-12,140,106,115.0,113.6,110.9,111.2,99.7,101.3,0,0,108.6,10.73778375643687,115.0,110.9,99.7,116.0,7.905694150421019,113.6,111.2,101.3,117.0,13.695092389449442,115.0,110.9,99.7,111.2,9.761602782785491,113.6,111.2,101.3,10099.61,1.0341726618705036,1.024346257889991,116.46390357573182,113.7953633152169
2025-01-12,101,112,112.1,117.2,113.3,113.4,101.6,102.1,0,0,117.6,11.970797801316337,112.1,113.3,101.6,122.0,13.114877048603988,117.2,113.4,102.1,114.8,11.717034133640226,112.1,113.3,101.6,122.2,11.516172203567692,117.2,113.4,102.1,10373.359999999999,0.9885361552028218,1.034421888790821,118.23837383134133,119.94070429117434
2025-01-12,119,124,111.9,113.8,113.4,113.3,104.9,100.7,0,0,119.6,19.856988694160055,111.9,113.4,104.9,123.0,11.999999999999963,113.8,113.3,100.7,117.8,17.021554962262805,111.9,113.4,104.9,119.2,12.514880032274464,113.8,113.3,100.7,10563.43,0.9876434245366285,1.00352733686067,118.33920366381217,119.79738902011904
2025-01-12,120,119,117.5,107.6,108.3,116.9,98.2,101.7,0,0,118.4,16.562004709575454,117.5,108.3,98.2,114.0,5.873670062235368,107.6,116.9,101.7,117.0,12.866839377079227,117.5,108.3,98.2,106.5,12.05773149845736,107.6,116.9,101.7,9986.94,1.0051325919589391,0.9935364727608494,121.25474362302506,107.64534245099598
2025-01-12,93,108,119.1,114.1,109.8,111.9,102.0,101.9,0,0,125.2,6.457553716385194,119.1,109.8,102.0,116.0,9.327379053088807,114.1,111.9,101.9,123.7,5.396500923952827,119.1,109.8,102.0,116.5,12.267844146385313,114.1,111.9,101.9,10393.800000000001,1.0643431635388738,1.0391621129326047,123.39513577863613,115.46097080642691
2025-01-12,104,99,106.5,109.0,106.6,115.2,98.7,99.9,0,0,94.8,8.871302046486768,106.5,106.6,98.7,114.8,9.06642156531454,109.0,115.2,99.9,100.5,12.122064363978797,106.5,106.6,98.7,112.1,8.10281158336744,109.0,115.2,99.9,9860.130000000001,0.9244791666666666,1.022514071294559,109.44477387481152,106.64722155099794
2025-01-12,95,136,103.9,117.3,115.9,104.8,103.7,102.6,0,0,114.6,13.84918770181122,103.9,115.9,103.7,115.6,9.939818911831333,117.3,104.8,102.6,114.4,10.986860839708143,103.9,115.9,103.7,115.2,9.484490263348626,117.3,104.8,102.6,10639.619999999999,0.9914122137404581,1.0120793787748057,109.75706269869032,123.22557680920654
2025-01-12,112,111,107.8,105.7,116.8,112.8,103.1,99.0,1,0,109.8,12.275992831539131,107.8,116.8,103.1,108.6,5.3665631459993355,105.7,112.8,99.0,107.0,12.684198393626732,107.8,116.8,103.1,109.6,11.087530533591906,105.7,112.8,99.0,10206.9,0.9556737588652482,0.9049657534246576,110.76875279296566,113.58895015100418
2025-01-12,120,113,113.7,104.0,116.7,113.0,99.2,100.7,1,0,109.6,12.541929676090538,113.7,116.7,99.2,99.4,8.706319543871611,104.0,113.0,100.7,113.6,10.156552345927093,113.7,116.7,99.2,104.2,9.772978620211328,104.0,113.0,100.7,9989.44,1.0061946902654868,0.8911739502999143,114.55833555961986,109.89590171344652
2025-01-13,106,120,103.9,113.6,115.9,108.7,103.7,99.8,1,0,107.2,11.987493482792768,103.9,115.9,103.7,106.2,3.834057902536168,113.6,108.7,99.8,113.8,11.923832344417583,103.9,115.9,103.7,106.1,2.7668674625930025,113.6,108.7,99.8,10349.26,0.9558417663293468,0.9801553062985331,107.07936440119806,118.4810513526021
2025-01-13,119,124,115.0,112.0,110.9,110.2,99.7,102.5,1,0,113.2,17.824140933015524,115.0,110.9,99.7,119.6,8.111719916269262,112.0,110.2,102.5,117.6,14.622661256495782,115.0,110.9,99.7,117.0,8.537498983243905,112.0,110.2,102.5,10219.25,1.043557168784029,1.0099188458070334,115.78069222984286,114.43074526434293
2025-01-13,104,101,107.6,112.0,111.8,108.7,102.3,101.4,0,0,109.6,12.381437719424975,107.6,111.8,102.3,100.2,9.311283477587876,112.0,108.7,101.4,107.9,12.013418423672018,107.6,111.8,102.3,104.3,11.747813035246564,112.0,108.7,101.4,10373.220000000001,0.9898804047838086,1.001788908765653,111.69795756240475,113.93997323862463
2025-01-13,120,118,111.4,114.4,107.0,109.9,102.1,106.2,0,0,105.4,12.798437404620893,111.4,107.0,102.1,119.2,10.82589488217951,114.4,109.9,106.2,111.8,14.46682027568216,111.4,107.0,102.1,126.5,11.501207666057804,114.4,109.9,106.2,10843.02,1.013648771610555,1.069158878504673,118.68953462461256,116.92229406654612
2025-01-13,102,126,113.4,111.7,112.2,114.4,99.7,101.7,0,0,113.0,10.55935604097145,113.4,112.2,99.7,109.4,2.8809720581775364,111.7,114.4,101.7,113.8,10.454132622503273,113.4,112.2,99.7,108.3,9.499122766515603,111.7,114.4,101.7,10139.49,0.9912587412587412,0.9955436720142602,117.73364011785984,113.12066911873715
2025-01-13,109,98,112.4,110.8,107.8,110.3,99.8,98.5,0,0,108.4,19.85698869416006,112.4,107.8,99.8,110.4,9.555103348472992,110.8,110.3,98.5,109.5,14.923880937015719,112.4,107.8,99.8,107.0,11.595018087283991,110.8,110.3,98.5,9830.3,1.0190389845874888,1.0278293135435992,111.53117644351532,108.02602330391572
2025-01-14,117,127,114.1,119.1,111.9,109.8,101.9,102.0,0,0,117.8,9.176055797563562,114.1,111.9,101.9,126.2,15.38505768594969,119.1,109.8,102.0,116.7,6.9610024820822165,114.1,111.9,101.9,122.5,11.955937622973646,119.1,109.8,102.0,10393.800000000001,1.0391621129326047,1.0643431635388738,117.92679176755898,120.72853953118968
2025-01-14,102,118,109.0,117.3,115.2,104.8,99.9,102.6,0,0,108.4,5.899152481501094,109.0,115.2,99.9,122.0,10.862780491200208,117.3,104.8,102.6,106.6,6.022181221672604,109.0,115.2,99.9,118.3,10.760524563834556,117.3,104.8,102.6,10249.74,1.0400763358778626,1.0182291666666665,110.15581086901915,120.20632027273858
2025-01-14,122,117,111.9,113.7,112.9,116.7,105.1,99.2,0,0,117.2,16.208022704821197,111.9,112.9,105.1,103.2,7.661592523751178,113.7,116.7,99.2,118.7,12.543701385334597,111.9,112.9,105.1,108.2,8.91690030846556,113.7,116.7,99.2,10425.92,0.9588688946015425,1.0070859167404782,118.22543047435549,116.21101495107213
2025-01-14,113,119,111.9,107.6,113.4,116.9,104.9,101.7,0,0,125.2,12.27599283153914,111.9,113.4,104.9,114.6,6.268971207462995,107.6,116.9,101.7,116.6,16.39918697171703,111.9,113.4,104.9,109.6,10.679159351018484,107.6,116.9,101.7,10668.330000000002,0.9572284003421728,0.9488536155202821,122.08707229575474,116.32661284003315
2025-01-14,130,115,113.6,113.8,111.2,113.3,101.3,100.7,0,0,110.0,7.314369419163783,113.6,111.2,101.3,125.8,9.602083107326196,113.8,113.3,100.7,112.6,9.593979593705738,113.6,111.2,101.3,118.8,12.263767773404707,113.8,113.3,100.7,10200.91,1.002647837599294,1.0233812949640286,117.20696589393393,115.95697587133627
2025-01-14,99,118,112.1,117.2,113.3,113.4,101.6,102.1,0,0,111.4,10.597169433391166,112.1,113.3,101.6,119.6,13.740451229854122,117.2,113.4,102.1,113.6,12.509551905999254,112.1,113.3,101.6,121.2,11.961047891663572,117.2,113.4,102.1,10373.359999999999,0.9885361552028218,1.034421888790821,117.63904196594478,119.68515483283754
2025-01-14,114,132,108.1,105.7,111.0,112.8,102.1,99.0,0,0,115.0,13.453624047073719,108.1,111.0,102.1,108.6,5.3665631459993355,105.7,112.8,99.0,111.4,14.392899483966161,108.1,111.0,102.1,107.9,9.07315943992065,105.7,112.8,99.0,10107.9,0.9583333333333333,0.9522522522522523,112.30874608697671,108.93316677305884
2025-01-15,119,125,109.0,115.0,115.2,110.9,99.9,99.7,1,0,107.2,6.572670690062033,109.0,115.2,99.9,120.6,12.641202474448429,115.0,110.9,99.7,106.2,6.19677335393182,109.0,115.2,99.9,121.2,13.990472948879727,115.0,110.9,99.7,9960.03,0.9828674481514877,0.9982638888888888,109.87929612785977,117.48509588983933
2025-01-15,110,97,107.6,117.5,111.8,108.3,102.3,98.2,0,0,108.4,12.621410380777558,107.6,111.8,102.3,108.2,10.871982339941477,117.5,108.3,98.2,106.4,11.393955512561133,107.6,111.8,102.3,115.0,12.596295751794118,117.5,108.3,98.2,10045.86,0.9935364727608494,1.0509838998211092,108.34026404913293,115.45813532749747
2025-01-15,94,110,111.9,111.9,113.4,112.9,104.9,105.1,1,1,124.6,12.89573572930216,111.9,113.4,104.9,113.2,9.471008394041277,111.9,112.9,105.1,115.1,15.919589609450789,111.9,113.4,104.9,118.9,11.855144218626995,111.9,112.9,105.1,11024.99,0.9911426040744021,0.9867724867724867,124.01517929171409,120.91093980692905
2025-01-15,122,93,113.6,106.5,111.2,106.6,101.3,98.7,1,0,113.6,11.674759098156953,113.6,111.2,101.3,101.0,5.656854249492366,106.5,106.6,98.7,115.5,10.069204977995307,113.6,111.2,101.3,102.1,8.198238293140184,106.5,106.6,98.7,9998.31,1.0656660412757974,0.9577338129496402,110.75296107948816,108.54781470004403
2025-01-15,115,116,113.6,112.0,108.7,108.7,99.8,101.4,0,0,112.6,8.264381404557701,113.6,108.7,99.8,101.8,8.408329203831222,112.0,108.7,101.4,109.7,8.870049480007362,113.6,108.7,99.8,102.7,10.883728936148355,112.0,108.7,101.4,10119.720000000001,1.045078196872125,1.030358785648574,114.73671525856263,110.09358698624486
2025-01-15,119,116,107.6,112.1,116.9,113.3,101.7,101.6,1,1,113.2,15.056560032092303,107.6,116.9,101.7,104.6,9.989994994993683,112.1,113.3,101.6,113.4,13.945927322659077,107.6,116.9,101.7,115.7,15.916797556180855,112.1,113.3,101.6,10332.72,0.9496910856134156,0.9589392643284858,114.25315912995441,116.74095577059948
2025-01-15,115,129,111.7,114.4,114.4,109.9,101.7,106.2,0,0,120.2,8.526429498916867,111.7,114.4,101.7,121.6,8.173126696681049,114.4,109.9,106.2,116.9,10.071411685227307,111.7,114.4,101.7,124.1,10.354279845122951,114.4,109.9,106.2,10800.54,1.016378525932666,1.0,120.3997765554057,121.85279423676019
2025-01-15,108,128,117.2,111.4,113.4,107.0,102.1,102.1,1,0,121.0,13.266499161421606,117.2,113.4,102.1,119.2,13.442470011125172,111.4,107.0,102.1,123.1,10.805862606320172,117.2,113.4,102.1,114.2,13.197642887189271,111.4,107.0,102.1,10424.409999999998,1.0953271028037384,0.982363315696649,117.4910339743615,117.49299107708994
2025-01-15,112,117,107.8,104.0,116.8,113.0,103.1,100.7,0,0,111.4,11.844830095868836,107.8,116.8,103.1,100.0,9.669539802906899,104.0,113.0,100.7,109.4,10.823841996054371,107.8,116.8,103.1,103.6,8.909420731886796,104.0,113.0,100.7,10382.17,0.9539823008849557,0.8904109589041096,113.8963582091361,112.44462457507302
2025-01-15,117,108,113.4,110.8,112.2,110.3,99.7,98.5,0,0,111.4,11.674759098157027,113.4,112.2,99.7,109.2,10.848963084092404,110.8,110.3,98.5,112.2,10.952422360170107,113.4,112.2,99.7,105.2,11.4387256477478,110.8,110.3,98.5,9820.45,1.0281051677243882,0.9875222816399286,112.91850431372383,110.7878423876885
2025-01-15,126,67,112.4,105.7,107.8,112.8,99.8,99.0,0,1,114.2,12.275992831539138,112.4,107.8,99.8,114.8,10.158740079360166,105.7,112.8,99.0,109.9,14.84325510870918,112.4,107.8,99.8,108.4,10.297788327813091,105.7,112.8,99.0,9880.199999999999,0.9964539007092199,0.9805194805194806,115.63087911943747,105.08677163531175
2025-01-16,100,111,112.0,114.1,110.2,111.9,102.5,101.9,0,0,112.4,10.784247771634332,112.0,110.2,102.5,115.4,9.813256340277668,114.1,111.9,101.9,109.6,9.788882582921344,112.0,110.2,102.5,115.2,12.425779653607254,114.1,111.9,101.9,10444.75,1.000893655049151,1.0353901996370236,117.20298591389738,116.1017344776513
2025-01-16,123,130,103.9,113.7,115.9,116.7,103.7,99.2,0,0,107.2,11.987493482792768,103.9,115.9,103.7,108.6,5.128352561983229,113.7,116.7,99.2,112.2,11.773793875477146,103.9,115.9,103.7,109.5,9.180292902613695,113.7,116.7,99.2,10287.04,0.8903170522707798,0.9810181190681622,111.03482382864796,117.76223390957523
2025-01-16,134,114,117.3,119.1,104.8,109.8,102.6,102.0,0,0,116.2,9.03880523078133,117.3,104.8,102.6,129.0,13.546217184144052,119.1,109.8,102.0,117.2,9.681597664297572,117.3,104.8,102.6,123.8,11.631375193367315,119.1,109.8,102.0,10465.199999999999,1.0683060109289617,1.1364503816793894,120.30512397960646,116.39906396641163
2025-01-16,89,118,108.1,112.4,111.0,107.8,102.1,99.8,0,1,112.6,11.991663771137024,108.1,111.0,102.1,101.8,11.009087155618298,112.4,107.8,99.8,113.9,12.050357302217563,108.1,111.0,102.1,105.3,11.671903586533418,112.4,107.8,99.8,10189.58,1.00278293135436,1.0126126126126127,111.70836827368173,111.56808515635484
2025-01-16,132,127,113.8,111.4,113.3,107.0,100.7,102.1,0,1,119.4,11.502173707608478,113.8,113.3,100.7,122.0,13.546217184144052,111.4,107.0,102.1,115.7,15.909815279324388,113.8,113.3,100.7,117.0,12.814921857827393,111.4,107.0,102.1,10281.47,1.0635514018691588,0.9832303618711387,116.99058419998143,115.04614366223866
2025-01-17,121,94,117.5,106.5,108.3,106.6,98.2,98.7,0,0,119.6,16.37986568931502,117.5,108.3,98.2,98.4,5.770615218501391,106.5,106.6,98.7,118.2,12.488216668346066,117.5,108.3,98.2,100.5,8.263036837493637,106.5,106.6,98.7,9692.34,1.102251407129456,0.9833795013850416,113.6205570234239,103.83768131035309
2025-01-17,99,116,115.0,113.6,110.9,108.7,99.7,99.8,0,0,113.2,17.824140933015524,115.0,110.9,99.7,107.6,6.949820141557627,113.6,108.7,99.8,117.7,14.629118603357883,115.0,110.9,99.7,107.3,5.207899981971876,113.6,108.7,99.8,9950.06,1.0579576816927323,1.024346257889991,114.00435484713412,112.01394021979323
2025-01-17,113,133,110.8,117.2,110.3,113.4,98.5,102.1,0,0,108.2,9.471008394041258,110.8,110.3,98.5,116.8,11.882760622010341,117.2,113.4,102.1,114.7,11.450861200024367,110.8,110.3,98.5,120.8,11.99814800523641,117.2,113.4,102.1,10056.849999999999,0.9770723104056437,1.0625566636446058,114.62901519134942,114.75861864063701
2025-01-17,130,112,113.6,107.6,111.2,111.8,101.3,102.3,0,0,117.0,10.999999999999943,113.6,111.2,101.3,107.0,23.173260452512938,107.6,111.8,102.3,115.5,10.069204977995307,113.6,111.2,101.3,111.0,17.518244457961178,107.6,111.8,102.3,10362.99,1.0161001788908766,0.9676258992805755,118.42649388612729,111.53737882704003
2025-01-17,136,123,107.6,107.8,116.9,116.8,101.7,103.1,0,0,112.2,14.307340773183512,107.6,116.9,101.7,114.0,14.017845768876192,107.8,116.8,103.1,112.7,13.408537910185759,107.6,116.9,101.7,115.2,14.965144688761185,107.8,116.8,103.1,10485.27,0.9212328767123288,0.9221556886227544,116.81142697026293,116.72108427275224
2025-01-17,112,140,111.7,114.4,114.4,109.9,101.7,106.2,0,0,119.0,8.803408430829489,111.7,114.4,101.7,124.0,8.24621125123535,114.4,109.9,106.2,115.8,9.554521907918195,111.7,114.4,101.7,124.3,10.43551627855605,114.4,109.9,106.2,10800.54,1.016378525932666,1.0,120.23631091046406,122.1260356409484
2025-01-17,106,98,112.1,117.3,113.3,104.8,101.6,102.6,0,1,111.4,10.597169433391166,112.1,113.3,101.6,121.6,10.990905331227262,117.3,104.8,102.6,112.5,13.318742016004704,112.1,113.3,101.6,118.5,10.731573354670067,117.3,104.8,102.6,10424.159999999998,1.0696564885496183,1.0353045013239188,114.65458809135725,119.42100216935725
2025-01-17,123,125,111.9,104.0,113.4,113.0,104.9,100.7,0,0,115.6,15.725775020646843,111.9,113.4,104.9,104.6,11.414902540100849,104.0,113.0,100.7,112.2,16.929920916006147,111.9,113.4,104.9,105.2,9.78434123144375,104.0,113.0,100.7,10563.43,0.9902654867256637,0.9171075837742504,117.94720748344118,112.34356498828373
2025-01-17,102,101,113.4,105.7,112.2,112.8,99.7,99.0,0,0,112.0,11.916375287812997,113.4,112.2,99.7,105.6,23.82855429941141,105.7,112.8,99.0,113.7,10.414199707877406,113.4,112.2,99.7,104.9,16.682992004500278,105.7,112.8,99.0,9870.300000000001,1.0053191489361704,0.9420677361853832,114.66905306833719,107.78843163986159
2025-01-18,121,125,112.0,113.7,110.2,116.7,102.5,99.2,0,0,112.8,10.134100848126588,112.0,110.2,102.5,113.6,10.310189135025603,113.7,116.7,99.2,108.4,10.189319026422764,112.0,110.2,102.5,110.8,11.083521301664268,113.7,116.7,99.2,10168.0,0.9597257926306769,1.0317604355716878,116.96830585583078,113.79831723356645
2025-01-18,115,119,117.5,111.9,108.3,112.9,98.2,105.1,1,0,115.4,11.013627921806666,117.5,108.3,98.2,111.2,8.700574693662503,111.9,112.9,105.1,117.3,11.851394667108025,117.5,108.3,98.2,116.4,10.658330075579416,111.9,112.9,105.1,10320.82,1.0407440212577501,1.033240997229917,120.3858153263287,111.70370170722427
2025-01-18,115,102,114.1,109.0,111.9,115.2,101.9,99.9,0,0,118.4,8.961026726887932,114.1,111.9,101.9,111.8,11.541230437002831,109.0,115.2,99.9,116.5,6.916164640415414,114.1,111.9,101.9,110.9,9.10982375729008,109.0,115.2,99.9,10179.810000000001,0.9904513888888888,0.9740840035746201,118.86459318812928,112.14319436973936
2025-01-18,122,114,112.0,103.9,108.7,115.9,101.4,103.7,0,0,110.4,19.047309521294586,112.0,108.7,101.4,106.8,7.5630681604755825,103.9,115.9,103.7,108.3,14.43029221233356,112.0,108.7,101.4,107.9,10.754327294422328,103.9,115.9,103.7,10515.18,0.9663503019844694,0.9558417663293468,119.39640801568721,108.94836646469972
2025-01-18,117,124,113.6,119.1,108.7,109.8,99.8,102.0,1,0,115.0,6.284902544988199,113.6,108.7,99.8,122.0,8.860022573334653,119.1,109.8,102.0,111.8,7.0364132277113915,113.6,108.7,99.8,122.1,11.704225257951991,119.1,109.8,102.0,10179.6,1.034608378870674,1.0956761729530817,115.01751300777617,116.8020975536721
2025-01-18,103,125,108.1,111.4,111.0,107.0,102.1,102.1,0,0,106.0,14.370107863199921,108.1,111.0,102.1,121.8,13.442470011125172,111.4,107.0,102.1,112.2,14.281300905574154,108.1,111.0,102.1,117.5,13.125462954798124,111.4,107.0,102.1,10424.409999999998,1.0102803738317756,1.0036036036036036,111.19135615143598,115.63646566892109
2025-01-19,128,107,110.8,111.7,110.3,114.4,98.5,101.7,0,0,111.4,7.1624018317879905,110.8,110.3,98.5,112.6,8.018728078691765,111.7,114.4,101.7,115.4,11.067469850371861,110.8,110.3,98.5,111.6,9.3238046597585,111.7,114.4,101.7,10017.45,0.9685314685314684,1.0126926563916592,115.29339672562025,111.19419543474665
2025-01-19,100,113,106.5,117.2,106.6,113.4,98.7,102.1,0,0,98.6,7.602631123499308,106.5,106.6,98.7,123.4,9.044335243675988,117.2,113.4,102.1,99.4,11.117553687749847,106.5,106.6,98.7,122.7,12.302212989720482,117.2,113.4,102.1,10077.27,0.9391534391534391,1.0994371482176362,110.72810026744355,112.98800277152147
2025-01-19,123,109,113.6,109.0,111.2,115.2,101.3,99.9,0,1,121.0,11.445523142259553,113.6,111.2,101.3,107.2,9.33809402394303,109.0,115.2,99.9,116.0,10.69787102392064,113.6,111.2,101.3,110.0,9.53356643071661,109.0,115.2,99.9,10119.87,0.986111111111111,0.9802158273381295,119.78116238818473,109.8127647567121
2025-01-19,127,101,117.3,105.7,104.8,112.8,102.6,99.0,0,0,117.0,10.60660171779821,117.3,104.8,102.6,103.2,23.49893614613219,105.7,112.8,99.0,117.2,9.681597664297572,117.3,104.8,102.6,104.9,16.682992004500278,105.7,112.8,99.0,10157.4,1.0398936170212767,1.008587786259542,119.13357370528273,104.61436665476748
2025-01-19,116,102,112.4,113.4,107.8,112.2,99.8,99.7,0,0,118.2,12.194260945215184,112.4,107.8,99.8,108.6,8.173126696681006,113.4,112.2,99.7,110.9,15.616586623772072,112.4,107.8,99.8,107.2,14.823404916999946,113.4,112.2,99.7,9950.06,1.0017825311942958,1.051948051948052,114.99139133267789,109.94170807747447
2025-01-19,113,102,108.1,111.9,111.0,113.4,102.1,104.9,1,0,101.4,9.071934744033394,108.1,111.0,102.1,117.0,9.695359714832652,111.9,113.4,104.9,111.1,14.548386699409441,108.1,111.0,102.1,119.5,10.522462745109413,111.9,113.4,104.9,10710.29,0.9532627865961198,1.0081081081081082,115.58959233033953,117.82724605746915
2025-01-19,123,100,113.8,103.9,113.3,115.9,100.7,103.7,0,1,123.2,11.987493482792795,113.8,113.3,100.7,109.4,7.300684899377559,103.9,115.9,103.7,116.4,16.507237469936946,113.8,113.3,100.7,110.1,9.290975310602388,103.9,115.9,103.7,10442.59,0.9818809318377911,0.9170344218887909,123.43900515082838,110.45330599429003
2025-01-20,110,105,104.0,112.1,113.0,113.3,100.7,101.6,0,0,104.0,7.90569415042092,104.0,113.0,100.7,108.2,10.25670512396641,112.1,113.3,101.6,104.0,11.699952516522815,104.0,113.0,100.7,114.4,15.225709251861561,112.1,113.3,101.6,10231.119999999999,0.9179170344218888,0.9920353982300885,110.35356012971495,114.35985343275794
2025-01-20,96,107,111.4,112.0,107.0,110.2,102.1,102.5,0,0,107.0,14.24780684877498,111.4,107.0,102.1,117.8,4.65832587954078,112.0,110.2,102.5,112.7,14.689754555093435,111.4,107.0,102.1,117.3,8.743886753358453,112.0,110.2,102.5,10465.25,1.0108892921960073,1.0467289719626167,115.54821053541251,113.05278331114785
2025-01-20,108,106,114.4,113.6,109.9,108.7,106.2,99.8,0,0,128.6,19.730686759461776,114.4,109.9,106.2,109.8,7.628892449104266,113.6,108.7,99.8,126.5,14.623041179362417,114.4,109.9,106.2,108.2,5.884065110297707,113.6,108.7,99.8,10598.76,1.0524379024839006,1.0336669699727024,118.20018561837463,116.20296693397373
2025-01-20,119,110,115.0,111.9,110.9,112.9,99.7,105.1,0,0,114.2,16.574076143182143,115.0,110.9,99.7,114.6,7.436396977031306,111.9,112.9,105.1,115.1,15.473633488399988,115.0,110.9,99.7,117.6,10.14560660253166,111.9,112.9,105.1,10478.47,1.0186005314437554,1.0090171325518484,120.59643880995016,114.76517118555542
2025-01-20,118,92,119.1,113.7,109.8,116.7,102.0,99.2,0,0,118.6,15.693947878083454,119.1,109.8,102.0,117.0,10.793516572461451,113.7,116.7,99.2,120.8,11.14350832448107,119.1,109.8,102.0,110.9,11.219526628952707,113.7,116.7,99.2,10118.4,1.0205655526992288,1.0355191256830603,122.2414584922909,113.57520917650727
2025-01-20,85,125,112.0,117.5,108.7,108.3,101.4,98.2,0,0,115.8,17.340703561274537,112.0,108.7,101.4,106.8,11.945710527214333,117.5,108.3,98.2,111.5,13.435028842544433,112.0,108.7,101.4,112.4,13.418064109417775,117.5,108.3,98.2,9957.480000000001,1.0341643582640814,1.0809567617295308,111.45263219393003,112.61384048655401
2025-01-20,123,119,107.6,107.8,116.9,116.8,101.7,103.1,0,0,116.8,17.880156598866783,107.6,116.9,101.7,114.6,14.397916515940777,107.8,116.8,103.1,115.4,15.181860521322475,107.6,116.9,101.7,113.4,12.375603240067004,107.8,116.8,103.1,10485.27,0.9212328767123288,0.9221556886227544,117.15665064557041,116.81476326087346
2025-01-21,95,99,105.7,115.0,112.8,110.9,99.0,99.7,0,1,94.4,4.722287581247013,105.7,112.8,99.0,124.0,10.511898020814371,115.0,110.9,99.7,99.6,8.884443332777433,105.7,112.8,99.0,119.2,11.399805066559587,115.0,110.9,99.7,9870.300000000001,0.9531109107303877,1.0195035460992907,108.5016120132618,114.23955982702948
2025-01-21,107,116,110.8,108.1,110.3,111.0,98.5,102.1,0,0,115.0,10.1734949746879,110.8,110.3,98.5,111.2,5.9329587896765705,108.1,111.0,102.1,115.9,11.551334699216996,110.8,110.3,98.5,106.8,8.230026326405774,108.1,111.0,102.1,10056.849999999999,0.9981981981981982,0.9800543970988214,114.16994973164859,109.33831415463858
2025-01-21,109,93,107.6,106.5,111.8,106.6,102.3,98.7,0,0,109.0,12.609520212918472,107.6,111.8,102.3,98.4,5.770615218501391,106.5,106.6,98.7,108.2,10.22850048747236,107.6,111.8,102.3,100.6,8.16768701108889,106.5,106.6,98.7,10097.01,1.0093808630393997,0.9525939177101969,107.94561763686912,108.76908791375845
2025-01-21,144,109,117.2,109.0,113.4,115.2,102.1,99.9,0,0,114.8,9.444575162494084,117.2,113.4,102.1,107.6,9.370165420098012,109.0,115.2,99.9,121.7,11.823235127869644,117.2,113.4,102.1,110.1,9.515484456633946,109.0,115.2,99.9,10199.79,1.0173611111111112,0.9611992945326279,120.81294049394275,112.7648825771652
2025-01-21,111,88,113.4,103.9,112.2,115.9,99.7,103.7,0,0,108.6,11.844830095868842,113.4,112.2,99.7,108.4,8.324662155306935,103.9,115.9,103.7,113.2,10.88117640698828,113.4,112.2,99.7,107.1,6.607235091591437,103.9,115.9,103.7,10338.890000000001,0.9784296807592753,0.9260249554367201,119.42511897367007,109.75959880334759
2025-01-20,99,112,112.4,111.9,107.8,113.4,99.8,104.9,1,1,121.0,8.63133825081605,112.4,107.8,99.8,114.0,11.789826122551592,111.9,113.4,104.9,112.3,15.355418877024752,112.4,107.8,99.8,117.3,11.70991982134022,111.9,113.4,104.9,10469.02,0.9911816578483245,1.0380333951762524,120.33960763752367,112.17176955788781
2025-01-22,104,114,111.9,112.0,112.9,110.2,105.1,102.5,0,0,119.2,16.02186006679623,111.9,112.9,105.1,115.8,6.760177512462183,112.0,110.2,102.5,119.6,12.411464234506946,111.9,112.9,105.1,118.0,7.378647873726355,112.0,110.2,102.5,10772.75,1.015426497277677,0.9920283436669619,118.97640498288116,119.32266498364383
2025-01-22,84,108,105.7,113.7,112.8,116.7,99.0,99.2,1,0,94.6,4.722287581247013,105.7,112.8,99.0,113.6,15.56598856481656,113.7,116.7,99.2,98.5,8.682677518420745,105.7,112.8,99.0,109.0,12.710450643291816,113.7,116.7,99.2,9820.800000000001,0.9057412167952014,1.0079787234042554,108.06922764344336,113.7194804318034
2025-01-22,114,115,112.1,113.6,113.3,108.7,101.6,99.8,0,0,108.2,8.871302046486754,112.1,113.3,101.6,110.0,7.483314773547889,113.6,108.7,99.8,110.2,12.081206709412543,112.1,113.3,101.6,108.2,5.884065110297707,113.6,108.7,99.8,10139.679999999998,1.031278748850046,1.002647837599294,112.86202552215514,115.2070228932761
2025-01-22,109,108,111.4,119.1,107.0,109.8,102.1,102.0,0,0,106.2,14.83913744123961,111.4,107.0,102.1,124.2,7.2938330115241605,119.1,109.8,102.0,109.3,14.166078419159545,111.4,107.0,102.1,122.6,11.663809173869257,119.1,109.8,102.0,10414.199999999999,1.0145719489981786,1.1130841121495327,114.71930541374385,117.14868992569038
2025-01-22,132,120,114.4,104.0,109.9,113.0,106.2,100.7,0,0,121.4,19.2691463225541,114.4,109.9,106.2,108.6,14.63898903613227,104.0,113.0,100.7,125.6,15.522027358993059,114.4,109.9,106.2,106.4,11.442610424782037,104.0,113.0,100.7,10694.34,1.0123893805309736,0.9463148316651501,120.82885285436242,111.62971526625252
2025-04-06,107,111,107.6,113.6,116.9,111.2,101.7,101.3,0,1,115.0,16.35542723379611,107.6,116.9,101.7,114.8,9.038805230781396,113.6,111.2,101.3,118.4,13.082643293905026,107.6,116.9,101.7,112.4,7.988881162103943,113.6,111.2,101.3,10302.21,0.9676258992805755,0.971770744225834,114.34256915082534,118.0903297764149
2025-01-22,123,114,117.3,107.8,104.8,116.8,102.6,103.1,0,0,119.8,11.122050170719422,117.3,104.8,102.6,117.8,12.872451204024825,107.8,116.8,103.1,119.3,9.25022522248331,117.3,104.8,102.6,115.6,11.01715833496911,107.8,116.8,103.1,10578.06,1.0042808219178083,1.0286259541984732,125.31679966840285,110.16289061147971
2025-01-22,123,117,113.8,112.0,113.3,108.7,100.7,101.4,0,0,125.8,9.576011695899275,113.8,113.3,100.7,102.4,9.44986772394201,112.0,108.7,101.4,114.6,14.369721252998977,113.8,113.3,100.7,101.6,8.435375246872702,112.0,108.7,101.4,10210.980000000001,1.0469181232750688,0.9885260370697264,116.84592709459953,113.93049704253372
2025-01-22,113,117,112.4,117.5,107.8,108.3,99.8,98.2,0,0,114.6,10.92245393673053,112.4,107.8,99.8,108.2,13.845576911057167,117.5,108.3,98.2,111.8,15.7324858528813,112.4,107.8,99.8,113.6,14.001587211614437,117.5,108.3,98.2,9800.36,1.0378578024007388,1.0899814471243043,111.4124000203108,111.09040104034098
2025-01-23,79,101,106.5,108.1,106.6,111.0,98.7,102.1,0,0,98.2,7.429670248402707,106.5,106.6,98.7,113.2,5.403702434442561,108.1,111.0,102.1,99.5,11.118053386771956,106.5,106.6,98.7,108.6,8.058122196475566,108.1,111.0,102.1,10077.27,0.9594594594594594,1.0140712945590995,109.6061324058268,107.22559350093509
2025-01-23,119,122,111.9,107.6,112.9,111.8,105.1,102.3,1,0,116.6,17.458522274236138,111.9,112.9,105.1,104.2,21.052315787105233,107.6,111.8,102.3,118.1,13.362052403895333,111.9,112.9,105.1,109.9,17.0192701240551,107.6,111.8,102.3,10751.73,1.0008944543828266,0.9530558015943311,118.0428330863775,116.03498642093201
2025-01-23,125,96,113.6,110.8,111.2,110.3,101.3,98.5,0,0,125.2,4.438468204234347,113.6,111.2,101.3,107.2,9.679876032264039,110.8,110.3,98.5,115.9,10.619165064479557,113.6,111.2,101.3,107.1,9.926955446885158,110.8,110.3,98.5,9978.05,1.029918404351768,0.9964028776978416,115.60158410883112,110.89850554850172
2025-01-23,115,121,117.3,112.1,104.8,113.3,102.6,101.6,1,1,121.2,10.963576058932594,117.3,104.8,102.6,104.8,6.7601775124621435,112.1,113.3,101.6,119.7,9.32201694913713,117.3,104.8,102.6,114.3,15.29015660118919,112.1,113.3,101.6,10424.159999999998,1.0353045013239188,1.0696564885496183,122.49452821999326,109.46753954728715
2025-01-23,132,123,117.2,113.8,113.4,113.3,102.1,100.7,0,1,121.6,15.453155017665493,117.2,113.4,102.1,120.8,6.300793600809272,113.8,113.3,100.7,124.3,13.638589043999863,117.2,113.4,102.1,119.2,12.044362443345289,113.8,113.3,100.7,10281.47,1.034421888790821,1.00352733686067,122.3791697177774,116.48193671964407
2025-03-19,128,112,107.8,103.9,116.8,115.9,103.1,103.7,0,0,111.6,11.844830095868836,107.8,116.8,103.1,102.0,9.407443861113364,103.9,115.9,103.7,109.1,10.692157042534348,107.8,116.8,103.1,105.3,8.969702088450752,103.9,115.9,103.7,10691.47,0.9301121656600517,0.889554794520548,118.09886906825734,114.848976717624
2025-01-23,131,106,112.0,111.9,108.7,113.4,101.4,104.9,1,0,105.0,16.046806535881196,112.0,108.7,101.4,109.8,5.263078946776297,111.9,113.4,104.9,108.6,15.763530343450673,112.0,108.7,101.4,116.3,11.690927156465076,111.9,113.4,104.9,10636.86,0.9876543209876543,1.029438822447102,117.72298487693627,114.84304199515806
2025-01-23,117,96,113.4,117.5,112.2,108.3,99.7,98.2,0,1,111.4,9.914635646356365,113.4,112.2,99.7,109.8,14.411800720243093,117.5,108.3,98.2,112.9,10.898012051134147,113.4,112.2,99.7,111.4,10.966616007988431,117.5,108.3,98.2,9790.54,1.0470914127423823,1.0472370766488412,113.01694482547178,113.39169458949777
2025-01-24,97,102,104.0,108.1,113.0,111.0,100.7,102.1,0,1,105.6,8.203657720797446,104.0,113.0,100.7,112.4,6.985699678629227,108.1,111.0,102.1,103.5,11.276819882691495,104.0,113.0,100.7,107.3,8.138386408455432,108.1,111.0,102.1,10281.47,0.9369369369369369,0.9566371681415928,111.27267143217261,112.0544214704747
2025-01-24,132,129,109.0,119.1,115.2,109.8,99.9,102.0,0,0,108.8,8.438009243891626,109.0,115.2,99.9,121.4,10.38267788193391,119.1,109.8,102.0,108.2,6.811754546370535,109.0,115.2,99.9,122.0,12.292725943056876,119.1,109.8,102.0,10189.800000000001,0.9927140255009108,1.0338541666666665,112.40594468463904,120.76016247598992
2025-01-24,139,126,114.4,107.6,109.9,116.9,106.2,101.7,0,0,125.8,18.512158166999335,114.4,109.9,106.2,115.8,6.4575537163851795,107.6,116.9,101.7,126.5,15.615163570495476,114.4,109.9,106.2,111.5,10.469532516359633,107.6,116.9,101.7,10800.54,0.9786142001710864,0.9790718835304821,124.38029917517967,115.26989426610015
2025-01-25,133,104,113.6,117.2,108.7,113.4,99.8,102.1,0,0,116.0,6.082762530298149,113.6,108.7,99.8,119.6,8.502940667792501,117.2,113.4,102.1,111.5,6.704061787039647,113.6,108.7,99.8,122.7,12.302212989720482,117.2,113.4,102.1,10189.58,1.001763668430335,1.078196872125115,118.27235254828771,114.99648626202486
2025-01-25,107,122,112.1,117.5,113.3,108.3,101.6,98.2,0,0,107.4,7.8930349042684504,112.1,113.3,101.6,110.6,13.240090634130846,117.5,108.3,98.2,112.1,10.857153299911435,112.1,113.3,101.6,109.9,12.00416594353819,117.5,108.3,98.2,9977.119999999999,1.0350877192982455,1.0370697263901147,111.17883597069927,116.4029050123251
2025-01-25,97,106,105.7,110.8,112.8,110.3,99.0,98.5,0,0,94.0,5.958187643906474,105.7,112.8,99.0,103.6,9.864076236526143,110.8,110.3,98.5,95.5,7.877534865397671,105.7,112.8,99.0,105.3,10.165846961490388,110.8,110.3,98.5,9751.5,0.958295557570263,0.9822695035460993,105.8258522301692,110.06640892487464
2025-01-25,123,92,104.0,107.6,113.0,116.9,100.7,101.7,1,1,104.8,8.927485648266233,104.0,113.0,100.7,119.4,6.024948132556831,107.6,116.9,101.7,100.9,9.060905032059374,104.0,113.0,100.7,113.1,11.396393191610137,107.6,116.9,101.7,10241.19,0.8896492728828058,0.9522123893805309,111.97919849426853,112.76262411388922
2025-01-25,121,113,106.5,112.0,106.6,110.2,98.7,102.5,0,0,95.6,11.371015785759877,106.5,106.6,98.7,115.8,6.760177512462183,112.0,110.2,102.5,95.3,9.96716832628227,106.5,106.6,98.7,118.3,7.118832613412107,112.0,110.2,102.5,10116.75,0.9664246823956443,1.050656660412758,108.9476393583448,109.61560721178182
2025-01-25,94,117,111.9,107.6,112.9,111.8,105.1,102.3,0,0,112.2,11.541230437002755,111.9,112.9,105.1,114.4,10.807404868885044,107.6,111.8,102.3,117.6,13.209424245170169,111.9,112.9,105.1,111.3,17.416786283480743,107.6,111.8,102.3,10751.73,1.0008944543828266,0.9530558015943311,119.07234675805385,116.6614325090357
2025-01-25,131,135,119.1,111.4,109.8,107.0,102.0,102.1,1,0,117.4,15.4045447839266,119.1,109.8,102.0,119.8,11.606032913963306,111.4,107.0,102.1,120.2,11.113555286725854,119.1,109.8,102.0,120.7,10.022751895340718,111.4,107.0,102.1,10414.199999999999,1.1130841121495327,1.0145719489981786,118.09223869026484,114.98843469766516
2025-01-25,143,120,115.0,113.8,110.9,113.3,99.7,100.7,0,0,115.6,16.637307474468322,115.0,110.9,99.7,121.0,6.363961030678855,113.8,113.3,100.7,115.9,15.444884086468399,115.0,110.9,99.7,118.8,11.82088547162746,113.8,113.3,100.7,10039.79,1.0150044130626654,1.0261496844003606,117.54262527314232,113.9916877716975
2025-01-25,97,109,111.9,109.0,113.4,115.2,104.9,99.9,0,1,117.4,16.009372255026125,111.9,113.4,104.9,108.4,9.262828941527557,109.0,115.2,99.9,114.5,16.648323238893067,111.9,113.4,104.9,111.1,8.710785141293275,109.0,115.2,99.9,10479.510000000002,0.9713541666666667,0.9611992945326279,119.65190750746027,113.89581104803042
2025-01-25,125,103,114.4,107.8,109.9,116.8,106.2,103.1,1,0,122.6,12.660963628413128,114.4,109.9,106.2,113.4,7.893034904268457,107.8,116.8,103.1,127.3,16.06964011212849,114.4,109.9,106.2,114.4,10.394442959795676,107.8,116.8,103.1,10949.22,0.9794520547945206,0.9808917197452228,124.78811344976808,116.8616684562579
2025-01-25,108,118,112.0,113.4,108.7,112.2,101.4,99.7,0,0,107.0,18.907670401189023,112.0,108.7,101.4,106.4,8.173126696681006,113.4,112.2,99.7,111.2,17.18397186010527,112.0,108.7,101.4,105.5,14.284801558144267,113.4,112.2,99.7,10109.580000000002,0.9982174688057041,1.0432382704691812,113.84425475570914,111.48192684147082
2025-01-25,119,109,113.7,103.9,116.7,115.9,99.2,103.7,0,0,111.6,13.390294993016417,113.7,116.7,99.2,103.8,10.449880382090482,103.9,115.9,103.7,113.4,9.991107156978341,113.7,116.7,99.2,106.2,9.162726425882067,103.9,115.9,103.7,10287.04,0.9810181190681622,0.8903170522707798,119.5233258387203,111.42571923213261
2025-01-25,127,117,112.4,113.6,107.8,111.2,99.8,101.3,0,0,112.6,9.864076236526168,112.4,107.8,99.8,114.8,9.038805230781396,113.6,111.2,101.3,110.5,14.946199814296873,112.4,107.8,99.8,112.1,7.978443178687962,113.6,111.2,101.3,10109.74,1.0107913669064748,1.0538033395176252,115.23827731685195,111.57120319905721
2025-01-26,108,118,108.1,117.3,111.0,104.8,102.1,102.6,0,0,103.4,10.502380682492909,108.1,111.0,102.1,120.0,13.999999999999996,117.3,104.8,102.6,109.3,12.824022596500447,108.1,111.0,102.1,115.4,11.786998487033609,117.3,104.8,102.6,10475.46,1.0314885496183206,1.0567567567567566,110.27372695806832,119.11530519407792
2025-01-27,107,112,104.0,113.4,113.0,112.2,100.7,99.7,0,0,110.6,9.555103348472983,104.0,113.0,100.7,109.4,9.289779329994861,113.4,112.2,99.7,104.8,9.366607354497852,104.0,113.0,100.7,106.8,14.815907367121193,113.4,112.2,99.7,10039.79,0.9269162210338681,1.0035398230088497,108.90161250174936,114.1923726754317
2025-01-27,110,91,119.1,112.0,109.8,110.2,102.0,102.5,0,0,120.6,16.410362579784767,119.1,109.8,102.0,114.2,6.14003257320345,112.0,110.2,102.5,121.8,11.429007928172222,119.1,109.8,102.0,117.6,7.275529763071227,112.0,110.2,102.5,10455.0,1.0807622504537204,1.0200364298724955,121.95022103926773,114.47217338974825
2025-01-27,112,114,117.5,111.4,108.3,107.0,98.2,102.1,0,0,115.6,10.990905331227243,117.5,108.3,98.2,123.0,13.397761006974248,111.4,107.0,102.1,117.7,11.68141924406262,117.5,108.3,98.2,122.5,10.86533734200444,111.4,107.0,102.1,10026.22,1.0981308411214954,1.0286241920590953,116.06722419169166,110.60844083529031
2025-01-27,96,110,105.7,113.8,112.8,113.3,99.0,100.7,0,0,94.6,6.107372593840971,105.7,112.8,99.0,119.2,4.549725266430829,113.8,113.3,100.7,96.0,7.788880963698635,105.7,112.8,99.0,121.2,8.702490065109712,113.8,113.3,100.7,9969.300000000001,0.9329214474845543,1.0088652482269505,108.8603310527504,114.45006799067991
2025-01-27,125,119,110.8,106.5,110.3,106.6,98.5,98.7,0,0,112.6,10.406728592598155,110.8,110.3,98.5,97.8,6.220932405998304,106.5,106.6,98.7,113.2,9.886017061149277,110.8,110.3,98.5,98.0,5.291502622129114,106.5,106.6,98.7,9721.95,1.0393996247654784,0.9655485040797824,109.0410828545404,105.30119348045449
2025-01-27,143,106,115.0,114.4,110.9,109.9,99.7,106.2,0,0,124.0,17.972200755611414,115.0,110.9,99.7,125.4,10.454664030948123,114.4,109.9,106.2,116.3,16.14551881414091,115.0,110.9,99.7,124.3,10.43551627855605,114.4,109.9,106.2,10588.140000000001,1.046405823475887,1.0315599639314699,120.84660905524203,117.90733334087336
2025-01-27,113,104,107.6,107.6,111.8,116.9,102.3,101.7,0,0,104.8,5.167204273105476,107.6,111.8,102.3,115.8,13.627178724886528,107.6,116.9,101.7,107.3,9.649985607358296,107.6,111.8,102.3,113.8,9.542885657214311,107.6,116.9,101.7,10403.91,0.9204448246364413,0.962432915921288,115.55441975024725,113.26500962931522
2025-01-27,129,121,111.9,117.2,113.4,113.4,104.9,102.1,0,0,109.2,13.046072205840359,111.9,113.4,104.9,116.0,10.747092630102319,117.2,113.4,102.1,114.4,16.761065996330114,111.9,113.4,104.9,119.0,11.737877907772793,117.2,113.4,102.1,10710.29,0.9867724867724867,1.033509700176367,119.13052705693616,122.12290445560018
2025-01-27,100,92,113.6,111.9,108.7,112.9,99.8,105.1,0,0,119.6,9.633275663033793,113.6,108.7,99.8,115.6,6.0249481325568555,111.9,112.9,105.1,114.4,8.98393628155896,113.6,108.7,99.8,116.7,10.40352504362507,111.9,112.9,105.1,10488.98,1.0062001771479183,1.029438822447102,120.61466577453123,113.51733009656779
2025-01-27,130,108,112.1,103.9,113.3,115.9,101.6,103.7,0,0,105.4,5.856620185738535,112.1,113.3,101.6,104.6,10.714476188783078,103.9,115.9,103.7,111.5,10.967122584241388,112.1,113.3,101.6,105.7,8.81980095517416,103.9,115.9,103.7,10535.92,0.9672131147540982,0.9170344218887909,119.79131004161924,111.7477643565003
2025-01-27,110,125,107.8,113.6,116.8,111.2,103.1,101.3,0,0,113.0,13.527749258468688,107.8,116.8,103.1,114.2,8.700574693662546,113.6,111.2,101.3,109.8,11.73598454895575,107.8,116.8,103.1,113.3,7.689097620801778,113.6,111.2,101.3,10444.029999999999,0.9694244604316546,0.9726027397260274,113.73976215367023,119.99071455884884
2025-01-27,111,109,113.7,112.4,116.7,107.8,99.2,99.8,0,0,117.6,4.505552130427588,113.7,116.7,99.2,102.2,11.670475568716116,112.4,107.8,99.8,113.6,10.090699788529228,113.7,116.7,99.2,107.7,11.557104597028827,112.4,107.8,99.8,9900.16,1.0547309833024119,0.9631533847472151,113.56586884522898,114.0553350984537
2025-01-28,118,104,109.0,113.4,115.2,112.2,99.9,99.7,0,1,115.4,11.28273016605469,109.0,115.2,99.9,108.8,8.927485648266245,113.4,112.2,99.7,109.9,10.049322807477562,109.0,115.2,99.9,110.0,11.460075625114236,113.4,112.2,99.7,9960.03,0.9714795008912656,0.984375,113.74942504896855,113.93061639510765
2025-01-28,114,103,112.0,107.8,108.7,116.8,101.4,103.1,0,1,108.8,18.37661557523581,112.0,108.7,101.4,113.0,8.45576726264389,107.8,116.8,103.1,110.7,17.198514147707346,112.0,108.7,101.4,114.2,10.612361764575482,107.8,116.8,103.1,10454.34,0.9589041095890412,0.9917203311867525,120.53114027498755,110.31686853084645
2025-01-28,125,112,108.1,113.6,111.0,111.2,102.1,101.3,0,1,105.4,10.163660757817539,108.1,111.0,102.1,113.6,7.536577472566784,113.6,111.2,101.3,110.2,12.32702541392504,108.1,111.0,102.1,114.0,8.445906306213141,113.6,111.2,101.3,10342.73,0.9721223021582733,1.0234234234234234,114.1199993860191,114.47028126731865
2025-01-29,83,104,104.0,105.7,113.0,112.8,100.7,99.0,0,0,110.4,9.633275663033816,104.0,113.0,100.7,102.4,23.490423580684915,105.7,112.8,99.0,106.1,8.569325138733713,104.0,113.0,100.7,105.5,16.392749074582348,105.7,112.8,99.0,9969.300000000001,0.9219858156028369,0.9353982300884957,108.54624846364527,108.56552074472278
2025-01-29,133,119,114.1,112.0,111.9,110.2,101.9,102.5,0,0,119.0,8.51469318296319,114.1,111.9,101.9,109.8,12.153188881935447,112.0,110.2,102.5,116.5,6.916164640415414,114.1,111.9,101.9,114.7,11.025727489225734,112.0,110.2,102.5,10444.75,1.0353901996370236,1.000893655049151,118.77032348194106,115.338700304654
2025-01-29,82,106,103.9,107.6,115.9,111.8,103.7,102.3,0,0,106.8,11.256109452204129,103.9,115.9,103.7,118.2,5.761944116355185,107.6,111.8,102.3,113.3,12.256970805763322,103.9,115.9,103.7,113.0,17.01633202413357,107.6,111.8,102.3,10608.51,0.9293381037567084,0.9283865401207937,112.2309057712093,117.70434253389463
2025-01-29,122,100,117.5,111.9,108.3,113.4,98.2,104.9,0,0,113.0,9.66953980290683,117.5,108.3,98.2,108.0,4.527692569068695,111.9,113.4,104.9,116.8,11.745448290957507,117.5,108.3,98.2,116.3,11.690927156465076,111.9,113.4,104.9,10301.18,1.0361552028218695,1.033240997229917,121.49981941070925,110.7062984049578
2025-01-29,106,126,110.8,119.1,110.3,109.8,98.5,102.0,0,0,114.6,11.844830095868828,110.8,110.3,98.5,120.4,9.01665126307986,119.1,109.8,102.0,113.6,10.308572484426149,110.8,110.3,98.5,123.3,12.275087689208972,119.1,109.8,102.0,10047.0,1.0091074681238617,1.0797824116047143,113.29990970441929,116.13172683453845
2025-01-29,122,112,115.0,117.2,110.9,113.4,99.7,102.1,0,0,124.6,18.676188047885994,115.0,110.9,99.7,117.8,10.66302021005304,117.2,113.4,102.1,118.9,18.229707134845114,115.0,110.9,99.7,118.7,11.633763124821103,117.2,113.4,102.1,10179.369999999999,1.0141093474426808,1.0568079350766455,119.61152725840476,116.32969019237328
2025-01-29,117,104,109.0,113.8,115.2,113.3,99.9,100.7,1,0,117.2,10.709808588392255,109.0,115.2,99.9,118.4,5.856620185738451,113.8,113.3,100.7,111.5,9.924716620639606,109.0,115.2,99.9,120.7,9.226170506890826,113.8,113.3,100.7,10059.93,0.9620476610767873,0.9878472222222222,112.76284773151691,117.12444387664172
2025-01-29,136,137,107.6,112.1,116.9,113.3,101.7,101.6,0,0,117.0,14.053469322555175,107.6,116.9,101.7,109.0,9.137833441248471,112.1,113.3,101.6,116.2,12.95119042147612,107.6,116.9,101.7,112.7,13.367040726270657,112.1,113.3,101.6,10332.72,0.9496910856134156,0.9589392643284858,114.56387069820389,117.7051840734495
2025-01-29,116,128,111.7,112.4,114.4,107.8,101.7,99.8,0,0,114.8,4.324349662087899,111.7,114.4,101.7,106.8,7.463243262818099,112.4,107.8,99.8,116.6,8.758487946621319,111.7,114.4,101.7,106.5,10.60660171779813,112.4,107.8,99.8,10149.66,1.0361781076066792,0.9825174825174825,113.12895814212207,114.97609378541297
2025-01-29,113,121,113.7,113.6,116.7,108.7,99.2,99.8,0,0,117.4,4.82700735445893,113.7,116.7,99.2,112.2,6.870225614927073,113.6,108.7,99.8,113.4,10.123679612121794,113.7,116.7,99.2,109.3,6.037843618011006,113.6,108.7,99.8,9900.16,1.045998160073597,0.9734361610968294,114.05038929138964,115.86575535930864
2025-01-29,116,109,112.0,117.3,108.7,104.8,101.4,102.6,1,0,112.0,17.39252713092607,112.0,108.7,101.4,119.2,13.97139935725838,117.3,104.8,102.6,111.2,17.2162713733259,112.0,108.7,101.4,115.3,11.757267256183837,117.3,104.8,102.6,10403.64,1.0687022900763359,1.079116835326587,111.66103486384438,117.34762091045889
2025-01-30,96,134,103.9,113.4,115.9,112.2,103.7,99.7,1,0,103.6,15.757537878742323,103.9,115.9,103.7,106.6,8.354639429682155,113.4,112.2,99.7,109.2,15.164285527368445,103.9,115.9,103.7,111.1,10.09345222298999,113.4,112.2,99.7,10338.890000000001,0.9260249554367201,0.9784296807592753,107.98421550781234,118.25574112166056
2025-01-30,137,115,119.1,111.9,109.8,112.9,102.0,105.1,1,0,116.8,16.177144370994533,119.1,109.8,102.0,109.2,10.3295692068934,111.9,112.9,105.1,120.2,11.886500279261764,119.1,109.8,102.0,113.3,12.392201849012444,111.9,112.9,105.1,10720.199999999999,1.0549158547387067,1.0191256830601094,124.27959319072633,116.30278939930193
2025-01-30,120,119,114.4,111.4,109.9,107.0,106.2,102.1,0,0,123.8,12.517987058628881,114.4,109.9,106.2,125.8,7.59605160593315,111.4,107.0,102.1,126.2,15.78184611085352,114.4,109.9,106.2,122.5,10.86533734200444,111.4,107.0,102.1,10843.02,1.069158878504673,1.013648771610555,119.76601723444591,118.66628002462274
2025-01-30,113,138,107.8,113.6,116.8,108.7,103.1,99.8,0,1,110.8,12.774975538137054,107.8,116.8,103.1,115.6,5.941380311005187,113.6,108.7,99.8,110.5,11.49154278395858,107.8,116.8,103.1,110.9,6.838615844355314,113.6,108.7,99.8,10289.38,0.9917203311867525,0.9726027397260274,112.16966945288853,118.1231637167231
2025-01-30,119,90,108.1,106.5,111.0,106.6,102.1,98.7,0,0,107.6,13.221195104830738,108.1,111.0,102.1,100.4,11.216059914247953,106.5,106.6,98.7,110.1,12.187881048174155,108.1,111.0,102.1,100.4,8.342661445845627,106.5,106.6,98.7,10077.27,1.0140712945590995,0.9594594594594594,108.03539688005006,108.36349239398213
2025-01-31,104,112,104.0,112.4,113.0,107.8,100.7,99.8,0,0,104.0,14.966629547095753,104.0,113.0,100.7,112.8,10.183319694480764,112.4,107.8,99.8,104.0,11.284207253207159,104.0,113.0,100.7,107.5,12.167808165629244,112.4,107.8,99.8,10049.86,0.9647495361781077,0.9946902654867257,105.9108483860798,114.05051797756724
2025-01-31,117,102,112.0,112.1,110.2,113.3,102.5,101.6,0,0,113.2,10.47377677822093,112.0,110.2,102.5,116.6,13.501851724856072,112.1,113.3,101.6,110.3,10.625441167311529,112.0,110.2,102.5,112.7,13.367040726270657,112.1,113.3,101.6,10414.0,0.9885260370697264,1.0172413793103448,117.73283848837406,114.96322035079446
2025-01-31,134,137,109.0,117.2,115.2,113.4,99.9,102.1,0,0,117.6,10.64424727258816,109.0,115.2,99.9,116.6,10.968135666556991,117.2,113.4,102.1,113.0,9.451631252505228,109.0,115.2,99.9,116.7,10.781156400560011,117.2,113.4,102.1,10199.79,0.9611992945326279,1.0173611111111112,115.14226647093108,119.26162474561387
2025-01-31,106,122,107.6,111.9,111.8,113.4,102.3,104.9,0,0,108.0,3.937003937005842,107.6,111.8,102.3,106.6,5.813776741499443,111.9,113.4,104.9,107.8,9.818350166906866,107.6,111.8,102.3,114.4,12.703455347966296,111.9,113.4,104.9,10731.27,0.9488536155202821,1.0008944543828266,117.50283169319934,116.92646994323003
2025-01-31,116,118,107.6,117.5,116.9,108.3,101.7,98.2,0,0,124.2,12.275992831539103,107.6,116.9,101.7,111.4,13.903237033151642,117.5,108.3,98.2,118.7,14.189589297948238,107.6,116.9,101.7,109.8,11.886500279261808,117.5,108.3,98.2,9986.94,0.9935364727608494,1.0051325919589391,110.01627024308313,118.88659335212621
2025-01-31,144,118,111.7,113.6,114.4,111.2,101.7,101.3,0,0,115.2,4.324349662087899,111.7,114.4,101.7,114.2,7.1902712048990995,113.6,111.2,101.3,118.1,6.871034209717694,111.7,114.4,101.7,115.1,7.187179944564733,113.6,111.2,101.3,10302.21,1.004496402877698,0.9930069930069929,116.35164293819898,117.35736813968221
2025-01-31,105,130,112.0,113.7,108.7,116.7,101.4,99.2,0,0,110.8,16.724233913695404,112.0,108.7,101.4,114.4,15.043270920913443,113.7,116.7,99.2,113.3,16.275748830699023,112.0,108.7,101.4,108.8,12.708702180439708,113.7,116.7,99.2,10058.880000000001,0.9597257926306769,1.045998160073597,116.0372192824113,112.14962326004805
2025-02-01,132,127,114.1,111.9,111.9,112.9,101.9,105.1,0,0,120.4,10.33440854621104,114.1,111.9,101.9,109.2,10.3295692068934,111.9,112.9,105.1,118.4,8.566082989195099,114.1,111.9,101.9,111.2,9.577751997902961,111.9,112.9,105.1,10709.69,1.0106288751107173,1.0,122.64440612754606,117.085493558194
2025-02-01,113,99,107.8,106.5,116.8,106.6,103.1,98.7,0,0,115.0,7.348469228349544,107.8,116.8,103.1,97.8,11.945710527214352,106.5,106.6,98.7,112.4,9.924156835161575,107.8,116.8,103.1,99.4,8.971560003081295,106.5,106.6,98.7,10175.97,1.0112570356472796,0.9118150684931507,109.36864873176529,112.23528692139303
2025-02-01,104,107,104.0,117.2,113.0,113.4,100.7,102.1,1,1,102.8,14.60136979875517,104.0,113.0,100.7,117.4,12.501999840025574,117.2,113.4,102.1,104.2,11.262523893179726,104.0,113.0,100.7,120.4,10.762073323585241,117.2,113.4,102.1,10281.47,0.9171075837742504,1.0371681415929204,110.46409125809905,118.09233231285216
2025-02-01,98,110,111.4,105.7,107.0,112.8,102.1,99.0,0,0,106.0,14.781745499094457,111.4,107.0,102.1,101.0,23.05428376679696,105.7,112.8,99.0,110.4,13.607187643137555,111.4,107.0,102.1,104.8,16.280868117722246,105.7,112.8,99.0,10107.9,0.9875886524822696,0.9878504672897197,113.47202285469037,105.53042318432911
2025-02-01,103,105,113.6,103.9,108.7,115.9,99.8,103.7,0,0,118.0,12.32882800593792,113.6,108.7,99.8,103.4,9.685040010242576,103.9,115.9,103.7,113.5,9.980536614386601,113.6,108.7,99.8,106.4,8.682037651253289,103.9,115.9,103.7,10349.26,0.9801553062985331,0.9558417663293468,120.62734161608665,107.11502185634578
2025-02-01,144,110,117.3,113.8,104.8,113.3,102.6,100.7,0,0,120.8,11.189280584559489,117.3,104.8,102.6,114.4,7.635443667528372,113.8,113.3,100.7,120.3,8.731170215574398,117.3,104.8,102.6,120.1,10.148344145174066,113.8,113.3,100.7,10331.82,1.0353045013239188,1.0858778625954197,121.40741676483724,111.06989839337939
2025-02-01,112,128,115.0,113.4,110.9,112.2,99.7,99.7,0,0,125.2,18.498648599289613,115.0,110.9,99.7,114.0,12.884098726725117,113.4,112.2,99.7,119.2,18.25620138169191,115.0,110.9,99.7,111.3,10.562512327409157,113.4,112.2,99.7,9940.09,1.0249554367201426,1.0225428313796212,117.2109892691318,112.51627723126964
2025-02-01,103,105,111.7,110.8,114.4,110.3,101.7,98.5,1,0,119.6,13.794926603646712,111.7,114.4,101.7,105.4,9.154233993076634,110.8,110.3,98.5,120.1,10.650508595054651,111.7,114.4,101.7,107.0,8.406346808612238,110.8,110.3,98.5,10017.45,1.0126926563916592,0.9685314685314684,112.20268430328177,113.51954382758342
2025-02-01,127,108,108.1,113.7,111.0,116.7,102.1,99.2,0,1,113.6,8.706319543871583,108.1,111.0,102.1,117.0,16.64331697709324,113.7,116.7,99.2,109.8,11.89584427903751,108.1,111.0,102.1,112.8,12.425779653607265,113.7,116.7,99.2,10128.32,0.9263067694944301,1.0243243243243243,115.58166338866599,113.46819295843065
2025-02-02,127,119,112.0,111.9,110.2,113.4,102.5,104.9,0,0,113.0,10.36822067666386,112.0,110.2,102.5,108.4,8.87693640846885,111.9,113.4,104.9,112.4,9.500877152487824,112.0,110.2,102.5,112.7,9.866328823044613,111.9,113.4,104.9,10752.25,0.9876543209876543,1.015426497277677,120.88055451198287,116.28860338899703
2025-02-02,144,101,119.1,112.1,109.8,113.3,102.0,101.6,0,0,117.8,17.45565810847589,119.1,109.8,102.0,116.2,13.989281611290801,112.1,113.3,101.6,121.5,13.006408676751164,119.1,109.8,102.0,110.4,12.98888413648809,112.1,113.3,101.6,10363.199999999999,1.0511915269196823,1.0209471766848817,122.53873636199609,114.29030958709923
2025-02-02,115,108,107.6,112.4,111.8,107.8,102.3,99.8,0,0,108.4,3.5071355833499656,107.6,111.8,102.3,114.0,9.513148795220213,112.4,107.8,99.8,109.0,8.602325267042634,107.6,111.8,102.3,109.0,11.642832797715238,112.4,107.8,99.8,10209.539999999999,0.9981447124304267,1.005366726296959,110.07019217267403,114.51824886807593
2025-02-02,110,118,109.0,117.5,115.2,108.3,99.9,98.2,0,0,124.0,8.276472678623456,109.0,115.2,99.9,115.6,11.414902540100782,117.5,108.3,98.2,115.6,11.315672514015462,109.0,115.2,99.9,111.2,11.951754868823487,117.5,108.3,98.2,9810.18,1.0064635272391504,1.0199652777777777,110.41798530313075,117.13025059401933
2025-02-02,119,132,113.6,114.4,111.2,109.9,101.3,106.2,0,0,126.0,3.8078865529318646,113.6,111.2,101.3,124.0,12.747548783981978,114.4,109.9,106.2,118.0,10.066445913694116,113.6,111.2,101.3,122.1,11.798775831039366,114.4,109.9,106.2,10758.06,1.0336669699727024,1.0287769784172662,122.22739480206783,119.65905570168964
2025-02-03,114,124,104.0,103.9,113.0,115.9,100.7,103.7,0,0,104.2,14.237275020171507,104.0,113.0,100.7,104.4,9.502631214563653,103.9,115.9,103.7,104.5,11.207636285636278,104.0,113.0,100.7,106.4,8.682037651253289,103.9,115.9,103.7,10442.59,0.89732528041415,0.9194690265486726,112.79530329785275,110.71235769173433
2025-02-03,130,132,112.0,111.9,110.2,112.9,102.5,105.1,1,0,117.6,10.478549517943788,112.0,110.2,102.5,112.6,13.088162590677133,111.9,112.9,105.1,113.2,10.411532067856221,112.0,110.2,102.5,111.9,10.503438590396149,111.9,112.9,105.1,10772.75,0.9920283436669619,1.015426497277677,120.16648607459196,117.47148920819019
2025-02-03,124,118,115.0,111.4,110.9,107.0,99.7,102.1,0,0,127.8,14.342245291445812,115.0,110.9,99.7,124.0,7.999999999999974,111.4,107.0,102.1,121.0,16.275407487644966,115.0,110.9,99.7,123.0,10.540925533894626,111.4,107.0,102.1,10179.369999999999,1.074766355140187,1.0045085662759243,116.61209274374687,113.71718894387988
2025-02-03,128,109,114.4,111.7,109.9,114.4,106.2,101.7,1,0,124.8,11.819475453673912,114.4,109.9,106.2,111.4,8.38450952650182,111.7,114.4,101.7,126.7,15.463577277661786,114.4,109.9,106.2,109.6,7.647802879840088,111.7,114.4,101.7,10800.54,1.0,1.016378525932666,122.31808309128256,117.59252896296574
2025-02-03,114,116,113.6,113.8,108.7,113.3,99.8,100.7,0,0,113.6,13.107249902248723,113.6,108.7,99.8,113.4,7.861297602813362,113.8,113.3,100.7,113.1,10.343543343017874,113.6,108.7,99.8,117.1,7.7667381970954805,113.8,113.3,100.7,10049.86,1.002647837599294,1.0469181232750688,116.52506532558547,111.69721213652137
2025-02-03,125,96,117.3,113.6,104.8,111.2,102.6,101.3,0,1,128.6,11.013627921806691,117.3,104.8,102.6,116.6,5.594640292279848,113.6,111.2,101.3,122.4,11.529671865813633,117.3,104.8,102.6,115.7,7.149980574954058,113.6,111.2,101.3,10393.38,1.0548561151079137,1.083969465648855,123.10765481703167,110.79124682602998
2025-02-03,125,113,117.2,107.6,113.4,116.9,102.1,101.7,0,0,126.8,13.08434178703691,117.2,113.4,102.1,112.0,13.765899897936205,107.6,116.9,101.7,125.8,13.571211359999516,117.2,113.4,102.1,113.0,10.03327796219495,107.6,116.9,101.7,10383.57,1.0025662959794697,0.9488536155202821,124.44662407942187,113.67605555878438
2025-02-03,111,112,107.8,114.1,116.8,111.9,103.1,101.9,0,0,115.2,7.2594765651526245,107.8,116.8,103.1,116.6,8.502940667792515,114.1,111.9,101.9,113.3,9.475699915514653,107.8,116.8,103.1,117.3,8.99444272870758,114.1,111.9,101.9,10505.89,0.9633601429848078,0.9768835616438356,115.25806734318064,120.94006482000133
2025-02-03,104,99,112.0,106.5,108.7,106.6,101.4,98.7,0,0,114.8,10.084641788382937,112.0,108.7,101.4,99.0,11.640446726822809,106.5,106.6,98.7,109.9,13.64998982498607,112.0,108.7,101.4,98.7,8.667307668602831,106.5,106.6,98.7,10008.18,1.050656660412758,0.9797608095676172,111.19582250807024,106.29816952331329
2025-02-03,121,119,108.1,113.7,111.0,116.7,102.1,99.2,0,0,118.4,7.987490219086361,108.1,111.0,102.1,112.6,15.192103211866353,113.7,116.7,99.2,109.9,12.050357302217618,108.1,111.0,102.1,113.1,12.25153051663343,113.7,116.7,99.2,10128.32,0.9263067694944301,1.0243243243243243,114.80222002225369,113.90105283151163
2025-02-04,105,112,119.1,117.5,109.8,108.3,102.0,98.2,0,0,128.0,13.874436925511613,119.1,109.8,102.0,114.2,10.353743284435792,117.5,108.3,98.2,123.3,14.817782110244039,119.1,109.8,102.0,111.2,11.951754868823487,117.5,108.3,98.2,10016.4,1.0997229916897506,1.0701275045537342,117.8714539153661,114.64994236744528
2025-02-04,99,97,105.7,111.4,112.8,107.0,99.0,102.1,0,1,94.0,5.70087712549567,105.7,112.8,99.0,122.2,8.167006795638143,111.4,107.0,102.1,95.7,7.71794445864098,105.7,112.8,99.0,122.0,10.48808848170154,111.4,107.0,102.1,10107.9,0.9878504672897197,0.9875886524822696,108.16234517357341,113.23589838193811
2025-02-04,118,116,109.0,112.1,115.2,113.3,99.9,101.6,0,0,122.2,10.353743284435852,109.0,115.2,99.9,113.2,15.562776101968407,112.1,113.3,101.6,115.5,11.365151414154905,109.0,115.2,99.9,110.7,12.702143301208865,112.1,113.3,101.6,10149.84,0.9620476610767873,0.9730902777777777,115.27040775335726,115.73371784758392
2025-02-04,115,121,107.6,115.0,111.8,110.9,102.3,99.7,0,1,110.6,3.5071355833499656,107.6,111.8,102.3,116.6,12.73970172335291,115.0,110.9,99.7,109.5,8.809716857601682,107.6,111.8,102.3,117.7,13.030306553910808,115.0,110.9,99.7,10199.31,0.9702434625788998,1.0286225402504472,113.15765036074619,115.08948517773611
2025-02-04,133,124,111.9,110.8,113.4,110.3,104.9,98.5,0,0,111.2,15.466091943344974,111.9,113.4,104.9,102.6,5.272570530585609,110.8,110.3,98.5,118.2,15.09083607138232,111.9,113.4,104.9,106.5,8.356634091147699,110.8,110.3,98.5,10332.650000000001,1.0145058930190392,0.9770723104056437,113.73696916092823,114.11323354724469
2025-02-04,97,122,112.4,113.4,107.8,112.2,99.8,99.7,0,0,116.2,11.388590782006359,112.4,107.8,99.8,119.2,12.049896265113645,113.4,112.2,99.7,115.2,11.213087591441207,112.4,107.8,99.8,112.8,11.820885471627607,113.4,112.2,99.7,9950.06,1.0017825311942958,1.051948051948052,114.79139915324214,111.03100777431324
2025-02-04,112,89,108.1,114.1,111.0,111.9,102.1,101.9,1,1,120.0,7.416198487095681,108.1,111.0,102.1,114.4,7.829431652425342,114.1,111.9,101.9,111.7,12.247902314727567,108.1,111.0,102.1,115.3,7.454305243727727,114.1,111.9,101.9,10403.99,0.9660411081322609,1.0279279279279279,115.5977230555384,115.77348883677759
2025-02-05,102,112,104.0,113.6,113.0,111.2,100.7,101.3,0,0,102.4,11.588787684654491,104.0,113.0,100.7,113.6,10.876580344943033,113.6,111.2,101.3,106.5,10.906165432655273,104.0,113.0,100.7,114.2,9.449279807947619,113.6,111.2,101.3,10200.91,0.935251798561151,1.0053097345132742,108.81744875154546,115.624882594405
2025-02-05,115,118,112.0,119.1,110.2,109.8,102.5,102.0,0,1,119.0,11.76860229593982,112.0,110.2,102.5,120.2,8.843076387773637,119.1,109.8,102.0,115.7,11.195733314278382,112.0,110.2,102.5,124.6,11.739770961233168,119.1,109.8,102.0,10455.0,1.0200364298724955,1.0807622504537204,118.28509426303738,118.36212382315642
2025-02-05,125,126,111.9,111.7,112.9,114.4,105.1,101.7,0,0,107.0,12.922847983320016,111.9,112.9,105.1,111.2,8.43800924389158,111.7,114.4,101.7,113.6,13.737216279549198,111.9,112.9,105.1,109.9,7.549098548097665,111.7,114.4,101.7,10688.67,0.9781468531468531,0.9893711248892825,118.99691630263818,118.09849934247215
2025-02-05,102,119,105.7,103.9,112.8,115.9,99.0,103.7,1,0,94.2,5.890670590009237,105.7,112.8,99.0,111.6,7.368853370776182,103.9,115.9,103.7,94.3,5.034326612809789,105.7,112.8,99.0,106.8,9.437513796899504,103.9,115.9,103.7,10266.300000000001,0.911993097497843,0.921099290780142,110.86736762977175,110.41302543070451
2025-02-05,101,108,109.0,110.8,115.2,110.3,99.9,98.5,1,1,119.4,8.820430828480008,109.0,115.2,99.9,107.8,10.158740079360228,110.8,110.3,98.5,117.4,9.777525249264293,109.0,115.2,99.9,108.5,9.935905707192495,110.8,110.3,98.5,9840.150000000001,0.9882139619220308,0.9618055555555555,111.33093339102528,112.15626095203373
2025-02-05,107,138,107.6,114.4,111.8,109.9,102.3,106.2,1,0,111.6,3.9749213828702965,107.6,111.8,102.3,125.0,13.228756555322969,114.4,109.9,106.2,110.3,8.920014947670595,107.6,111.8,102.3,122.1,11.798775831039366,114.4,109.9,106.2,10864.26,0.9790718835304821,1.0232558139534884,116.28449777752859,121.75510045792284
2025-02-05,127,108,113.6,111.9,108.7,113.4,99.8,104.9,0,1,113.4,13.088162590677088,113.6,108.7,99.8,111.8,9.066421565314501,111.9,113.4,104.9,114.2,9.715966241192913,113.6,108.7,99.8,112.9,9.982762921934585,111.9,113.4,104.9,10469.02,1.001763668430335,1.029438822447102,121.1870962237338,112.08691741694089
2025-02-05,140,109,117.3,113.7,104.8,116.7,102.6,99.2,0,0,126.8,10.639548862616307,117.3,104.8,102.6,111.4,14.170391667134679,113.7,116.7,99.2,121.9,11.268934682963147,117.3,104.8,102.6,114.2,12.236557250032913,113.7,116.7,99.2,10177.92,1.0051413881748072,1.0849236641221374,122.40990617617234,109.69649383085789
2025-02-05,131,128,107.8,112.0,116.8,108.7,103.1,101.4,0,0,115.0,7.38241153011671,107.8,116.8,103.1,107.4,9.181503144910474,112.0,108.7,101.4,113.3,9.475699915514653,107.8,116.8,103.1,103.4,9.651712571121939,112.0,108.7,101.4,10454.34,0.9917203311867525,0.9589041095890412,113.15201138625272,118.54944774953252
2025-02-05,144,119,117.2,107.6,113.4,116.9,102.1,101.7,0,0,126.6,13.107249902248764,117.2,113.4,102.1,110.8,13.255187663703596,107.6,116.9,101.7,124.8,13.180794108601173,117.2,113.4,102.1,112.7,9.978309810116487,107.6,116.9,101.7,10383.57,1.0025662959794697,0.9488536155202821,124.4099593551793,113.54420682621212
2025-02-05,111,130,113.8,106.5,113.3,106.6,100.7,98.7,0,0,127.8,6.906518659932783,113.8,113.3,100.7,100.0,11.313708498984752,106.5,106.6,98.7,116.9,13.592890298485756,113.8,113.3,100.7,99.2,8.50881895447301,106.5,106.6,98.7,9939.09,1.0675422138836774,0.9399823477493381,113.7160460685277,108.84930225282268
2025-02-06,120,127,117.5,112.1,108.3,113.3,98.2,101.6,0,0,118.0,4.301162633521248,117.5,108.3,98.2,115.4,14.876155417311253,112.1,113.3,101.6,118.2,11.409547658771523,117.5,108.3,98.2,110.1,12.242457995753085,112.1,113.3,101.6,9977.119999999999,1.0370697263901147,1.0350877192982455,120.04738319779338,110.11732988071579
2025-02-06,127,114,113.6,111.4,108.7,107.0,99.8,102.1,1,0,115.4,14.467204291085379,113.6,108.7,99.8,116.6,13.575713609236148,111.4,107.0,102.1,115.7,10.467409740077379,113.6,108.7,99.8,118.2,12.025897979869217,111.4,107.0,102.1,10189.58,1.061682242990654,1.0248390064397424,113.1215213248165,112.10521559332372
2025-02-06,112,90,117.2,106.5,113.4,106.6,102.1,98.7,1,1,130.6,15.026643005009479,117.2,113.4,102.1,107.4,16.501515081955347,106.5,106.6,98.7,125.8,14.2890789688412,117.2,113.4,102.1,102.6,12.79930553671648,106.5,106.6,98.7,10077.27,1.0994371482176362,0.9391534391534391,116.4773275976788,110.21913034691336
2025-02-06,120,112,113.4,112.0,112.2,108.7,99.7,101.4,0,1,109.8,7.5299402388067005,113.4,112.2,99.7,111.6,12.973048986263828,112.0,108.7,101.4,111.4,8.809086218218024,113.4,112.2,99.7,106.8,11.735984548955921,112.0,108.7,101.4,10109.580000000002,1.0432382704691812,0.9982174688057041,115.65086364533562,112.44952410304106
2025-02-06,108,102,108.1,113.8,111.0,113.3,102.1,100.7,0,1,120.8,5.8480766068854,108.1,111.0,102.1,112.0,6.164414002968907,113.8,113.3,100.7,113.1,11.26893468296299,108.1,111.0,102.1,116.5,7.575545451575654,113.8,113.3,100.7,10281.47,0.9541041482789056,1.0252252252252252,116.49213221959906,113.92177596359853
2025-02-06,112,119,112.4,114.1,107.8,111.9,99.8,101.9,0,0,110.4,12.481987021303949,112.4,107.8,99.8,106.6,10.014988766843416,114.1,111.9,101.9,114.3,12.338287293353671,112.4,107.8,99.8,112.2,10.921945288678563,114.1,111.9,101.9,10169.62,1.0044682752457552,1.0584415584415585,115.66942555318764,111.2568777617232
2025-02-07,117,116,104.0,111.7,113.0,114.4,100.7,101.7,0,0,101.4,11.304866208850045,104.0,113.0,100.7,115.4,9.710818709048159,111.7,114.4,101.7,105.9,10.979273402390735,104.0,113.0,100.7,111.1,9.073159439920767,111.7,114.4,101.7,10241.19,0.9090909090909091,0.988495575221239,110.41025411537282,115.06670239659839
2025-02-07,124,134,103.9,119.1,115.9,109.8,103.7,102.0,0,0,100.4,15.241391012633954,103.9,115.9,103.7,121.0,8.306623862918054,119.1,109.8,102.0,107.5,15.6364957711119,103.9,115.9,103.7,121.5,8.113774296424936,119.1,109.8,102.0,10577.4,0.9462659380692169,1.0276100086281277,110.08819090192392,124.29703728704987
2025-02-07,115,110,111.9,113.6,112.9,111.2,105.1,101.3,0,0,112.8,13.255187663703556,111.9,112.9,105.1,112.6,10.71447618878315,113.6,111.2,101.3,115.0,14.149990184527434,111.9,112.9,105.1,113.4,9.240009620004473,113.6,111.2,101.3,10646.63,1.006294964028777,1.0062001771479183,117.6258852521959,118.93110130302487
2025-02-07,102,86,105.7,110.8,112.8,110.3,99.0,98.5,0,0,95.6,6.877499545619744,105.7,112.8,99.0,107.8,10.158740079360228,110.8,110.3,98.5,95.1,5.5866905329641705,105.7,112.8,99.0,107.5,9.360080721399228,110.8,110.3,98.5,9751.5,0.958295557570263,0.9822695035460993,105.91332287774831,110.50210592382233
2025-02-07,125,112,112.0,109.0,110.2,115.2,102.5,99.9,0,0,122.0,6.4031242374328485,112.0,110.2,102.5,105.6,4.774934554525389,109.0,115.2,99.9,117.4,9.3476081313765,112.0,110.2,102.5,110.2,8.377217782639745,109.0,115.2,99.9,10239.75,0.9722222222222222,0.9891107078039927,118.25213969116247,110.78370775979828
2025-02-07,121,109,117.3,107.6,104.8,111.8,102.6,102.3,0,0,129.4,12.177848742696714,117.3,104.8,102.6,114.2,5.932958789676543,107.6,111.8,102.3,124.6,12.103259432437648,117.3,104.8,102.6,111.7,17.003594391252122,107.6,111.8,102.3,10495.98,1.049194991055456,1.0267175572519083,123.0875666589189,109.1768234428489
2025-02-07,135,127,113.7,107.8,116.7,116.8,99.2,103.1,0,0,115.4,3.911521443121667,113.7,116.7,99.2,112.4,9.154233993076657,107.8,116.8,103.1,113.6,10.090699788529228,113.7,116.7,99.2,113.2,11.193251935380093,107.8,116.8,103.1,10227.52,0.9734589041095891,0.9237360754070265,120.44276418432024,114.2489369235565
2025-02-08,116,105,112.1,111.4,113.3,107.0,101.6,102.1,0,0,111.2,11.777096416349831,112.1,113.3,101.6,112.4,8.905054744357248,111.4,107.0,102.1,111.3,10.562512327408964,112.1,113.3,101.6,117.7,12.092697520955927,111.4,107.0,102.1,10373.359999999999,1.047663551401869,0.9832303618711387,114.07596982121231,115.61977774256096
2025-02-08,124,117,113.4,114.1,112.2,111.9,99.7,101.9,0,0,113.4,7.162401831788015,113.4,112.2,99.7,107.8,11.256109452204159,114.1,111.9,101.9,112.4,9.191783770786136,113.4,112.2,99.7,111.9,10.660935960578435,114.1,111.9,101.9,10159.43,1.0134048257372654,1.016934046345811,116.86024298392147,114.32805134131439
2025-02-08,112,111,106.5,111.7,106.6,114.4,98.7,101.7,0,1,102.0,15.116216457830985,106.5,106.6,98.7,116.8,9.03880523078132,111.7,114.4,101.7,96.6,12.366621742955246,106.5,106.6,98.7,113.1,7.430417963419806,111.7,114.4,101.7,10037.79,0.9309440559440559,1.0478424015009382,112.15491241603645,108.30546521034016
2025-02-08,111,125,103.9,111.9,115.9,112.9,103.7,105.1,1,1,106.2,17.949930361981885,103.9,115.9,103.7,115.2,15.706686474237662,111.9,112.9,105.1,106.7,14.399459866413208,103.9,115.9,103.7,114.9,11.589746426139918,111.9,112.9,105.1,10898.869999999999,0.9202834366696191,0.9654874892148404,115.24620220757237,121.58913028425134
2025-02-08,111,132,111.9,112.0,113.4,108.7,104.9,101.4,0,0,115.2,18.363006289820856,111.9,113.4,104.9,114.8,9.731392500562341,112.0,108.7,101.4,119.9,15.758242992866391,111.9,113.4,104.9,107.5,11.82511451671113,112.0,108.7,101.4,10636.86,1.029438822447102,0.9876543209876543,116.3134644749173,118.65457961212266
2025-02-08,112,125,114.4,117.3,109.9,104.8,106.2,102.6,0,1,128.8,7.190271204899029,114.4,109.9,106.2,115.8,13.97139935725838,117.3,104.8,102.6,125.1,14.255213471256994,114.4,109.9,106.2,115.7,11.431438132526322,117.3,104.8,102.6,10896.119999999999,1.0916030534351147,1.067333939945405,121.12174657650591,120.41790103582075
2025-02-08,114,98,113.6,108.1,108.7,111.0,99.8,102.1,0,0,114.2,12.794530081249533,113.6,108.7,99.8,109.8,8.105553651663806,108.1,111.0,102.1,116.9,11.04988687724901,113.6,108.7,99.8,107.7,7.71794445864088,108.1,111.0,102.1,10189.58,1.0234234234234234,0.9944802207911683,116.56144751813797,109.18105951736108
2025-02-08,104,131,115.0,117.5,110.9,108.3,99.7,98.2,0,0,128.8,13.736811857195963,115.0,110.9,99.7,113.2,10.256705123966432,117.5,108.3,98.2,122.2,15.97776232420829,115.0,110.9,99.7,111.5,11.928024890055315,117.5,108.3,98.2,9790.54,1.061865189289012,1.0595130748422001,114.52651564416169,113.84796594816844
2025-02-08,105,122,113.7,117.2,116.7,113.4,99.2,102.1,1,0,119.6,9.42337519151183,113.7,116.7,99.2,116.2,13.292855223765867,117.2,113.4,102.1,114.6,11.711343029540085,113.7,116.7,99.2,117.9,10.671353137150911,117.2,113.4,102.1,10128.32,1.0026455026455026,1.0042844901456727,117.10653368655991,120.10064496455212
2025-02-08,123,118,113.8,107.6,113.3,116.9,100.7,101.7,0,0,122.4,7.469939758793221,113.8,113.3,100.7,110.8,13.255187663703596,107.6,116.9,101.7,118.1,12.305825178887224,113.8,113.3,100.7,113.3,10.176770935157515,107.6,116.9,101.7,10241.19,0.973481608212147,0.9496910856134156,120.99169249948659,112.33847248799069
2025-02-08,130,110,112.4,107.8,107.8,116.8,99.8,103.1,0,1,109.6,12.157302332343317,112.4,107.8,99.8,113.2,10.401922899156684,107.8,116.8,103.1,115.3,11.614645926587665,112.4,107.8,99.8,113.9,11.86451291316538,107.8,116.8,103.1,10289.38,0.9623287671232877,1.0,120.18122651369363,108.33736628688767
2025-02-09,112,102,112.0,104.0,110.2,113.0,102.5,100.7,0,0,122.8,6.496152707564686,112.0,110.2,102.5,112.6,14.432601983010576,104.0,113.0,100.7,118.0,9.649409884086664,112.0,110.2,102.5,107.0,12.027745701779034,104.0,113.0,100.7,10321.75,0.9911504424778761,0.9437386569872958,118.06727860344935,109.46543751990968
2025-02-09,94,87,111.4,107.6,107.0,111.8,102.1,102.3,1,0,108.4,11.282730166054634,111.4,107.0,102.1,113.2,6.379655163094644,107.6,111.8,102.3,108.3,13.752171545694969,111.4,107.0,102.1,110.1,16.353389047329983,107.6,111.8,102.3,10444.83,0.9964221824686942,1.0056074766355139,115.28590132746639,110.74055959631177
2025-02-09,135,127,113.6,109.0,111.2,115.2,101.3,99.9,0,0,123.8,4.086563348340412,113.6,111.2,101.3,108.2,3.701351104664428,109.0,115.2,99.9,118.7,9.843779761859535,113.6,111.2,101.3,110.0,8.299933065325686,109.0,115.2,99.9,10119.87,0.986111111111111,0.9802158273381295,119.17081343206381,110.87690430109906
2025-02-10,128,107,119.1,113.6,109.8,108.7,102.0,99.8,0,0,125.4,17.067512999848578,119.1,109.8,102.0,119.2,11.81947545367391,113.6,108.7,99.8,121.4,15.89688998235543,119.1,109.8,102.0,113.4,10.996969279457613,113.6,108.7,99.8,10179.6,1.0956761729530817,1.034608378870674,119.11599565231046,114.13965361570666
2025-02-10,106,112,106.5,111.9,106.6,112.9,98.7,105.1,0,0,103.2,15.738487856207797,106.5,106.6,98.7,118.2,15.896540504147445,111.9,112.9,105.1,99.0,12.832251036613448,106.5,106.6,98.7,116.9,11.415875885021832,111.9,112.9,105.1,10373.369999999999,0.9433126660761736,1.0497185741088182,112.71349855342001,111.25192915575676
2025-02-10,121,131,103.9,111.7,115.9,114.4,103.7,101.7,0,0,107.2,18.074844397670457,103.9,115.9,103.7,113.8,7.596051605933159,111.7,114.4,101.7,107.2,14.459137825841033,103.9,115.9,103.7,113.2,7.390684827688354,111.7,114.4,101.7,10546.29,0.9082167832167832,0.9637618636755824,112.3426252898665,119.07089578619458
2025-02-10,97,89,105.7,104.0,112.8,113.0,99.0,100.7,0,1,99.2,2.7748873851022853,105.7,112.8,99.0,115.4,8.677557259966708,104.0,113.0,100.7,96.6,5.168279318217173,105.7,112.8,99.0,107.4,11.758684733704877,104.0,113.0,100.7,9969.300000000001,0.9353982300884957,0.9219858156028369,110.74482487700445,107.78223835363812
2025-02-10,85,103,110.8,117.5,110.3,108.3,98.5,98.2,0,0,115.8,10.183319694480772,110.8,110.3,98.5,120.2,7.014271166700018,117.5,108.3,98.2,112.0,10.09950493836214,110.8,110.3,98.5,115.4,11.197221877670252,117.5,108.3,98.2,9672.7,1.023084025854109,1.0652765185856754,110.0210098861278,113.40421336567854
2025-02-10,111,125,113.6,112.0,111.2,108.7,101.3,101.4,1,0,126.4,6.228964600958922,113.6,111.2,101.3,121.0,8.544003745317589,112.0,108.7,101.4,121.7,9.775820511172496,113.6,111.2,101.3,111.4,12.89444324764225,112.0,108.7,101.4,10271.82,1.045078196872125,1.0071942446043165,116.11823451162914,115.55527206616117
2025-02-10,137,101,117.3,107.6,104.8,116.9,102.6,101.7,0,0,129.0,12.469963913339924,117.3,104.8,102.6,109.2,11.300442469213317,107.6,116.9,101.7,125.1,11.80818924870937,117.3,104.8,102.6,114.3,10.08904796741936,107.6,116.9,101.7,10434.42,1.003421727972626,1.0267175572519083,125.0469865923303,108.06835684813811
2025-02-10,128,129,112.1,113.8,113.3,113.3,101.6,100.7,0,0,114.6,9.633275663033837,112.1,113.3,101.6,108.4,5.549774770204567,113.8,113.3,100.7,113.0,9.695359714832678,112.1,113.3,101.6,113.8,7.4356498632526025,113.8,113.3,100.7,10231.119999999999,0.9894086496028244,1.00441306266549,116.70746425923048,115.64288801745627
2025-02-10,146,117,117.2,108.1,113.4,111.0,102.1,102.1,0,0,131.4,13.557285864065875,117.2,113.4,102.1,105.6,7.569676347110255,108.1,111.0,102.1,123.1,14.066903631495444,117.2,113.4,102.1,108.1,6.999206304209622,108.1,111.0,102.1,10424.409999999998,1.055855855855856,0.9532627865961198,122.24530729798818,113.60099592264982
2025-02-11,103,106,109.0,107.6,115.2,111.8,99.9,102.3,0,0,116.0,12.144957801491142,109.0,115.2,99.9,108.2,13.442470011125193,107.6,111.8,102.3,116.6,10.81357171952607,109.0,115.2,99.9,106.2,16.78491386136174,107.6,111.8,102.3,10219.77,0.9749552772808587,0.9340277777777777,114.33692057973832,113.06950659251615
2025-02-11,115,128,114.1,115.0,111.9,110.9,101.9,99.7,0,0,121.0,11.022703842524294,114.1,111.9,101.9,115.6,11.991663771137059,115.0,110.9,99.7,119.5,9.582971007643382,114.1,111.9,101.9,118.5,12.95505049520593,115.0,110.9,99.7,10159.43,1.0288548241659152,1.0277033065236818,116.74690694875983,115.68803967794393
2025-02-11,92,132,111.9,112.0,113.4,110.2,104.9,102.5,0,0,118.6,14.656056768449018,111.9,113.4,104.9,108.8,10.825894882179457,112.0,110.2,102.5,117.1,14.417967186041801,111.9,113.4,104.9,113.3,9.177871939253366,112.0,110.2,102.5,10752.25,1.015426497277677,0.9876543209876543,118.87445571734168,118.76171546211052
2025-02-11,112,119,113.7,114.4,116.7,109.9,99.2,106.2,0,0,116.6,11.436782764396666,113.7,116.7,99.2,129.0,13.601470508735458,114.4,109.9,106.2,114.1,12.03190203860837,113.7,116.7,99.2,125.3,11.274849099754322,114.4,109.9,106.2,10535.04,1.0345768880800728,0.9802913453299058,119.06593002980905,121.51946908612567
2025-02-10,132,113,113.4,107.8,112.2,116.8,99.7,103.1,0,0,114.8,8.58487041253392,113.4,112.2,99.7,111.4,9.91463564635636,107.8,116.8,103.1,113.4,9.901739465591023,113.4,112.2,99.7,114.6,11.345091939297474,107.8,116.8,103.1,10279.07,0.9708904109589042,0.9607843137254901,120.21510415835525,111.82836994589651
2025-02-12,116,103,117.5,111.7,108.3,114.4,98.2,101.7,0,0,118.0,4.301162633521248,117.5,108.3,98.2,118.6,9.55510334847299,111.7,114.4,101.7,118.8,11.321562514855389,117.5,108.3,98.2,115.0,9.28559218478942,111.7,114.4,101.7,9986.94,1.027097902097902,1.0313942751615883,120.68860398846259,110.21413619322436
2025-02-12,102,86,106.5,104.0,106.6,113.0,98.7,100.7,0,0,103.6,15.78923684032893,106.5,106.6,98.7,110.6,14.808781178746644,104.0,113.0,100.7,101.1,11.97636561454825,106.5,106.6,98.7,105.3,13.047349667013995,104.0,113.0,100.7,9939.09,0.9424778761061947,0.9756097560975611,109.65398979551762,104.06916502674285
2025-02-12,130,134,103.9,114.1,115.9,111.9,103.7,101.9,0,1,106.8,17.655027612552722,103.9,115.9,103.7,109.6,11.991663771137008,114.1,111.9,101.9,106.8,13.958669150189237,103.9,115.9,103.7,112.5,10.772908407461497,114.1,111.9,101.9,10567.03,0.9285075960679178,0.9844693701466781,112.82232707729555,119.22394710468906
2025-02-12,100,96,105.7,109.0,112.8,115.2,99.0,99.9,0,1,99.2,2.7748873851022853,105.7,112.8,99.0,113.2,7.823042886243215,109.0,115.2,99.9,96.9,5.08702052067593,105.7,112.8,99.0,110.2,8.715248450592405,109.0,115.2,99.9,9890.1,0.9175347222222222,0.9663120567375887,111.07816468570805,109.8655654464037
2025-02-12,149,148,115.0,111.9,110.9,112.9,99.7,105.1,1,0,121.0,14.696938456699062,115.0,110.9,99.7,122.2,8.408329203831181,111.9,112.9,105.1,122.5,15.558134706819986,115.0,110.9,99.7,115.7,11.215564581816187,111.9,112.9,105.1,10478.47,1.0186005314437554,1.0090171325518484,120.33219325215559,116.22520605837249
2025-02-12,108,131,107.6,119.1,111.8,109.8,102.3,102.0,1,0,111.2,4.381780460041274,107.6,111.8,102.3,123.0,10.198039027185553,119.1,109.8,102.0,108.0,5.637178175095927,107.6,111.8,102.3,123.6,8.38252149813279,119.1,109.8,102.0,10434.6,0.9799635701275046,1.0652951699463327,112.18958861744767,121.12954046190102
2025-02-12,110,128,111.9,112.0,113.4,110.2,104.9,102.5,1,1,112.4,18.40652058374967,111.9,113.4,104.9,113.8,14.822280526288772,112.0,110.2,102.5,114.9,16.475233938652696,111.9,113.4,104.9,114.8,10.911767348448556,112.0,110.2,102.5,10752.25,1.015426497277677,0.9876543209876543,118.16229040046123,118.90476554151614
2025-02-12,101,103,113.6,113.6,108.7,111.2,99.8,101.3,0,0,117.0,10.173494974687861,113.6,108.7,99.8,109.6,8.173126696681086,113.6,111.2,101.3,117.5,10.669270515519472,113.6,108.7,99.8,111.6,7.705697747626407,113.6,111.2,101.3,10109.74,1.0215827338129495,1.045078196872125,116.49952682836313,111.613029518874
2025-02-12,111,119,107.6,113.8,116.9,113.3,101.7,100.7,0,0,123.6,12.660963628413098,107.6,116.9,101.7,112.2,10.871982339941466,113.8,113.3,100.7,117.9,14.082692293103069,107.6,116.9,101.7,115.3,8.857514073122049,113.8,113.3,100.7,10241.19,0.9496910856134156,0.973481608212147,114.59065694356528,118.38503111000666
2025-02-12,115,101,117.3,110.8,104.8,110.3,102.6,98.5,0,0,133.4,9.914635646356347,117.3,104.8,102.6,105.8,13.498148021117558,110.8,110.3,98.5,127.1,11.976365614548365,117.3,104.8,102.6,104.7,11.205653335110169,110.8,110.3,98.5,10106.099999999999,1.0634632819582956,1.0572519083969465,119.21868796943824,107.212605653125
2025-02-12,119,111,111.4,113.7,107.0,116.7,102.1,99.2,0,1,103.4,10.945318634009668,111.4,107.0,102.1,114.8,9.679876032264044,113.7,116.7,99.2,104.4,11.27632721924813,111.4,107.0,102.1,114.2,12.236557250032913,113.7,116.7,99.2,10128.32,0.9545844044558698,1.0626168224299066,116.63117239546713,110.42019968573943
2025-02-12,132,121,117.2,108.1,113.4,111.0,102.1,102.1,0,0,131.8,14.042791745233579,117.2,113.4,102.1,106.8,8.983317872590307,108.1,111.0,102.1,126.7,14.922391824964924,117.2,113.4,102.1,109.0,7.542472332656432,108.1,111.0,102.1,10424.409999999998,1.055855855855856,0.9532627865961198,122.30190725979355,113.72137996514661
2025-02-12,131,119,107.8,113.4,116.8,112.2,103.1,99.7,0,0,115.6,8.706319543871576,107.8,116.8,103.1,120.0,12.083045973594563,113.4,112.2,99.7,114.3,10.812030336620209,107.8,116.8,103.1,114.7,11.595497210363957,113.4,112.2,99.7,10279.07,0.9607843137254901,0.9708904109589042,113.22995527915364,119.31760412906044
2025-02-12,111,107,112.1,112.0,113.3,108.7,101.6,101.4,0,0,119.0,9.746794344808967,112.1,113.3,101.6,122.8,8.167006795638228,112.0,108.7,101.4,113.6,10.469001862641953,112.1,113.3,101.6,112.6,13.599019572503522,112.0,108.7,101.4,10302.24,1.031278748850046,0.9885260370697264,115.42408844981837,116.80065021368131
2025-02-12,128,114,112.4,114.4,107.8,109.9,99.8,106.2,0,1,115.8,13.255187663703607,112.4,107.8,99.8,127.0,14.317821063276368,114.4,109.9,106.2,115.2,11.467829398413222,112.4,107.8,99.8,125.5,11.128042655082789,114.4,109.9,106.2,10598.76,1.0227479526842584,1.0612244897959184,119.87331413928703,115.07296105194528
2025-02-13,98,105,111.4,112.0,107.0,108.7,102.1,101.4,1,1,103.2,10.568822072492246,111.4,107.0,102.1,120.8,10.756393447619931,112.0,108.7,101.4,105.1,11.99490632634446,111.4,107.0,102.1,114.1,11.779926428745965,112.0,108.7,101.4,10352.94,1.0248390064397424,1.0467289719626167,113.59210657198695,112.28909442601658
2025-02-13,140,133,107.6,113.8,116.9,113.3,101.7,100.7,1,1,118.6,11.414902540100785,107.6,116.9,101.7,115.2,10.084641788382925,113.8,113.3,100.7,117.7,14.173919711921691,107.6,116.9,101.7,114.8,8.443274772793343,113.8,113.3,100.7,10241.19,0.9496910856134156,0.973481608212147,114.28582445496268,118.3357952622665
2025-02-13,118,113,112.1,110.8,113.3,110.3,101.6,98.5,1,1,118.4,10.212737145349431,112.1,113.3,101.6,104.8,13.663820841916797,110.8,110.3,98.5,112.9,10.375719519896244,112.1,113.3,101.6,105.1,10.969148655306899,110.8,110.3,98.5,10007.599999999999,1.016319129646419,0.9779346866725508,113.79204768430186,111.79641095677381
2025-02-13,116,101,113.6,117.3,108.7,104.8,99.8,102.6,1,1,116.6,10.876580344942942,113.6,108.7,99.8,113.6,10.40672859259815,117.3,104.8,102.6,115.1,11.464437767868667,113.6,108.7,99.8,117.8,10.962562555250296,117.3,104.8,102.6,10239.48,1.083969465648855,1.079116835326587,113.82448211754998,114.33774228610652
2025-02-20,127,113,114.1,114.4,111.9,109.9,101.9,106.2,0,0,122.4,9.26282894152752,114.1,111.9,101.9,121.8,13.084341787036916,114.4,109.9,106.2,120.1,9.024041962077405,114.1,111.9,101.9,123.6,11.325487480310715,114.4,109.9,106.2,10821.78,1.0382165605095541,1.0223413762287756,122.3504728192041,120.46329237018578
2025-02-20,104,124,109.0,117.5,115.2,108.3,99.9,98.2,0,0,113.2,13.405222862750195,109.0,115.2,99.9,116.4,10.212737145349394,117.5,108.3,98.2,115.4,11.64474130240773,109.0,115.2,99.9,113.9,11.798775831039055,117.5,108.3,98.2,9810.18,1.0064635272391504,1.0199652777777777,108.94209748068458,117.1685137749994
2025-02-20,108,114,111.9,106.5,112.9,106.6,105.1,98.7,0,0,111.4,12.381437719424943,111.9,112.9,105.1,101.6,16.501515081955347,106.5,106.6,98.7,115.3,14.11106736651139,111.9,112.9,105.1,101.0,13.31665623695875,106.5,106.6,98.7,10373.369999999999,1.0497185741088182,0.9433126660761736,112.10388010361264,111.65229917707796
2025-02-20,97,110,105.7,119.1,112.8,109.8,99.0,102.0,0,0,100.0,2.1213203435595944,105.7,112.8,99.0,127.6,6.107372593840959,119.1,109.8,102.0,97.0,5.142416206847193,105.7,112.8,99.0,124.5,8.669871202426137,119.1,109.8,102.0,10098.0,0.9626593806921676,1.055851063829787,109.00543618157502,119.07330873389047
2025-02-20,113,111,115.0,111.9,110.9,113.4,99.7,104.9,0,0,122.2,17.005881335585045,115.0,110.9,99.7,111.0,9.219544457292878,111.9,113.4,104.9,123.4,16.88654954558677,115.0,110.9,99.7,110.4,7.105553383719413,111.9,113.4,104.9,10458.53,1.0141093474426808,1.0090171325518484,121.63379559343245,114.3639745831593
2025-02-20,116,110,113.6,112.4,111.2,107.8,101.3,99.8,0,0,122.6,8.763560920082607,113.6,111.2,101.3,115.0,8.246211251235309,112.4,107.8,99.8,121.8,9.647106647418223,113.6,111.2,101.3,108.4,11.510381787277389,112.4,107.8,99.8,10109.74,1.0538033395176252,1.0107913669064748,114.81276184873535,113.54049242945482
2025-02-20,129,115,117.2,104.0,113.4,113.0,102.1,100.7,0,1,131.8,14.042791745233579,117.2,113.4,102.1,104.4,17.672011770027794,104.0,113.0,100.7,129.3,13.06437054655831,117.2,113.4,102.1,104.5,14.025769933312711,104.0,113.0,100.7,10281.47,1.0371681415929204,0.9171075837742504,123.45243062226254,109.2761727974186
2025-02-20,120,109,111.7,113.7,114.4,116.7,101.7,99.2,0,0,118.0,15.411035007422434,111.7,114.4,101.7,115.4,9.235799911215048,113.7,116.7,99.2,119.1,11.798775831039032,111.7,114.4,101.7,114.9,11.779926428745899,113.7,116.7,99.2,10088.640000000001,0.9571550985432733,0.9938811188811189,116.79714799035759,116.1394875428187
2025-02-20,102,110,108.1,113.4,111.0,112.2,102.1,99.7,0,1,117.4,7.503332592921646,108.1,111.0,102.1,121.4,11.304866208850054,113.4,112.2,99.7,112.5,11.374923687167595,108.1,111.0,102.1,115.1,11.67571078017201,113.4,112.2,99.7,10179.369999999999,0.963458110516934,1.0216216216216216,114.59713305388141,114.11844319833439
2025-02-21,142,105,119.1,115.0,109.8,110.9,102.0,99.7,1,1,124.8,16.873055443517043,119.1,109.8,102.0,119.8,11.90378091196243,115.0,110.9,99.7,122.7,15.846836347429846,119.1,109.8,102.0,118.0,12.418624006798188,115.0,110.9,99.7,10169.4,1.0739404869251576,1.0473588342440803,120.4786184681354,114.41945607517575
2025-02-21,104,105,106.5,114.4,106.6,109.9,98.7,106.2,1,1,104.0,15.700318468107593,106.5,106.6,98.7,123.2,11.21160113453919,114.4,109.9,106.2,101.1,11.97636561454825,106.5,106.6,98.7,123.6,11.325487480310715,114.4,109.9,106.2,10481.94,0.9690627843494085,1.0731707317073171,112.36787676674786,113.21214359748627
2025-02-21,101,104,103.9,113.6,115.9,111.2,103.7,101.3,0,1,116.4,13.315404612703253,103.9,115.9,103.7,107.8,8.497058314499263,113.6,111.2,101.3,110.0,15.318833724101431,103.9,115.9,103.7,111.0,8.151346173758123,113.6,111.2,101.3,10504.81,0.9343525179856116,0.9801553062985331,113.24991270227409,118.27625072793886
2025-02-21,111,120,107.6,110.8,111.8,110.3,102.3,98.5,0,0,110.2,4.4384682042343755,107.6,111.8,102.3,106.4,14.152738250953412,110.8,110.3,98.5,109.1,4.121757985239918,107.6,111.8,102.3,104.5,10.265909062956284,110.8,110.3,98.5,10076.55,0.9755213055303716,0.9910554561717353,110.23025803682656,111.88904279940418
2025-02-21,121,115,111.4,113.6,107.0,108.7,102.1,99.8,0,0,103.6,10.261578825892206,111.4,107.0,102.1,117.4,13.04990421420786,113.6,108.7,99.8,104.9,12.105554280760755,111.4,107.0,102.1,113.6,10.844353369380823,113.6,108.7,99.8,10189.58,1.0248390064397424,1.061682242990654,112.00988771684372,112.03544898899244
2025-02-21,110,125,111.7,112.0,114.4,110.2,101.7,102.5,1,0,119.0,15.329709716755886,111.7,114.4,101.7,116.6,16.13381541979452,112.0,110.2,102.5,119.0,11.785113019775778,111.7,114.4,101.7,116.2,11.669523459755306,112.0,110.2,102.5,10424.25,1.013611615245009,0.979020979020979,115.58573638178031,118.05602050974579
2025-02-21,111,103,112.1,107.6,113.3,116.9,101.6,101.7,0,0,120.6,8.111719916269301,112.1,113.3,101.6,111.0,8.154753215150041,107.6,116.9,101.7,113.0,10.424330514074612,112.1,113.3,101.6,113.4,10.88526016633911,107.6,116.9,101.7,10332.72,0.9589392643284858,0.9496910856134156,119.98704774190303,113.09912885348766
2025-02-21,107,130,107.8,117.3,116.8,104.8,103.1,102.6,0,0,119.8,10.256705123966476,107.8,116.8,103.1,110.2,11.344602240713417,117.3,104.8,102.6,115.3,11.907513967612417,107.8,116.8,103.1,115.9,12.123897429823787,117.3,104.8,102.6,10578.06,1.0286259541984732,1.0042808219178083,112.55763937485453,122.65392313471413
2025-02-21,108,132,113.8,112.0,113.3,108.7,100.7,101.4,0,0,122.4,7.469939758793221,113.8,113.3,100.7,116.2,11.777096416349872,112.0,108.7,101.4,120.9,9.279008567729706,113.8,113.3,100.7,113.9,11.929887770730415,112.0,108.7,101.4,10210.980000000001,1.0469181232750688,0.9885260370697264,116.57357781412192,115.28421450084738
2025-02-22,117,121,111.9,113.7,113.4,116.7,104.9,99.2,0,0,115.0,16.507574019219188,111.9,113.4,104.9,111.2,4.494441010848838,113.7,116.7,99.2,112.1,14.35618333680649,111.9,113.4,104.9,114.1,11.892574714221185,113.7,116.7,99.2,10406.080000000002,0.9588688946015425,1.0026455026455026,117.8565074966419,117.21975429390288
2025-02-22,103,105,109.0,105.7,115.2,112.8,99.9,99.0,0,0,107.2,6.9065186599328445,109.0,115.2,99.9,96.6,16.94992625352681,105.7,112.8,99.0,115.6,11.403703102257836,109.0,115.2,99.9,105.7,16.29621632977008,105.7,112.8,99.0,9890.1,0.9663120567375887,0.9175347222222222,111.546680541548,108.6760381532263
2025-02-22,100,123,117.2,113.4,113.4,112.2,102.1,99.7,0,0,132.6,13.66747965061592,117.2,113.4,102.1,122.6,9.099450532861846,113.4,112.2,99.7,129.6,13.014521803653805,117.2,113.4,102.1,114.6,11.78699848703376,113.4,112.2,99.7,10179.369999999999,1.0445632798573976,1.0,120.8647548690792,116.79080604219044
2025-02-22,124,115,107.8,111.4,116.8,107.0,103.1,102.1,1,1,118.6,11.523888232710355,107.8,116.8,103.1,110.6,9.39680796866678,111.4,107.0,102.1,116.8,9.307106006821801,107.8,116.8,103.1,118.2,11.360751148875101,111.4,107.0,102.1,10526.509999999998,1.0074766355140186,0.9537671232876713,113.2762818126375,118.39353709823416
2025-02-22,141,88,108.1,104.0,111.0,113.0,102.1,100.7,0,0,114.0,10.024968827881725,108.1,111.0,102.1,102.4,15.142654985173534,104.0,113.0,100.7,113.8,8.854377448471299,108.1,111.0,102.1,105.5,14.416425816870502,104.0,113.0,100.7,10281.47,0.9566371681415928,0.9369369369369369,113.99293886776816,108.52255005365916
2025-02-23,118,105,117.5,115.0,108.3,110.9,98.2,99.7,0,0,117.0,3.999999999999929,117.5,108.3,98.2,115.6,12.837445228705013,115.0,110.9,99.7,116.2,7.857056276579318,117.5,108.3,98.2,118.1,12.296792716440867,115.0,110.9,99.7,9790.54,1.0595130748422001,1.061865189289012,117.27266643198426,110.59870279714492
2025-02-23,126,102,112.0,112.1,108.7,113.3,101.4,101.6,0,0,109.4,5.36656314599944,112.0,108.7,101.4,116.6,15.662056059151332,112.1,113.3,101.6,108.2,13.16392376493005,112.0,108.7,101.4,112.8,12.734903917100368,112.1,113.3,101.6,10302.24,0.9885260370697264,1.031278748850046,117.01307627066396,113.05120541920438
2025-02-23,129,111,114.1,112.4,111.9,107.8,101.9,99.8,0,0,124.4,8.876936408468849,114.1,111.9,101.9,113.4,8.294576541331077,112.4,107.8,99.8,121.4,8.983936281558996,114.1,111.9,101.9,107.8,11.222992272810032,112.4,107.8,99.8,10169.62,1.0584415584415585,1.0044682752457552,115.58053037461043,114.25414124743482
2025-02-23,143,148,111.9,112.0,112.9,110.2,105.1,102.5,0,0,112.2,11.903780911962334,111.9,112.9,105.1,119.0,16.355427233796107,112.0,110.2,102.5,114.4,14.2766320335793,111.9,112.9,105.1,116.6,11.918239989379563,112.0,110.2,102.5,10772.75,1.015426497277677,0.9920283436669619,118.43012956629043,119.72650659041716
2025-02-23,110,90,106.5,103.9,106.6,115.9,98.7,103.7,0,0,109.0,7.68114574786863,106.5,106.6,98.7,113.0,8.093207028119291,103.9,115.9,103.7,102.3,11.557104597028923,106.5,106.6,98.7,108.4,10.057611821677991,103.9,115.9,103.7,10235.19,0.9188955996548749,0.9746716697936211,114.07839962090348,105.81694407870708
2025-02-23,127,109,107.6,113.7,111.8,116.7,102.3,99.2,0,1,111.2,3.768288736283291,107.6,111.8,102.3,113.8,5.761944116355168,113.7,116.7,99.2,109.8,3.7357135269658652,107.6,111.8,102.3,113.2,10.850499220466011,113.7,116.7,99.2,10148.16,0.9220222793487575,1.016994633273703,115.21596800056894,113.76961814575219
2025-02-23,120,113,113.6,110.8,111.2,110.3,101.3,98.5,0,0,121.2,9.230384607371409,113.6,111.2,101.3,105.6,12.973048986263787,110.8,110.3,98.5,123.2,7.1460945044590805,113.6,111.2,101.3,106.7,11.045863982102519,110.8,110.3,98.5,9978.05,1.029918404351768,0.9964028776978416,114.8974806966852,110.7219364012811
2025-02-23,114,96,107.6,111.7,116.9,114.4,101.7,101.7,0,0,122.0,15.016657417681184,107.6,116.9,101.7,117.4,11.282730166054659,111.7,114.4,101.7,118.5,15.255235895331966,107.6,116.9,101.7,114.3,9.944847912361471,111.7,114.4,101.7,10342.890000000001,0.9405594405594405,0.9555175363558597,115.67732849247346,118.45569934814371
2025-02-23,129,123,119.1,114.4,109.8,109.9,102.0,106.2,0,0,131.2,15.896540504147442,119.1,109.8,102.0,117.8,12.357184145265476,114.4,109.9,106.2,124.0,16.918103387266076,119.1,109.8,102.0,121.4,12.650867339611615,114.4,109.9,106.2,10832.4,1.0837124658780708,1.0418943533697633,126.43737977457477,118.73768518432333
2025-02-23,123,130,113.6,117.3,108.7,104.8,99.8,102.6,0,0,117.0,10.793516572461412,113.6,108.7,99.8,116.6,11.760102040373624,117.3,104.8,102.6,115.2,11.467829398413253,113.6,108.7,99.8,118.3,12.320263344948708,117.3,104.8,102.6,10239.48,1.083969465648855,1.079116835326587,113.7019008694448,115.08310573874341
2025-02-24,106,97,112.0,112.4,110.2,107.8,102.5,99.8,1,1,121.8,7.854934754662192,112.0,110.2,102.5,113.8,8.074651695274527,112.4,107.8,99.8,117.4,9.83418075444566,112.0,110.2,102.5,110.3,8.206366092518817,112.4,107.8,99.8,10229.5,1.038961038961039,1.0199637023593466,114.43913871361893,113.13062399440058
2025-02-24,116,125,114.1,117.2,111.9,113.4,101.9,102.1,1,0,127.2,7.224956747275364,114.1,111.9,101.9,119.8,11.476062042355796,117.2,113.4,102.1,123.1,8.608135686663031,114.1,111.9,101.9,117.9,10.671353137150911,117.2,113.4,102.1,10403.99,1.0061728395061726,1.0473637176050044,119.95615864605053,119.62234601503606
2025-02-24,110,142,109.0,111.9,115.2,113.4,99.9,104.9,0,0,105.8,6.9065186599328445,109.0,115.2,99.9,112.0,8.803408430829496,111.9,113.4,104.9,114.0,11.981467170407635,109.0,115.2,99.9,110.0,6.928203230275343,111.9,113.4,104.9,10479.510000000002,0.9611992945326279,0.9713541666666667,116.31239744738164,117.42997930309059
2025-02-24,107,99,103.9,105.7,115.9,112.8,103.7,99.0,1,0,117.4,11.458621208504933,103.9,115.9,103.7,104.2,3.701351104664067,105.7,112.8,99.0,108.9,15.552420318965737,103.9,115.9,103.7,104.9,16.093131730303053,105.7,112.8,99.0,10266.300000000001,0.921099290780142,0.911993097497843,109.2926205124702,113.0878040126116
2025-02-24,98,86,111.9,110.8,112.9,110.3,105.1,98.5,1,1,117.0,18.39836949297408,111.9,112.9,105.1,106.6,13.390294993016393,110.8,110.3,98.5,114.6,14.69845040963315,111.9,112.9,105.1,107.2,11.222992272810048,110.8,110.3,98.5,10352.349999999999,1.0145058930190392,0.9813994685562444,114.41685328332946,113.9690307582258
2025-02-24,128,131,117.3,113.6,104.8,108.7,102.6,99.8,1,1,127.6,10.6207344378814,117.3,104.8,102.6,119.2,11.62755348299891,113.6,108.7,99.8,128.1,10.21382505343741,117.3,104.8,102.6,114.6,10.415799963943732,113.6,108.7,99.8,10239.48,1.079116835326587,1.083969465648855,118.98362276522504,110.5649237727291
2025-02-24,112,114,107.8,108.1,116.8,111.0,103.1,102.1,0,0,120.8,11.233877335986904,107.8,116.8,103.1,107.8,10.425929215182714,108.1,111.0,102.1,118.0,9.392668535736727,107.8,116.8,103.1,110.5,8.329999333066471,108.1,111.0,102.1,10526.509999999998,0.9711711711711711,0.925513698630137,115.44690710656745,116.67333365982833
2025-02-24,130,88,113.8,104.0,113.3,113.0,100.7,100.7,0,0,117.6,7.469939758793221,113.8,113.3,100.7,96.0,12.349089035228506,104.0,113.0,100.7,120.4,9.86801792548935,113.8,113.3,100.7,104.3,15.39155612665583,104.0,113.0,100.7,10140.49,1.0070796460176992,0.9179170344218888,117.78139543776832,108.14978200707887
2025-02-25,101,111,107.6,117.5,111.8,108.3,102.3,98.2,0,0,113.6,8.111719916269271,107.6,111.8,102.3,117.6,10.784247771634297,117.5,108.3,98.2,112.1,6.100091074001392,107.6,111.8,102.3,116.6,10.521934760827506,117.5,108.3,98.2,10045.86,0.9935364727608494,1.0509838998211092,109.14133217989479,116.5012491072077
2025-02-25,82,122,106.5,119.1,106.6,109.8,98.7,102.0,0,0,106.8,4.147288270665586,106.5,106.6,98.7,123.8,9.808159868191364,119.1,109.8,102.0,104.4,10.751744044572513,106.5,106.6,98.7,122.1,9.060905032059019,119.1,109.8,102.0,10067.4,0.9699453551912569,1.1172607879924954,110.12062179306506,113.9920969466251
2025-02-25,100,97,111.4,113.6,107.0,111.2,102.1,101.3,0,0,106.0,12.903487900563912,111.4,107.0,102.1,105.0,6.3245553203368425,113.6,111.2,101.3,106.0,13.080944580232407,111.4,107.0,102.1,110.8,8.310635755865091,113.6,111.2,101.3,10342.73,1.0017985611510791,1.061682242990654,114.85626011676857,111.71659841512316
2025-02-25,151,148,114.4,113.7,109.9,116.7,106.2,99.2,0,0,124.8,9.9849887330933,114.4,109.9,106.2,111.8,5.215361924162112,113.7,116.7,99.2,125.3,14.032106042928685,114.4,109.9,106.2,111.6,10.068653225619531,113.7,116.7,99.2,10535.04,0.9802913453299058,1.0345768880800728,121.72566473355579,115.89396394114182
2025-02-25,109,103,107.6,111.7,116.9,114.4,101.7,101.7,0,0,123.4,13.520355024924433,107.6,116.9,101.7,111.4,13.352902306240386,111.7,114.4,101.7,120.2,13.431306712304785,107.6,116.9,101.7,113.4,11.207140580897542,111.7,114.4,101.7,10342.890000000001,0.9405594405594405,0.9555175363558597,115.90498476898436,117.7839610354177
2025-02-25,128,92,112.0,104.0,108.7,113.0,101.4,100.7,0,1,113.0,8.999999999999966,112.0,108.7,101.4,93.2,12.235195135346265,104.0,113.0,100.7,110.9,13.819872969347069,112.0,108.7,101.4,104.3,15.39155612665583,104.0,113.0,100.7,10210.980000000001,0.9911504424778761,0.9567617295308187,117.64440933373638,104.56957507668098
2025-02-25,107,99,113.4,112.1,112.2,113.3,99.7,101.6,0,0,120.8,7.854934754662215,113.4,112.2,99.7,109.6,11.545561917897237,112.1,113.3,101.6,114.7,11.450861200024226,113.4,112.2,99.7,113.1,12.404748194855802,112.1,113.3,101.6,10129.52,1.000882612533098,0.999108734402852,118.15531100082667,113.21328181288538
2025-02-26,117,97,112.0,117.5,110.2,108.3,102.5,98.2,0,1,117.6,9.762171889492624,112.0,110.2,102.5,116.2,11.166915420114872,117.5,108.3,98.2,117.6,9.547541859324516,112.0,110.2,102.5,115.2,10.20675157813579,117.5,108.3,98.2,10065.5,1.0341643582640814,1.0662431941923776,113.82101134763707,114.44049458947333
2025-02-26,111,91,114.1,107.6,111.9,111.8,101.9,102.3,0,1,123.8,7.79102047231297,114.1,111.9,101.9,105.0,11.02270384252431,107.6,111.8,102.3,122.1,8.812238963825076,114.1,111.9,101.9,109.7,11.421714212654539,107.6,111.8,102.3,10424.37,1.020572450805009,0.9615728328865057,121.43844615687453,111.32482482759868
2025-02-26,110,105,115.0,109.0,110.9,115.2,99.7,99.9,0,0,120.4,17.50142851312429,115.0,110.9,99.7,110.6,11.058933040759426,109.0,115.2,99.9,122.8,17.164562977897905,115.0,110.9,99.7,109.1,9.791719858011431,109.0,115.2,99.9,9960.03,0.9982638888888888,0.9828674481514877,118.40965455319761,109.82691903171687
2025-02-26,121,129,103.9,108.1,115.9,111.0,103.7,102.1,0,0,114.0,11.532562594670756,103.9,115.9,103.7,110.4,9.914635646356373,108.1,111.0,102.1,110.1,14.805779652254445,103.9,115.9,103.7,111.4,8.154071920757623,108.1,111.0,102.1,10587.77,0.9360360360360361,0.9327006039689386,112.45571608369525,116.92464641258617
2025-02-26,121,129,105.7,117.3,112.8,104.8,99.0,102.6,0,0,99.6,2.509980079602185,105.7,112.8,99.0,119.0,13.247641299491766,117.3,104.8,102.6,96.9,5.130518708885336,105.7,112.8,99.0,119.1,12.836146877730254,117.3,104.8,102.6,10157.4,1.008587786259542,1.0398936170212767,106.72844066795084,117.50250422210652
2025-02-26,131,109,110.8,111.9,110.3,112.9,98.5,105.1,0,0,110.2,17.31184565550421,110.8,110.3,98.5,128.8,13.02689525558566,111.9,112.9,105.1,110.8,12.505998560690838,110.8,110.3,98.5,119.0,15.151090903151374,111.9,112.9,105.1,10352.349999999999,0.9813994685562444,1.0145058930190392,116.25551052477071,114.81085126872831
2025-02-26,117,122,111.9,112.4,113.4,107.8,104.9,99.8,0,0,112.6,14.741099009232666,111.9,113.4,104.9,107.6,6.107372593840969,112.4,107.8,99.8,111.9,14.263005760825228,111.9,113.4,104.9,110.2,8.377217782639764,112.4,107.8,99.8,10469.02,1.0380333951762524,0.9911816578483245,113.90001310683925,116.63049134593535
2025-02-26,101,118,107.8,113.8,116.8,113.3,103.1,100.7,0,0,121.0,11.022703842524312,107.8,116.8,103.1,119.8,12.153188881935439,113.8,113.3,100.7,118.0,9.392668535736727,107.8,116.8,103.1,116.6,10.221980673474615,113.8,113.3,100.7,10382.17,0.9514563106796117,0.9743150684931506,115.17964752292339,120.24038537233955
2025-02-26,118,106,111.4,111.7,107.0,114.4,102.1,101.7,1,1,106.4,12.621410380777549,111.4,107.0,102.1,108.8,13.498148021117558,111.7,114.4,101.7,107.4,11.335293948058391,111.4,107.0,102.1,112.8,11.62181856108016,111.7,114.4,101.7,10383.57,0.9737762237762237,1.04392523364486,116.99475036264883,110.97566698773586
2025-02-27,115,121,106.5,112.0,106.6,108.7,98.7,101.4,0,0,100.8,10.91787525116496,106.5,106.6,98.7,120.2,13.292855223765923,112.0,108.7,101.4,102.0,12.832251036613455,106.5,106.6,98.7,117.5,11.345581616745093,112.0,108.7,101.4,10008.18,0.9797608095676172,1.050656660412758,108.10137754296467,109.56580151973381
2025-02-27,121,112,113.6,117.2,111.2,113.4,101.3,102.1,0,0,120.2,8.983317872590225,113.6,111.2,101.3,120.6,11.7175082675456,117.2,113.4,102.1,123.1,7.187179944564433,113.6,111.2,101.3,119.2,10.6645831298432,117.2,113.4,102.1,10342.73,1.001763668430335,1.0539568345323742,119.54946699539065,118.17104212855246
2025-02-27,103,96,112.1,104.0,113.3,113.0,101.6,100.7,0,0,116.8,6.978538528947161,112.1,113.3,101.6,93.8,12.049896265113691,104.0,113.0,100.7,114.0,9.591663046625483,112.1,113.3,101.6,102.2,15.504837954651318,104.0,113.0,100.7,10231.119999999999,0.9920353982300885,0.9179170344218888,116.9623676646744,108.62208291137463
2025-02-27,116,124,113.7,107.6,116.7,116.9,99.2,101.7,0,0,115.2,11.497825881443875,113.7,116.7,99.2,110.8,8.37854402626136,107.6,116.9,101.7,116.4,8.329332372872354,113.7,116.7,99.2,111.4,10.762073323585136,107.6,116.9,101.7,10088.640000000001,0.9726261762189906,0.9220222793487575,118.98245831295318,113.20439940378847
2025-02-27,111,102,113.4,113.6,112.2,108.7,99.7,99.8,0,0,120.0,9.192388155425137,113.4,112.2,99.7,122.4,12.361229712289957,113.6,108.7,99.8,115.7,10.089047967419258,113.4,112.2,99.7,117.3,10.85305896459107,113.6,108.7,99.8,9950.06,1.0432382704691812,1.0124777183600713,114.13453962094115,114.39840758784968
2025-02-28,119,134,112.0,117.2,110.2,113.4,102.5,102.1,0,1,115.0,6.964194138592057,112.0,110.2,102.5,120.6,11.7175082675456,117.2,113.4,102.1,117.0,9.35711256507871,112.0,110.2,102.5,118.6,10.905656024895345,117.2,113.4,102.1,10465.25,0.9876543209876543,1.0635208711433757,120.0376375539979,117.54143998711709
2025-02-28,119,135,111.9,117.3,112.9,104.8,105.1,102.6,0,0,117.8,17.195929750961398,111.9,112.9,105.1,123.0,12.469963913339921,117.3,104.8,102.6,112.4,15.428689006018779,111.9,112.9,105.1,119.4,13.048627003124276,117.3,104.8,102.6,10783.259999999998,1.0677480916030535,1.0389725420726306,115.70153566380266,123.24516061717434
2025-02-28,116,123,117.5,119.1,108.3,109.8,98.2,102.0,0,0,117.6,3.847076812334195,117.5,108.3,98.2,123.0,9.746794344808945,119.1,109.8,102.0,116.6,7.834397090892116,117.5,108.3,98.2,121.6,8.896940797574649,119.1,109.8,102.0,10016.4,1.0701275045537342,1.0997229916897506,118.29068479691765,114.76155147465937
2025-02-28,102,121,105.7,108.1,112.8,111.0,99.0,102.1,0,0,103.4,10.064790112068893,105.7,112.8,99.0,115.8,11.432410069622259,108.1,111.0,102.1,99.5,9.107384061542842,105.7,112.8,99.0,112.8,9.86351300951583,108.1,111.0,102.1,10107.9,0.9522522522522523,0.9583333333333333,109.64137976975861,111.74606273871916
2025-02-28,125,120,110.8,114.1,110.3,111.9,98.5,101.9,0,0,110.8,18.11629101113139,110.8,110.3,98.5,114.2,16.300306745579967,114.1,111.9,101.9,112.9,14.027354229029362,110.8,110.3,98.5,115.4,12.321616055624455,114.1,111.9,101.9,10037.150000000001,0.9901697944593386,1.0344514959202176,113.5746044345667,112.73838563508296
2025-02-28,125,115,111.9,107.6,113.4,111.8,104.9,102.3,0,0,109.4,10.261578825892254,111.9,113.4,104.9,99.8,10.03493896344169,107.6,111.8,102.3,112.3,14.353087163084862,111.9,113.4,104.9,109.0,12.391753530294043,107.6,111.8,102.3,10731.27,1.0008944543828266,0.9488536155202821,118.6922749565282,115.14076692191964
2025-02-28,113,114,114.4,115.0,109.9,110.9,106.2,99.7,0,0,127.2,14.61848145328372,114.4,109.9,106.2,111.6,12.280065146407045,115.0,110.9,99.7,124.9,13.118688958885937,114.4,109.9,106.2,117.8,12.603350524540945,115.0,110.9,99.7,10588.140000000001,1.0315599639314699,1.046405823475887,119.42678002750296,116.92046310162786
2025-02-28,125,108,113.7,107.6,116.7,116.9,99.2,101.7,1,1,116.2,11.256109452204194,113.7,116.7,99.2,113.0,10.319883720275143,107.6,116.9,101.7,116.8,8.189424074174465,113.7,116.7,99.2,111.9,11.259070417519697,107.6,116.9,101.7,10088.640000000001,0.9726261762189906,0.9220222793487575,119.27928836527425,113.04222457890096
2025-02-28,117,116,107.8,113.6,116.8,108.7,103.1,99.8,0,1,115.0,12.30853362509118,107.8,116.8,103.1,118.6,15.436968614336172,113.6,108.7,99.8,115.3,10.055954565441219,107.8,116.8,103.1,117.1,11.140017953306971,113.6,108.7,99.8,10289.38,0.9917203311867525,0.9726027397260274,112.67526691034662,118.34737924173923
2025-02-28,106,102,113.4,112.4,112.2,107.8,99.7,99.8,1,0,118.8,10.034938963441698,113.4,112.2,99.7,109.6,8.905054744357262,112.4,107.8,99.8,114.3,9.615381196580492,113.4,112.2,99.7,111.8,8.991353871605906,112.4,107.8,99.8,9950.06,1.051948051948052,1.0017825311942958,112.23522420326812,112.8918380510891
2025-03-01,100,113,104.0,103.9,113.0,115.9,100.7,103.7,0,0,108.2,6.797058187186537,104.0,113.0,100.7,109.2,13.255187663703579,103.9,115.9,103.7,106.1,11.179842972461156,104.0,113.0,100.7,106.9,11.6184718826914,103.9,115.9,103.7,10442.59,0.89732528041415,0.9194690265486726,113.6738910839034,111.26383577096416
2025-03-01,115,94,112.0,105.7,110.2,112.8,102.5,99.0,1,1,115.8,7.190271204899017,112.0,110.2,102.5,103.8,4.2071367935922765,105.7,112.8,99.0,118.9,7.202622979010913,112.0,110.2,102.5,103.5,15.91819364403155,105.7,112.8,99.0,10147.5,0.9929078014184397,0.9591651542649727,115.70307536529378,107.86060677233955
2025-03-01,103,113,111.4,113.8,107.0,113.3,102.1,100.7,0,0,111.2,11.211601134539135,111.4,107.0,102.1,120.2,12.029131306956423,113.8,113.3,100.7,107.3,11.225467077636965,111.4,107.0,102.1,116.1,9.99388702046293,113.8,113.3,100.7,10281.47,0.9832303618711387,1.0635514018691588,115.99333122529278,113.04638379553454
2025-03-01,128,130,114.4,111.7,109.9,114.4,106.2,101.7,1,0,124.8,15.990622251807467,114.4,109.9,106.2,107.8,13.479614237803686,111.7,114.4,101.7,124.3,13.54867767225505,114.4,109.9,106.2,110.8,10.788883167408992,111.7,114.4,101.7,10800.54,1.0,1.016378525932666,122.03249670026582,117.15873189852763
2025-03-01,126,119,109.0,112.0,115.2,108.7,99.9,101.4,0,0,104.2,3.420526275297495,109.0,115.2,99.9,118.0,11.661903789690642,112.0,108.7,101.4,111.8,10.19585972616119,109.0,115.2,99.9,119.5,9.766723549322538,112.0,108.7,101.4,10129.86,1.0027598896044159,0.9722222222222222,111.21635014760666,115.9239319753369
2025-03-01,117,132,112.1,113.6,113.3,111.2,101.6,101.3,0,0,114.2,9.364827814754525,112.1,113.3,101.6,105.2,5.974947698515952,113.6,111.2,101.3,114.4,8.959166627910639,112.1,113.3,101.6,109.4,9.383200117467425,113.6,111.2,101.3,10292.08,1.008093525179856,1.002647837599294,116.16448854694642,115.6647285842895
2025-03-02,110,103,117.5,117.2,108.3,113.4,98.2,102.1,0,0,118.4,2.6076809620809533,117.5,108.3,98.2,120.0,10.700467279516324,117.2,113.4,102.1,115.7,7.257945837341235,117.5,108.3,98.2,118.7,11.055918475338725,117.2,113.4,102.1,10026.22,1.0361552028218695,1.082179132040628,120.5062574096649,113.49991646570746
2025-03-02,133,129,119.1,108.1,109.8,111.0,102.0,102.1,0,0,129.6,15.56598856481657,119.1,109.8,102.0,120.4,5.639148871948714,108.1,111.0,102.1,123.7,16.786568705035894,119.1,109.8,102.0,113.0,10.022197585581894,108.1,111.0,102.1,10414.199999999999,1.072972972972973,0.9845173041894353,123.18021544331707,112.86129735818139
2025-03-02,127,112,114.1,111.9,111.9,113.4,101.9,104.9,0,0,119.6,7.9246451024635665,114.1,111.9,101.9,120.4,13.352902306240384,111.9,113.4,104.9,120.3,9.080504146552448,114.1,111.9,101.9,113.5,12.131226923385071,111.9,113.4,104.9,10689.310000000001,1.0061728395061726,1.0,122.78659000457161,118.19957306589815
2025-03-02,112,116,110.8,115.0,110.3,110.9,98.5,99.7,0,0,114.4,18.942016788082523,110.8,110.3,98.5,114.6,10.064790112068959,115.0,110.9,99.7,113.5,14.439529078193695,110.8,110.3,98.5,115.6,10.875047892614942,115.0,110.9,99.7,9820.45,0.999098286744815,1.0426110607434271,111.88109427319841,112.13930609011032
2025-03-02,102,104,106.5,107.6,106.6,111.8,98.7,102.3,0,0,102.6,12.601587201618706,106.5,106.6,98.7,101.6,12.033287165193066,107.6,111.8,102.3,103.1,13.477965556995462,106.5,106.6,98.7,107.9,11.140017953306883,107.6,111.8,102.3,10097.01,0.9525939177101969,1.0093808630393997,110.36918083912404,105.74345305523521
2025-03-02,132,146,111.7,117.3,114.4,104.8,101.7,102.6,1,0,118.6,15.582040944625957,111.7,114.4,101.7,125.0,13.619838471876232,117.3,104.8,102.6,116.7,10.965096138809416,111.7,114.4,101.7,119.3,12.910374811668914,117.3,104.8,102.6,10434.42,1.0658396946564885,1.0253496503496502,112.44858529804475,122.09888473546944
2025-03-02,121,128,107.8,107.6,116.8,116.9,103.1,101.7,0,0,112.2,8.871302046486763,107.8,116.8,103.1,110.8,9.884331034521251,107.6,116.9,101.7,116.0,9.888264649460682,107.8,116.8,103.1,110.8,11.023207841237138,107.6,116.9,101.7,10485.27,0.9221556886227544,0.9212328767123288,116.8205029183742,116.4299258617424
2025-03-02,98,116,113.7,113.6,116.7,108.7,99.2,99.8,0,0,118.6,11.674759098157041,113.7,116.7,99.2,114.2,11.031772296417289,113.6,108.7,99.8,117.0,8.379870059984453,113.7,116.7,99.2,116.7,11.096045341572095,113.6,108.7,99.8,9900.16,1.045998160073597,0.9734361610968294,113.79279112020102,115.96177148897046
2025-03-02,108,102,113.4,112.4,112.2,107.8,99.7,99.8,0,0,116.0,11.46734494117973,113.4,112.2,99.7,108.4,9.555103348472993,112.4,107.8,99.8,114.7,9.117138927438818,113.4,112.2,99.7,111.7,9.104943712071924,112.4,107.8,99.8,9950.06,1.051948051948052,1.0017825311942958,113.02007220567215,112.21450292203608
2025-03-03,101,119,104.0,112.0,113.0,108.7,100.7,101.4,0,0,107.4,7.602631123499255,104.0,113.0,100.7,116.8,11.054410884348426,112.0,108.7,101.4,105.1,11.239315914334918,104.0,113.0,100.7,119.8,9.693067396627251,112.0,108.7,101.4,10210.980000000001,0.9567617295308187,0.9911504424778761,108.49988886225466,115.03208951638764
2025-03-03,102,119,109.0,108.1,115.2,111.0,99.9,102.1,0,1,109.2,9.833615815151644,109.0,115.2,99.9,122.8,6.340346993658979,108.1,111.0,102.1,112.6,11.017158334969052,109.0,115.2,99.9,114.8,11.17338106592824,108.1,111.0,102.1,10199.79,0.9819819819819819,0.9383680555555555,114.4974408359272,113.79119072944216
2025-03-03,106,90,110.8,103.9,110.3,115.9,98.5,103.7,1,0,111.8,17.991664736760747,110.8,110.3,98.5,110.2,13.33041634758643,103.9,115.9,103.7,113.2,14.436065946094914,110.8,110.3,98.5,106.8,11.554700823089835,103.9,115.9,103.7,10214.45,0.9559965487489214,0.9419764279238442,115.6379034192869,108.26691708890152
2025-03-03,130,132,114.4,111.9,109.9,112.9,106.2,105.1,0,0,126.4,15.789236840328925,114.4,109.9,106.2,125.2,15.833508770957883,111.9,112.9,105.1,125.6,13.175735273600324,114.4,109.9,106.2,118.9,15.220235068997992,111.9,112.9,105.1,11161.619999999999,1.0132860938883967,1.0181983621474067,126.62291417017188,121.69682894724829
2025-03-03,137,128,117.3,111.4,104.8,107.0,102.6,102.1,1,0,128.2,10.521406750050106,117.3,104.8,102.6,109.8,8.642916174532731,111.4,107.0,102.1,127.5,10.0027773920826,117.3,104.8,102.6,116.9,10.846914563854357,111.4,107.0,102.1,10475.46,1.0962616822429907,1.0629770992366414,118.81979605449982,110.91248929088785
2025-03-03,98,122,112.1,113.8,113.3,113.3,101.6,100.7,0,0,112.0,6.000000000000003,112.1,113.3,101.6,122.4,8.294576541331036,113.8,113.3,100.7,115.5,8.475454756727501,112.1,113.3,101.6,115.4,9.935346552139523,113.8,113.3,100.7,10231.119999999999,0.9894086496028244,1.00441306266549,116.63420348562255,117.23356126873054
2025-03-03,106,134,107.8,112.0,116.8,110.2,103.1,102.5,1,0,115.0,9.027735042633907,107.8,116.8,103.1,130.4,10.922453936730488,112.0,110.2,102.5,116.8,9.94205433723034,107.8,116.8,103.1,120.1,15.380001444877925,112.0,110.2,102.5,10567.75,0.9782214156079855,0.9589041095890412,113.75727981325626,122.25774559808887
2025-03-04,115,102,114.1,111.4,111.9,107.0,101.9,102.1,0,1,122.0,7.999999999999987,114.1,111.9,101.9,111.8,11.64903429473875,111.4,107.0,102.1,122.2,8.162243700247105,114.1,111.9,101.9,117.0,10.954451150103331,111.4,107.0,102.1,10403.99,1.0663551401869158,0.9955317247542449,118.31705627964129,113.96147681246366
2025-03-04,113,114,106.5,107.6,106.6,111.8,98.7,102.3,0,0,102.6,12.601587201618706,106.5,106.6,98.7,100.6,11.458621208504983,107.6,111.8,102.3,103.3,13.441643418041494,106.5,106.6,98.7,106.9,10.979273402390724,107.6,111.8,102.3,10097.01,0.9525939177101969,1.0093808630393997,110.37027110949879,105.64864224762702
2025-03-04,121,127,111.9,113.6,112.9,111.2,105.1,101.3,1,0,116.6,16.772000476985422,111.9,112.9,105.1,109.2,13.553597308463944,113.6,111.2,101.3,114.7,14.391741458983436,111.9,112.9,105.1,110.9,11.656662377274829,113.6,111.2,101.3,10646.63,1.006294964028777,1.0062001771479183,116.66342294889074,119.13671192543502
2025-03-04,102,114,115.0,112.0,110.9,108.7,99.7,101.4,0,1,120.0,17.76231966833161,115.0,110.9,99.7,119.2,9.602083107326294,112.0,108.7,101.4,123.9,15.765292399586052,115.0,110.9,99.7,120.0,9.649409884086893,112.0,108.7,101.4,10109.580000000002,1.0579576816927323,1.0099188458070334,117.4099726119904,112.20046593347446
2025-03-04,117,139,111.9,119.1,113.4,109.8,104.9,102.0,0,0,112.2,12.477980605851261,111.9,113.4,104.9,124.0,9.354143466934834,119.1,109.8,102.0,115.4,13.268174118711466,111.9,113.4,104.9,122.5,8.48855438549744,119.1,109.8,102.0,10699.800000000001,1.0191256830601094,1.0502645502645502,117.50988023920085,123.9640005175556
2025-03-04,126,112,113.6,109.0,108.7,115.2,99.8,99.9,0,1,116.2,9.98498873309325,113.6,108.7,99.8,109.8,11.344602240713446,109.0,115.2,99.9,115.8,11.726513169357341,113.6,108.7,99.8,109.1,9.791719858011431,109.0,115.2,99.9,9970.02,0.986111111111111,1.0027598896044159,118.6655224021482,107.41249540223939
2025-03-04,127,113,111.7,105.7,114.4,112.8,101.7,99.0,0,0,121.8,16.528762809115502,111.7,114.4,101.7,102.4,6.107372593840809,105.7,112.8,99.0,118.5,11.909380056633221,111.7,114.4,101.7,102.4,16.18092155046243,105.7,112.8,99.0,10068.300000000001,0.9902482269503546,0.923951048951049,115.18763136874182,110.16614849565124
2025-03-04,119,117,113.7,112.4,116.7,107.8,99.2,99.8,0,0,111.2,10.329569206893414,113.7,116.7,99.2,106.8,9.884331034521244,112.4,107.8,99.8,115.4,10.319345371141063,113.7,116.7,99.2,110.1,9.279008567729532,112.4,107.8,99.8,9900.16,1.0547309833024119,0.9631533847472151,112.54698479842983,114.52964018168895
2025-03-04,136,115,113.4,107.6,112.2,116.9,99.7,101.7,0,0,112.8,10.894952959971894,113.4,112.2,99.7,112.8,12.397580409095958,107.6,116.9,101.7,113.8,9.307106006821908,113.4,112.2,99.7,111.0,11.343133018115736,107.6,116.9,101.7,10139.49,0.9700598802395209,0.9590017825311942,118.81559576106854,111.13268345935614
2025-03-05,128,118,117.5,108.1,108.3,111.0,98.2,102.1,0,0,116.0,3.741657386773868,117.5,108.3,98.2,122.4,6.542170893518486,108.1,111.0,102.1,117.0,3.944053188733205,117.5,108.3,98.2,115.1,11.249197502241824,108.1,111.0,102.1,10026.22,1.0585585585585586,0.9981532779316713,118.83243477003374,108.90813107729062
2025-03-05,110,125,104.0,113.6,113.0,108.7,100.7,99.8,0,1,106.8,8.043631020876052,104.0,113.0,100.7,116.0,10.271319292087068,113.6,108.7,99.8,105.5,10.987366482566344,104.0,113.0,100.7,116.7,11.096045341572095,113.6,108.7,99.8,10049.86,0.9567617295308187,1.0053097345132742,108.42117256398521,113.96480797347975
2025-03-05,112,107,119.1,110.8,109.8,110.3,102.0,98.5,1,0,127.4,13.685759021698436,119.1,109.8,102.0,106.6,13.390294993016393,110.8,110.3,98.5,127.7,12.99615327702787,119.1,109.8,102.0,106.2,12.682446311514319,110.8,110.3,98.5,10047.0,1.0797824116047143,1.0091074681238617,118.14776437703553,110.92222193913885
2025-03-05,125,122,103.9,107.8,115.9,116.8,103.7,103.1,0,0,116.0,11.747340124470691,103.9,115.9,103.7,111.2,9.859006035093,107.8,116.8,103.1,111.6,15.101140501447077,103.9,115.9,103.7,112.3,8.499019551297348,107.8,116.8,103.1,10691.47,0.889554794520548,0.9301121656600517,116.05298101218665,117.61104777743401
2025-03-05,103,120,114.4,117.3,109.9,104.8,106.2,102.6,0,0,126.8,15.865055940651457,114.4,109.9,106.2,134.0,7.10633520177594,117.3,104.8,102.6,127.8,11.6599980941487,114.4,109.9,106.2,122.1,15.394443441998309,117.3,104.8,102.6,10896.119999999999,1.0916030534351147,1.067333939945405,119.0392793023454,123.36244147292442
2025-03-05,116,110,117.2,113.8,113.4,113.3,102.1,100.7,0,0,123.8,17.977764043395393,117.2,113.4,102.1,121.0,7.449832212875612,113.8,113.3,100.7,127.2,16.026367163036255,117.2,113.4,102.1,116.6,9.935346552139526,113.8,113.3,100.7,10281.47,1.034421888790821,1.00352733686067,121.181701195167,117.49231316550993
2025-03-05,137,107,113.6,112.1,111.2,113.3,101.3,101.6,1,0,120.6,8.961026726887885,113.6,111.2,101.3,109.0,12.10371843691016,112.1,113.3,101.6,122.2,6.779052703405511,113.6,111.2,101.3,112.6,12.903057346570597,112.1,113.3,101.6,10292.08,1.002647837599294,1.008093525179856,117.91855553154468,114.32845649453371
2025-03-05,123,115,112.4,112.0,107.8,110.2,99.8,102.5,1,0,118.8,14.131525041551614,112.4,107.8,99.8,133.4,8.87693640846882,112.0,110.2,102.5,115.7,11.944780357033665,112.4,107.8,99.8,121.1,15.975328200419357,112.0,110.2,102.5,10229.5,1.0199637023593466,1.038961038961039,114.90403348081115,113.94964348735418
2025-03-06,124,118,111.9,114.1,112.9,111.9,105.1,101.9,0,0,117.8,16.843396332094052,111.9,112.9,105.1,115.8,16.422545478700915,114.1,111.9,101.9,114.6,14.338758663147953,111.9,112.9,105.1,115.1,12.151360234786702,114.1,111.9,101.9,10709.69,1.0,1.0106288751107173,118.98390521734868,120.06947881659016
2025-03-06,123,105,117.5,109.0,108.3,115.2,98.2,99.9,1,0,117.6,6.54217089351841,117.5,108.3,98.2,110.4,11.371015785759885,109.0,115.2,99.9,117.8,5.223876806442683,117.5,108.3,98.2,108.0,8.60232526704248,109.0,115.2,99.9,9810.18,1.0199652777777777,1.0064635272391504,118.41194943025943,107.56810327628723
2025-03-06,119,121,105.7,112.0,112.8,108.7,99.0,101.4,0,0,103.4,10.064790112068893,105.7,112.8,99.0,121.0,6.67083203206324,112.0,108.7,101.4,101.3,7.303728119559525,105.7,112.8,99.0,118.6,9.371351141763098,112.0,108.7,101.4,10038.6,0.9724011039558418,0.9929078014184397,108.00093143308885,114.06903252827466
2025-03-06,97,109,107.6,111.4,116.9,107.0,101.7,102.1,0,0,118.0,12.589678312014147,107.6,116.9,101.7,112.8,10.18331969448075,111.4,107.0,102.1,121.1,12.169634341261203,107.6,116.9,101.7,114.7,11.489608831945118,111.4,107.0,102.1,10383.57,1.0056074766355139,0.9529512403763901,112.10031834816374,118.02186217454849
2025-03-06,113,109,113.4,115.0,112.2,110.9,99.7,99.7,0,0,113.6,12.660963628413137,113.4,112.2,99.7,113.6,9.502631214563737,115.0,110.9,99.7,117.2,10.63328108660089,113.4,112.2,99.7,114.6,10.2545382907061,115.0,110.9,99.7,9940.09,1.0225428313796212,1.0249554367201426,114.39279359140473,114.17309975713418
2025-03-07,117,118,104.0,119.1,113.0,109.8,100.7,102.0,0,0,106.0,7.314369419163865,104.0,113.0,100.7,125.0,10.839741694339383,119.1,109.8,102.0,104.2,9.330952077181964,104.0,113.0,100.7,124.0,9.977753031396757,119.1,109.8,102.0,10271.4,0.9471766848816029,1.0539823008849556,109.35900882323868,120.31957144305336
2025-03-07,118,109,107.6,107.8,111.8,116.8,102.3,103.1,0,0,110.8,9.757048734120351,107.6,111.8,102.3,115.0,9.565563234854507,107.8,116.8,103.1,111.2,7.0364132277113605,107.6,111.8,102.3,114.0,8.576453553512485,107.8,116.8,103.1,10547.13,0.9212328767123288,0.964221824686941,117.20834941415129,114.28353556824322
2025-03-07,111,122,112.1,114.4,113.3,109.9,101.6,106.2,0,0,109.4,8.734987120768984,112.1,113.3,101.6,114.8,6.797058187186603,114.4,109.9,106.2,113.9,10.1373895390612,112.1,113.3,101.6,121.9,12.600264547487653,114.4,109.9,106.2,10789.92,1.0200181983621472,1.0097087378640777,119.35945064472152,120.31331124125543
2025-03-07,104,106,110.8,113.6,110.3,108.7,98.5,99.8,0,0,111.8,17.991664736760747,110.8,110.3,98.5,118.0,10.977249200050073,113.6,108.7,99.8,113.8,13.942740046346746,110.8,110.3,98.5,118.6,10.679159351018518,113.6,108.7,99.8,9830.3,1.0193192272309106,1.029918404351768,110.54915763621729,111.74277938198885
2025-03-07,107,89,117.3,108.1,104.8,111.0,102.6,102.1,0,0,127.6,9.736529155710464,117.3,104.8,102.6,123.2,5.403702434442561,108.1,111.0,102.1,128.5,10.437645541234293,117.3,104.8,102.6,116.8,10.108302418199466,108.1,111.0,102.1,10475.46,1.0567567567567566,1.0314885496183206,122.40204476085488,110.19635171093422
2025-03-07,149,141,117.2,113.7,113.4,116.7,102.1,99.2,0,0,124.6,17.401149387324974,117.2,113.4,102.1,119.6,16.637307474468336,113.7,116.7,99.2,128.0,15.13641671965705,117.2,113.4,102.1,117.2,13.079245645933295,113.7,116.7,99.2,10128.32,1.0042844901456727,1.0026455026455026,121.60377160922569,116.20474719456364
2025-03-07,127,109,113.8,111.7,113.3,114.4,100.7,101.7,0,0,119.0,9.192388155425103,113.8,113.3,100.7,107.6,13.049904214207853,111.7,114.4,101.7,122.4,9.54754185932467,113.8,113.3,100.7,113.1,12.242457995753075,111.7,114.4,101.7,10241.19,0.9947552447552447,0.9858781994704325,119.36878801641117,114.32554044977506
2025-03-07,105,95,112.4,115.0,107.8,110.9,99.8,99.7,0,1,118.0,13.656500283747674,112.4,107.8,99.8,109.8,5.0695167422547325,115.0,110.9,99.7,117.1,11.89257471422118,112.4,107.8,99.8,114.8,10.108302418199596,115.0,110.9,99.7,9950.06,1.0135256988277728,1.0667903525046383,115.56483491352503,109.8281418037917
2025-03-08,105,102,104.0,105.7,113.0,112.8,100.7,99.0,1,0,109.0,8.276472678623396,104.0,113.0,100.7,104.2,7.791020472312849,105.7,112.8,99.0,105.2,10.163114133418402,104.0,113.0,100.7,102.6,16.310868905255834,105.7,112.8,99.0,9969.300000000001,0.9219858156028369,0.9353982300884957,107.3078510451995,109.3972688087382
2025-03-08,146,117,111.4,107.6,107.0,116.9,102.1,101.7,0,0,108.0,10.700467279516314,111.4,107.0,102.1,115.6,10.502380682492896,107.6,116.9,101.7,105.6,10.340857475728686,111.4,107.0,102.1,113.3,9.189970378382927,107.6,116.9,101.7,10383.57,0.9529512403763901,1.0056074766355139,118.18008809558224,109.94996049992992
2025-03-08,120,118,111.9,114.1,112.9,111.9,105.1,101.9,0,0,121.0,16.015617378046958,111.9,112.9,105.1,121.6,7.021395872616771,114.1,111.9,101.9,116.6,14.088608479508878,111.9,112.9,105.1,114.1,11.357327541674957,114.1,111.9,101.9,10709.69,1.0,1.0106288751107173,119.39480174669318,120.77065496028457
2025-03-08,117,118,107.6,103.9,111.8,115.9,102.3,103.7,1,0,113.0,9.92471662063958,107.6,111.8,102.3,107.2,16.177144370994515,103.9,115.9,103.7,112.1,7.29459465022639,107.6,111.8,102.3,105.8,12.594531441154304,103.9,115.9,103.7,10608.51,0.9283865401207937,0.9293381037567084,116.47207147665581,112.33072880141694
2025-03-08,109,114,110.8,111.9,110.3,113.4,98.5,104.9,1,0,115.6,11.886967653695374,110.8,110.3,98.5,118.4,13.794926603646712,111.9,113.4,104.9,112.9,14.286357128393552,110.8,110.3,98.5,113.4,12.139924949429217,111.9,113.4,104.9,10332.650000000001,0.9770723104056437,1.0145058930190392,116.11929288541249,114.14619243505953
2025-03-08,109,111,113.6,106.5,111.2,106.6,101.3,98.7,0,0,121.0,9.772410142845985,113.6,111.2,101.3,106.4,15.757537878742344,106.5,106.6,98.7,123.7,8.2334008094397,113.6,111.2,101.3,102.1,13.939950581771125,106.5,106.6,98.7,9998.31,1.0656660412757974,0.9577338129496402,112.8914068711425,108.64134591772287
2025-03-08,111,101,117.5,113.4,108.3,112.2,98.2,99.7,0,0,119.0,6.855654600401006,117.5,108.3,98.2,120.4,6.655824516917472,113.4,112.2,99.7,118.0,5.395471352079631,117.5,108.3,98.2,117.2,10.23935761873988,113.4,112.2,99.7,9790.54,1.0472370766488412,1.0470914127423823,118.03213828990783,110.30123323782068
2025-03-08,115,110,112.0,112.0,108.7,110.2,101.4,102.5,0,0,115.8,11.278297743897323,112.0,108.7,101.4,130.0,12.186057606953913,112.0,110.2,102.5,113.9,13.96384219650485,112.0,108.7,101.4,121.9,15.380001444877939,112.0,110.2,102.5,10393.5,1.0163339382940109,1.030358785648574,116.64883049322782,114.97646121126664
2025-03-09,127,103,117.3,117.2,104.8,113.4,102.6,102.1,0,0,124.8,13.423859355639864,117.3,104.8,102.6,119.2,11.987493482792784,117.2,113.4,102.1,126.9,12.413702106946298,117.3,104.8,102.6,117.7,12.037441588643441,117.2,113.4,102.1,10475.46,1.0343915343915344,1.118320610687023,123.20358242388065,114.47575936030309
2025-03-09,116,125,112.1,113.7,113.3,116.7,101.6,99.2,0,0,108.0,7.483314773547886,112.1,113.3,101.6,125.6,18.10524785801067,113.7,116.7,99.2,114.3,9.911273043021986,112.1,113.3,101.6,120.5,14.577379737113146,113.7,116.7,99.2,10078.72,0.9605826906598114,1.0035304501323918,116.33494404406676,116.42925649259952
2025-03-09,100,112,113.6,119.1,111.2,109.8,101.3,102.0,1,0,120.6,10.310189135025558,113.6,111.2,101.3,122.4,10.597169433391146,119.1,109.8,102.0,121.6,9.08233939516043,113.6,111.2,101.3,125.0,8.602325267042113,119.1,109.8,102.0,10332.6,1.034608378870674,1.0710431654676258,116.38187758714231,119.79073139980956
2025-03-09,104,107,107.6,114.4,116.9,109.9,101.7,106.2,1,0,114.2,15.801898620102566,107.6,116.9,101.7,115.4,7.368853370776244,114.4,109.9,106.2,118.9,14.379383389654421,107.6,116.9,101.7,121.2,12.354036677225366,114.4,109.9,106.2,10800.54,0.9790718835304821,0.9786142001710864,115.53324793633013,123.31034395690259
2025-03-09,126,122,109.0,107.8,115.2,116.8,99.9,103.1,0,0,109.0,10.000000000000027,109.0,115.2,99.9,116.2,7.9183331579316745,107.8,116.8,103.1,111.1,11.367106540853358,109.0,115.2,99.9,114.3,8.313977521152172,107.8,116.8,103.1,10299.69,0.9332191780821918,0.9357638888888888,116.49542029074648,114.38673443372579
2025-03-09,141,124,113.6,111.7,108.7,114.4,99.8,101.7,0,0,116.0,9.721111047611746,113.6,108.7,99.8,108.8,12.79453008124956,111.7,114.4,101.7,115.1,10.754327294422266,113.6,108.7,99.8,113.1,12.242457995753075,111.7,114.4,101.7,10149.66,0.9930069930069929,1.0275988960441582,118.32051625297588,110.70024538735512
2025-03-09,112,119,108.1,112.0,111.0,110.2,102.1,102.5,0,1,116.8,15.188811671753664,108.1,111.0,102.1,126.4,15.208550226763869,112.0,110.2,102.5,117.6,11.471704319759807,108.1,111.0,102.1,121.5,15.657798908744153,112.0,110.2,102.5,10465.25,0.9809437386569873,1.009009009009009,115.74022114147384,115.76611553888473
2025-03-09,111,110,112.4,113.8,107.8,113.3,99.8,100.7,0,0,119.6,10.737783756436906,112.4,107.8,99.8,119.2,8.983317872590236,113.8,113.3,100.7,115.0,11.999999999999977,112.4,107.8,99.8,117.2,9.247221805013156,113.8,113.3,100.7,10049.86,0.9920564872021184,1.0556586270871986,116.53591582458102,111.7369358833698
2025-03-10,132,123,111.9,109.0,112.9,115.2,105.1,99.9,0,1,116.4,10.454664030948065,111.9,112.9,105.1,109.0,11.554220008291365,109.0,115.2,99.9,116.7,14.111067366511394,111.9,112.9,105.1,108.6,8.099382692526483,109.0,115.2,99.9,10499.49,0.9713541666666667,0.9654561558901682,119.93523647742786,113.84203596663741
2025-03-10,114,108,117.5,107.8,108.3,116.8,98.2,103.1,0,1,117.6,7.765307463326836,117.5,108.3,98.2,115.2,6.3796551630946485,107.8,116.8,103.1,117.6,5.777350411544961,117.5,108.3,98.2,114.2,8.202980488145164,107.8,116.8,103.1,10124.42,1.0059931506849316,0.9953831948291783,123.84186400007171,107.47759476775039
2025-03-10,111,108,105.7,113.4,112.8,112.2,99.0,99.7,0,0,107.8,11.300442469213309,105.7,112.8,99.0,115.0,9.354143466934838,113.4,112.2,99.7,103.5,8.984554647962373,105.7,112.8,99.0,117.1,10.407796223131209,113.4,112.2,99.7,9870.300000000001,0.9420677361853832,1.0053191489361704,108.86963669456425,113.2762999609499
2025-03-10,102,105,110.8,104.0,110.3,113.0,98.5,100.7,0,0,111.2,8.288546314040845,110.8,110.3,98.5,95.8,11.233877335986936,104.0,113.0,100.7,111.0,13.283239230114228,110.8,110.3,98.5,100.1,14.677647404585272,104.0,113.0,100.7,9918.95,0.9805309734513274,0.942883046237534,113.8472819704689,104.71435340402975
2025-03-10,119,104,107.6,103.9,111.8,115.9,102.3,103.7,0,0,114.8,9.60208310732622,107.6,111.8,102.3,106.0,14.781745499094468,103.9,115.9,103.7,112.5,7.457285773732391,107.6,111.8,102.3,108.8,11.399805066559551,103.9,115.9,103.7,10608.51,0.9283865401207937,0.9293381037567084,117.87133579173278,111.58714236208857
2025-03-10,121,103,111.9,114.1,113.4,111.9,104.9,101.9,0,0,117.2,5.31036721894072,111.9,113.4,104.9,121.4,7.127411872482173,114.1,111.9,101.9,114.8,13.019643278950136,111.9,113.4,104.9,114.6,11.413442367080428,114.1,111.9,101.9,10689.310000000001,1.0,1.0061728395061726,119.44877628959875,120.89818778071519
2025-03-10,97,84,111.4,106.5,107.0,106.6,102.1,98.7,0,0,117.6,18.311198759229264,111.4,107.0,102.1,108.8,15.254507530562885,106.5,106.6,98.7,110.6,15.819818793736745,111.4,107.0,102.1,103.9,13.795732029226322,106.5,106.6,98.7,10077.27,1.0450281425891184,0.9953271028037384,110.95988415645735,106.66803624107725
2025-03-10,120,118,114.4,113.7,109.9,116.7,106.2,99.2,1,1,125.0,18.289341158171887,114.4,109.9,106.2,128.8,15.690761613127645,113.7,116.7,99.2,124.9,13.892044086054604,114.4,109.9,106.2,120.0,14.298407059684711,113.7,116.7,99.2,10535.04,0.9802913453299058,1.0345768880800728,121.43717819782825,117.282408356438
2025-03-10,127,140,117.3,117.2,104.8,113.4,102.6,102.1,1,1,122.8,11.798304963002098,117.3,104.8,102.6,115.4,13.758633653092138,117.2,113.4,102.1,128.1,11.694728157023153,117.3,104.8,102.6,117.6,12.167351578895351,117.2,113.4,102.1,10475.46,1.0343915343915344,1.118320610687023,123.24936078620374,113.63175845375306
2025-03-10,129,133,111.7,112.1,114.4,113.3,101.7,101.6,1,1,118.4,11.92895636675731,111.7,114.4,101.7,110.2,11.388590782006304,112.1,113.3,101.6,119.0,12.174654911833105,111.7,114.4,101.7,111.7,12.953335048893377,112.1,113.3,101.6,10332.72,0.9858781994704325,0.9798951048951048,117.82954156853148,115.91934584662718
2025-03-10,130,120,112.0,108.1,108.7,111.0,101.4,102.1,0,1,115.6,11.282730166054643,112.0,108.7,101.4,115.2,15.270887335056875,108.1,111.0,102.1,113.2,13.685353078707521,112.0,108.7,101.4,115.5,12.72137309150756,108.1,111.0,102.1,10352.94,1.009009009009009,0.9944802207911683,118.03757399320195,110.03861931529812
2025-03-10,104,133,113.8,115.0,113.3,110.9,100.7,99.7,1,0,119.8,9.782637681116464,113.8,113.3,100.7,107.8,8.348652585896781,115.0,110.9,99.7,123.8,9.028350409189503,113.8,113.3,100.7,111.7,11.005554153345676,115.0,110.9,99.7,10039.79,1.0261496844003606,1.0150044130626654,114.80152754305249,115.53961873399025
2025-03-11,109,104,119.1,105.7,109.8,112.8,102.0,99.0,0,1,128.8,10.894952959971887,119.1,109.8,102.0,102.6,7.092249290598705,105.7,112.8,99.0,127.1,13.6173908416163,119.1,109.8,102.0,99.6,12.65086733961117,105.7,112.8,99.0,10098.0,1.055851063829787,0.9626593806921676,122.87720139852058,106.65156457937391
2025-03-11,123,103,112.0,103.9,110.2,115.9,102.5,103.7,0,1,113.8,5.069516742254626,112.0,110.2,102.5,103.0,12.884098726725108,103.9,115.9,103.7,118.3,7.257945837341034,112.0,110.2,102.5,108.0,11.430952132988232,103.9,115.9,103.7,10629.25,0.9663503019844694,0.9428312159709619,122.65635374796676,109.50971313809205
2025-03-11,115,114,114.1,113.6,111.9,111.2,101.9,101.3,1,0,119.6,7.9246451024635665,114.1,111.9,101.9,112.6,15.757537878742387,113.6,111.2,101.3,122.0,8.326663997864605,114.1,111.9,101.9,111.1,11.939197814109672,113.6,111.2,101.3,10322.470000000001,1.0260791366906474,1.0151921358355673,117.20956200681184,116.34397643874429
2025-03-11,127,120,107.6,112.4,116.9,107.8,101.7,99.8,0,0,112.8,16.452963258939082,107.6,116.9,101.7,108.0,10.83974169433939,112.4,107.8,99.8,115.7,13.695498043761228,107.6,116.9,101.7,110.9,9.515484456633962,112.4,107.8,99.8,10149.66,0.9981447124304267,0.9615055603079555,109.66208644478422,116.55231290921995
2025-03-06,123,125,106.5,111.9,106.6,113.4,98.7,104.9,0,0,104.4,13.464768843169953,106.5,106.6,98.7,117.4,13.921206844235876,111.9,113.4,104.9,106.7,10.614978934401062,106.5,106.6,98.7,114.6,11.462014560179789,111.9,113.4,104.9,10353.630000000001,0.9391534391534391,1.0497185741088182,113.08251265944037,111.10391647667322
2025-03-12,123,110,111.9,104.0,112.9,113.0,105.1,100.7,0,0,123.2,5.263078946776309,111.9,112.9,105.1,93.8,7.085195833567404,104.0,113.0,100.7,120.5,12.322066926183044,111.9,112.9,105.1,98.1,12.031902038608095,104.0,113.0,100.7,10583.57,0.9902654867256637,0.9211691762621789,119.4849609170069,111.11263093981975
2025-03-12,112,118,117.5,117.3,108.3,104.8,98.2,102.6,0,0,117.2,7.918333157931628,117.5,108.3,98.2,132.0,9.513148795220218,117.3,104.8,102.6,117.8,5.59364719024089,117.5,108.3,98.2,124.3,12.944754407352091,117.3,104.8,102.6,10075.32,1.1211832061068703,1.0831024930747923,115.21260913719793,115.08787850592816
2025-03-12,118,105,107.6,109.0,111.8,115.2,102.3,99.9,0,0,116.4,9.476286192385682,107.6,111.8,102.3,108.2,10.034938963441705,109.0,115.2,99.9,113.8,7.330302403948547,107.6,111.8,102.3,110.7,8.882567196480855,109.0,115.2,99.9,10219.77,0.9340277777777777,0.9749552772808587,114.2339370101408,111.95626196564443
2025-03-12,104,119,110.8,112.4,110.3,107.8,98.5,99.8,0,1,106.6,3.974921382870368,110.8,110.3,98.5,112.6,9.838699100999065,112.4,107.8,99.8,110.5,13.542115377181295,110.8,110.3,98.5,110.1,8.157477823717482,112.4,107.8,99.8,9830.3,1.0278293135435992,1.0190389845874888,111.60015690797498,109.6718581103833
2025-03-12,111,104,111.4,113.7,107.0,116.7,102.1,99.2,0,0,112.8,20.24104740372887,111.4,107.0,102.1,128.2,16.115210206509875,113.7,116.7,99.2,109.4,16.39918697171702,111.4,107.0,102.1,121.0,13.703203194062858,113.7,116.7,99.2,10128.32,0.9545844044558698,1.0626168224299066,115.88875848712141,112.77013413270001
2025-03-12,122,115,114.4,107.8,109.9,116.8,106.2,103.1,0,0,118.8,11.122050170719431,114.4,109.9,106.2,114.8,6.83373982530797,107.8,116.8,103.1,123.0,13.021349989749579,114.4,109.9,106.2,113.1,8.225299724360012,107.8,116.8,103.1,10949.22,0.9794520547945206,0.9808917197452228,125.56107394561002,116.50130413486123
2025-03-12,126,116,111.7,112.1,114.4,113.3,101.7,101.6,0,0,123.6,8.792041856133293,111.7,114.4,101.7,113.6,15.388307249337045,112.1,113.3,101.6,120.8,12.191071414039946,111.7,114.4,101.7,114.5,14.3003496460751,112.1,113.3,101.6,10332.72,0.9858781994704325,0.9798951048951048,118.42250057752665,116.65960430476568
2025-03-12,95,115,117.2,113.6,113.4,108.7,102.1,99.8,0,0,125.2,18.349386910739014,117.2,113.4,102.1,113.0,9.110433579144297,113.6,108.7,99.8,128.5,15.792051446499638,117.2,113.4,102.1,117.7,11.372969904314623,113.6,108.7,99.8,10189.58,1.078196872125115,1.001763668430335,117.89490177562692,115.8019191215693
2025-03-12,113,114,108.1,115.0,111.0,110.9,102.1,99.7,0,0,115.0,15.099668870541509,108.1,111.0,102.1,113.4,13.685759021698466,115.0,110.9,99.7,117.5,11.520513105856791,108.1,111.0,102.1,112.5,12.294985427672074,115.0,110.9,99.7,10179.369999999999,0.974752028854824,1.0360360360360361,111.96849423371984,115.08719502545257
2025-03-13,125,129,112.0,103.9,110.2,115.9,102.5,103.7,0,0,116.0,6.3245553203367555,112.0,110.2,102.5,105.6,10.737783756436873,103.9,115.9,103.7,118.9,7.385421074281594,112.0,110.2,102.5,107.4,11.52967186581366,103.9,115.9,103.7,10629.25,0.9663503019844694,0.9428312159709619,121.48201205002401,110.77148460826332
2025-03-13,126,106,113.6,113.4,111.2,112.2,101.3,99.7,0,0,117.4,13.939153489362218,113.6,111.2,101.3,112.2,8.81476034841559,113.4,112.2,99.7,119.3,11.324015777688077,113.6,111.2,101.3,116.1,10.785278031753498,113.4,112.2,99.7,10099.61,1.0124777183600713,1.0197841726618706,116.28917123075513,113.5491986869318
2025-03-13,116,110,111.9,105.7,113.4,112.8,104.9,99.0,0,0,119.4,3.57770876399969,111.9,113.4,104.9,102.4,7.021395872616628,105.7,112.8,99.0,117.2,11.496859474559919,111.9,113.4,104.9,103.3,5.375872022286009,105.7,112.8,99.0,10385.1,0.9920212765957448,0.9320987654320988,117.07969817679205,111.64641962692335
2025-03-13,130,104,112.0,113.8,108.7,113.3,101.4,100.7,0,0,120.6,10.945318634009675,112.0,108.7,101.4,114.6,5.272570530585546,113.8,113.3,100.7,117.7,10.382142788889432,112.0,108.7,101.4,117.2,9.247221805013156,113.8,113.3,100.7,10210.980000000001,0.9885260370697264,1.0469181232750688,117.16742748926055,113.05752488641214
2025-03-14,91,103,110.8,117.5,110.3,108.3,98.5,98.2,0,0,105.0,2.645751311064603,110.8,110.3,98.5,113.2,14.18449858119769,117.5,108.3,98.2,108.4,12.642081403875844,110.8,110.3,98.5,113.2,11.66952345975526,117.5,108.3,98.2,9672.7,1.023084025854109,1.0652765185856754,109.27687011747565,112.63203737446015
2025-03-14,100,112,109.0,114.1,115.2,111.9,99.9,101.9,0,0,113.4,11.907980517283379,109.0,115.2,99.9,118.6,10.99090533122726,114.1,111.9,101.9,110.3,9.741663102366042,109.0,115.2,99.9,114.1,11.836384583140227,114.1,111.9,101.9,10179.810000000001,0.9740840035746201,0.9904513888888888,113.73317895116647,117.63058129180416
2025-03-14,98,121,111.9,112.4,112.9,107.8,105.1,99.8,0,0,124.0,4.74341649025258,111.9,112.9,105.1,112.0,9.192388155425105,112.4,107.8,99.8,120.3,12.25697080576331,111.9,112.9,105.1,110.8,8.625543461139017,112.4,107.8,99.8,10488.98,1.0380333951762524,0.995571302037201,115.85390557720788,116.9446859244937
2025-03-14,133,96,111.4,112.1,107.0,113.3,102.1,101.6,0,0,115.0,19.0656759649376,111.4,107.0,102.1,111.4,13.685759021698393,112.1,113.3,101.6,110.7,15.902829936838273,111.4,107.0,102.1,114.0,14.134276698076139,112.1,113.3,101.6,10373.359999999999,0.9832303618711387,1.047663551401869,116.87859537347775,111.81175963106296
2025-03-14,124,133,114.4,119.1,109.9,109.8,106.2,102.0,0,0,120.6,10.667708282475674,114.4,109.9,106.2,122.8,10.034938963441661,119.1,109.8,102.0,122.7,13.004700005083471,114.4,109.9,106.2,123.3,9.369572502995043,119.1,109.8,102.0,10832.4,1.0418943533697633,1.0837124658780708,120.98505045312614,122.4595630540069
2025-03-14,118,111,113.6,106.5,108.7,106.6,99.8,98.7,0,1,121.4,14.604793733565671,113.6,108.7,99.8,105.8,18.74033084019596,106.5,106.6,98.7,119.2,12.090400232323875,113.6,108.7,99.8,102.9,14.910473574713214,106.5,106.6,98.7,9850.26,1.0656660412757974,0.9797608095676172,113.44720961842201,105.02000376165064
2025-03-14,134,145,111.7,104.0,114.4,113.0,101.7,100.7,0,0,124.8,8.584870412533888,111.7,114.4,101.7,98.2,9.121403400793152,104.0,113.0,100.7,121.9,12.105554280760717,111.7,114.4,101.7,97.1,10.300485425454214,104.0,113.0,100.7,10241.19,0.988495575221239,0.9090909090909091,117.62293131055544,109.93960063605947
2025-03-14,131,126,117.2,113.4,113.4,112.2,102.1,99.7,0,1,117.8,22.015903342811086,117.2,113.4,102.1,109.6,8.203657720797457,113.4,112.2,99.7,124.8,18.90796422439796,117.2,113.4,102.1,115.5,11.197718021494,113.4,112.2,99.7,10179.369999999999,1.0445632798573976,1.0,120.15603022640599,114.32473784951773
2025-03-14,118,126,107.8,107.6,116.8,111.8,103.1,102.3,0,0,111.4,8.080841540334783,107.8,116.8,103.1,106.0,9.669539802906868,107.6,111.8,102.3,116.1,10.471654862320072,107.8,116.8,103.1,107.1,11.100050049937208,107.6,111.8,102.3,10547.13,0.964221824686941,0.9212328767123288,115.17534986740556,116.40550772832263
2025-03-14,122,106,113.7,113.8,116.7,113.3,99.2,100.7,0,1,114.0,10.124228365658324,113.7,116.7,99.2,111.8,6.572670690061928,113.8,113.3,100.7,115.3,10.27456406212294,113.7,116.7,99.2,116.0,10.154364141151857,113.8,113.3,100.7,9989.44,1.0035304501323918,0.9751499571550984,117.87217660222478,115.37419020100214
2025-03-15,113,115,105.7,117.5,112.8,108.3,99.0,98.2,0,1,110.0,10.44030650891054,105.7,112.8,99.0,107.6,10.430723848324206,117.5,108.3,98.2,105.0,8.84433277428107,105.7,112.8,99.0,113.9,10.69215704253461,117.5,108.3,98.2,9721.800000000001,0.9759926131117267,1.0416666666666667,107.55251016409078,113.05504058310557
2025-03-15,107,113,112.0,117.3,110.2,104.8,102.5,102.6,0,0,119.8,4.147288270665539,112.0,110.2,102.5,129.6,11.458621208504969,117.3,104.8,102.6,118.7,7.165503781622246,112.0,110.2,102.5,124.3,12.944754407352091,117.3,104.8,102.6,10516.5,1.0687022900763359,1.0644283121597096,115.05657502832887,119.83688084729856
2025-03-15,117,114,111.4,111.9,107.0,113.4,102.1,104.9,1,0,118.0,20.760539492026677,111.4,107.0,102.1,120.8,13.103434664239746,111.9,113.4,104.9,114.6,16.13278235973775,111.4,107.0,102.1,115.9,11.864512913165116,111.9,113.4,104.9,10710.29,0.982363315696649,1.0457943925233646,119.04930411089103,115.60587530728102
2025-03-15,125,91,114.4,110.8,109.9,110.3,106.2,98.5,1,1,119.8,10.109401564880095,114.4,109.9,106.2,107.8,13.02689525558565,110.8,110.3,98.5,123.1,12.973905434456428,114.4,109.9,106.2,106.3,12.68463637634121,110.8,110.3,98.5,10460.7,1.0371713508612874,1.008189262966333,117.30288974935544,112.89161410649926
2025-03-15,126,119,113.6,114.1,111.2,111.9,101.3,101.9,0,1,118.6,14.46720429108537,113.6,111.2,101.3,114.2,6.942621983083897,114.1,111.9,101.9,119.4,11.384199576605951,113.6,111.2,101.3,114.2,11.811482172492612,114.1,111.9,101.9,10322.470000000001,1.0151921358355673,1.0260791366906474,119.5052249232062,114.73259885225562
2025-03-15,119,115,111.7,107.6,114.4,116.9,101.7,101.7,1,0,129.6,3.3615472627942915,111.7,114.4,101.7,118.4,7.8294316524253516,107.6,116.9,101.7,124.1,12.105554280760717,111.7,114.4,101.7,114.6,8.630694577430521,107.6,116.9,101.7,10342.890000000001,0.9555175363558597,0.9405594405594405,119.95220384118524,115.209452262921
2025-03-15,97,94,112.0,115.0,108.7,110.9,101.4,99.7,0,0,125.8,6.260990336999369,112.0,108.7,101.4,113.4,13.685759021698466,115.0,110.9,99.7,117.6,10.243697249203205,112.0,108.7,101.4,114.0,11.343133018115791,115.0,110.9,99.7,10109.580000000002,1.0099188458070334,1.0579576816927323,115.92298958758859,112.9679320699185
2025-03-15,123,126,117.2,103.9,113.4,115.9,102.1,103.7,1,0,118.2,22.28676737438609,117.2,113.4,102.1,108.8,15.02331521336085,103.9,115.9,103.7,125.4,19.009938920937646,117.2,113.4,102.1,109.5,13.410195126594333,103.9,115.9,103.7,10587.77,1.0112165660051768,0.9162257495590829,123.235351481751,113.22468100771344
2025-03-16,125,130,112.1,109.0,113.3,115.2,101.6,99.9,0,0,109.0,8.276472678623428,112.1,113.3,101.6,110.0,7.874007874011842,109.0,115.2,99.9,112.9,8.305955025696278,112.1,113.3,101.6,110.3,9.055998625834084,109.0,115.2,99.9,10149.84,0.9730902777777777,0.9620476610767873,116.3270948572811,112.6174731283359
2025-03-16,107,96,113.4,113.7,112.2,116.7,99.7,99.2,0,0,114.8,12.153188881935488,113.4,112.2,99.7,127.2,17.68332547910602,113.7,116.7,99.2,117.4,10.521934760827431,113.4,112.2,99.7,119.5,14.729034063523711,113.7,116.7,99.2,9890.24,0.9717223650385605,1.0133689839572193,116.98114176819425,114.62461234423404
2025-03-16,122,114,105.7,111.9,112.8,112.9,99.0,105.1,1,0,113.2,7.49666592559651,105.7,112.8,99.0,125.2,15.833508770957883,111.9,112.9,105.1,106.4,8.896940797575063,105.7,112.8,99.0,120.2,15.77480410161867,111.9,112.9,105.1,10404.9,0.9362267493356953,0.9920212765957448,112.79575698423427,117.03830667012193
2025-03-16,103,108,119.1,106.5,109.8,106.6,102.0,98.7,0,0,125.0,14.089002803605377,119.1,109.8,102.0,102.0,13.910427743243547,106.5,106.6,98.7,124.9,14.654919538048256,119.1,109.8,102.0,104.7,14.667045449654164,106.5,106.6,98.7,10067.4,1.1172607879924954,0.9699453551912569,116.89414378618385,107.65412363740865
2025-03-16,105,102,108.1,107.6,111.0,111.8,102.1,102.3,0,0,115.2,15.056560032092333,108.1,111.0,102.1,110.0,13.171939872319498,107.6,111.8,102.3,118.0,11.165422816295958,108.1,111.0,102.1,107.5,11.749704488009701,107.6,111.8,102.3,10444.83,0.9669051878354203,0.9693693693693693,114.81609293089835,112.48943287357608
2025-03-16,128,102,113.6,107.8,108.7,116.8,99.8,103.1,0,0,124.8,9.884331034521205,113.6,108.7,99.8,115.2,6.760177512462244,107.8,116.8,103.1,120.7,10.708771067577125,113.6,108.7,99.8,113.2,8.243515970479883,107.8,116.8,103.1,10289.38,0.9726027397260274,0.9917203311867525,121.51369841268637,110.11907823220396
2025-03-16,105,121,113.6,117.3,111.2,104.8,101.3,102.6,1,1,119.6,14.842506526863952,113.6,111.2,101.3,126.4,13.685759021698427,117.3,104.8,102.6,120.1,11.570556502509834,113.6,111.2,101.3,124.7,12.472636716695519,117.3,104.8,102.6,10393.38,1.083969465648855,1.0548561151079137,114.89586072417414,118.71576218996957
2025-01-23,110,93,112.4,103.9,107.8,115.9,99.8,103.7,1,0,119.4,10.922453936730532,112.4,107.8,99.8,116.0,12.103718436910185,103.9,115.9,103.7,114.5,12.057731498457256,112.4,107.8,99.8,111.6,14.245467115308427,103.9,115.9,103.7,10349.26,0.9698015530629853,0.9638218923933211,118.87424792960309,108.44355136172308
2025-03-17,116,95,115.0,110.8,110.9,110.3,99.7,98.5,0,0,115.6,19.191143790821855,115.0,110.9,99.7,103.4,14.467204291085404,110.8,110.3,98.5,122.2,17.203358845166154,115.0,110.9,99.7,104.9,13.584713631300568,110.8,110.3,98.5,9820.45,1.0426110607434271,0.999098286744815,114.1686091459064,109.28501315697912
2025-03-17,144,137,111.4,109.0,107.0,115.2,102.1,99.9,0,1,120.8,19.110206696945987,111.4,107.0,102.1,115.0,11.15795680221072,109.0,115.2,99.9,114.4,16.08449909419345,111.4,107.0,102.1,112.4,10.956479564369312,109.0,115.2,99.9,10199.79,0.967013888888889,1.0186915887850467,118.20721226354677,108.44388803237797
2025-03-17,130,132,113.6,114.1,108.7,111.9,99.8,101.9,1,0,127.2,8.584870412533848,113.6,108.7,99.8,114.0,6.745368781616005,114.1,111.9,101.9,122.1,10.650508595054612,113.6,108.7,99.8,114.9,11.873874215642038,114.1,111.9,101.9,10169.62,1.0151921358355673,1.0496780128794847,117.40361337214337,113.24015034399
2025-03-17,81,127,107.6,112.0,116.9,110.2,101.7,102.5,0,0,110.2,11.300442469213289,107.6,116.9,101.7,125.2,15.578831791889895,112.0,110.2,102.5,116.1,13.987693003335352,107.6,116.9,101.7,122.1,15.408871903333367,112.0,110.2,102.5,10424.25,0.9764065335753175,0.9580838323353293,113.33870116408774,119.93873994732166
2025-04-01,105,116,111.7,106.5,114.4,106.6,101.7,98.7,0,1,127.0,5.431390245600088,111.7,114.4,101.7,105.6,12.25969004502152,106.5,106.6,98.7,124.4,11.918239989379478,111.7,114.4,101.7,103.6,13.866025626208307,106.5,106.6,98.7,10037.79,1.0478424015009382,0.9309440559440559,114.17022301702353,109.80180586114952
2025-03-17,97,111,107.8,111.9,116.8,113.4,103.1,104.9,1,0,112.6,8.619744775803994,107.8,116.8,103.1,121.4,12.601587201618685,111.9,113.4,104.9,116.8,10.325803708294014,107.8,116.8,103.1,116.7,11.382735465021643,111.9,113.4,104.9,10815.19,0.9506172839506172,0.9580479452054795,117.38193244834997,123.02166522558174
2025-03-17,105,114,112.0,117.2,108.7,113.4,101.4,102.1,0,0,120.0,14.300349646075073,112.0,108.7,101.4,118.4,17.501428513124278,117.2,113.4,102.1,116.5,11.853269591129703,112.0,108.7,101.4,119.5,14.08900280360547,117.2,113.4,102.1,10352.94,0.9876543209876543,1.078196872125115,118.19666372282126,116.24520729391804
2025-03-17,129,89,113.7,107.6,116.7,111.8,99.2,102.3,1,1,116.0,10.606601717798242,113.7,116.7,99.2,112.2,9.654014708917748,107.6,111.8,102.3,115.6,10.437113266288478,113.7,116.7,99.2,106.0,11.352924243950943,107.6,111.8,102.3,10148.16,1.016994633273703,0.9220222793487575,117.32179312620964,113.40563881715111
2025-03-17,132,122,113.8,114.4,113.3,109.9,100.7,106.2,0,0,118.4,11.674759098157004,113.8,113.3,100.7,114.0,8.3066238629181,114.4,109.9,106.2,120.4,9.477458637325917,113.8,113.3,100.7,117.9,11.12005195831215,114.4,109.9,106.2,10694.34,1.0354868061874432,1.0097087378640777,120.58287226433293,119.35799360614149
2025-03-18,102,134,104.0,111.9,113.0,112.9,100.7,105.1,0,0,106.6,7.02139587261675,104.0,113.0,100.7,123.0,16.613247725836157,111.9,112.9,105.1,107.4,6.569288816573381,104.0,113.0,100.7,120.6,15.536337334705967,111.9,112.9,105.1,10583.57,0.9211691762621789,0.9902654867256637,113.40275670416219,118.03328297635832
2025-03-18,104,96,117.5,105.7,108.3,112.8,98.2,99.0,0,0,117.6,7.503332592921591,117.5,108.3,98.2,104.6,7.4027022093285595,105.7,112.8,99.0,116.8,5.652924513520115,117.5,108.3,98.2,104.2,5.6920997883028885,105.7,112.8,99.0,9721.800000000001,1.0416666666666667,0.9759926131117267,117.6796002312423,104.17962674999337
2025-03-17,112,97,108.1,103.9,111.0,115.9,102.1,103.7,1,0,114.6,15.469324484281795,108.1,111.0,102.1,111.0,15.700318468107568,103.9,115.9,103.7,116.0,11.556623882239652,108.1,111.0,102.1,108.5,14.61544084559588,103.9,115.9,103.7,10587.77,0.9327006039689386,0.9360360360360361,116.63490471783913,112.05137774018058
2025-03-20,89,118,113.4,113.6,112.2,111.2,99.7,101.3,1,0,114.0,12.589678312014186,113.4,112.2,99.7,114.8,14.82228052628883,113.6,111.2,101.3,116.4,11.027239001672072,113.4,112.2,99.7,111.3,11.972654026757862,113.6,111.2,101.3,10099.61,1.0197841726618706,1.0124777183600713,114.66250168908874,115.05760353930206
2025-03-18,132,119,112.4,119.1,107.8,109.8,99.8,102.0,0,0,115.4,9.659192512834618,112.4,107.8,99.8,125.0,10.977249200050057,119.1,109.8,102.0,115.6,10.936178491593829,112.4,107.8,99.8,124.0,9.843215373488507,119.1,109.8,102.0,10179.6,1.0236794171220402,1.1048237476808904,115.34413427150913,115.89712191870653
2025-03-19,135,131,114.1,112.1,111.9,113.3,101.9,101.6,0,0,116.8,6.01664358259651,114.1,111.9,101.9,110.2,14.923136399564234,112.1,113.3,101.6,122.0,8.326663997864605,114.1,111.9,101.9,109.9,12.582615873586194,112.1,113.3,101.6,10353.04,1.0070609002647837,1.001787310098302,119.54692610921542,114.91767627862274
2025-03-19,108,116,106.5,111.4,106.6,107.0,98.7,102.1,0,0,107.0,15.858751527153716,106.5,106.6,98.7,111.8,10.281050529979877,111.4,107.0,102.1,106.9,10.928555866780107,106.5,106.6,98.7,112.1,9.07315943992071,111.4,107.0,102.1,10077.27,0.9953271028037384,1.0450281425891184,108.11493122761867,108.75165055409471
2025-03-19,113,116,110.8,112.0,110.3,110.2,98.5,102.5,0,0,102.0,6.670832032063172,110.8,110.3,98.5,121.0,9.565563234854462,112.0,110.2,102.5,106.9,13.795732029226409,110.8,110.3,98.5,125.7,10.873515224311657,112.0,110.2,102.5,10096.25,1.0054446460980035,1.015412511332729,112.77368156086065,112.46252644067276
2025-03-19,115,119,113.6,107.6,108.7,116.9,99.8,101.7,0,0,128.6,8.29457654133103,113.6,108.7,99.8,116.6,7.231873892705816,107.6,116.9,101.7,122.4,10.844353369380713,113.6,108.7,99.8,114.8,8.612652191849932,107.6,116.9,101.7,10149.66,0.971770744225834,0.9898804047838086,120.9865479752815,109.31847108195353
2025-03-19,133,100,117.3,109.0,104.8,115.2,102.6,99.9,0,0,125.2,11.009087155618305,117.3,104.8,102.6,120.0,14.560219778561054,109.0,115.2,99.9,126.4,10.276186062932235,117.3,104.8,102.6,115.2,13.314987378472686,109.0,115.2,99.9,10249.74,1.0182291666666665,1.0400763358778626,122.17787206071594,108.72509986985101
2025-03-19,120,105,111.7,115.0,114.4,110.9,101.7,99.7,0,0,122.6,11.238327277669029,111.7,114.4,101.7,109.0,15.984367363145813,115.0,110.9,99.7,120.5,11.147994338793751,111.7,114.4,101.7,111.3,12.63197002318596,115.0,110.9,99.7,10139.49,1.0072137060414788,1.0052447552447552,115.25609886773874,116.55976821570839
2025-02-13,116,120,107.8,112.4,116.8,107.8,103.1,99.8,1,1,111.8,10.034938963441693,107.8,116.8,103.1,115.8,7.854934754662178,112.4,107.8,99.8,113.4,10.720696494786564,107.8,116.8,103.1,112.1,9.122012448528512,112.4,107.8,99.8,10289.38,1.0,0.9623287671232877,110.79295285871666,117.96247033628428
2025-03-20,117,114,112.0,107.6,108.7,111.8,101.4,102.3,0,0,115.4,14.774978849392628,112.0,108.7,101.4,107.0,13.856406460551026,107.6,111.8,102.3,115.6,12.393546707863743,112.0,108.7,101.4,104.3,12.561404733901762,107.6,111.8,102.3,10373.220000000001,1.001788908765653,0.9898804047838086,117.05214965920263,110.1288034334197
2025-03-19,120,108,113.4,117.2,112.2,113.4,99.7,102.1,0,0,110.6,16.861198059449997,113.4,112.2,99.7,118.8,17.340703561274537,117.2,113.4,102.1,113.3,13.888844444373273,113.4,112.2,99.7,119.7,13.984515246038008,117.2,113.4,102.1,10179.369999999999,1.0,1.0445632798573976,116.9792384911488,117.31347346077739
2025-03-19,127,121,113.7,111.9,116.7,113.4,99.2,104.9,0,0,118.6,12.095453691366878,113.7,116.7,99.2,115.2,5.630275304103686,111.9,113.4,104.9,117.4,11.087530533592002,113.7,116.7,99.2,117.8,10.042133460796007,111.9,113.4,104.9,10406.080000000002,1.0026455026455026,0.9588688946015425,120.12307418052758,117.89237260827657
2025-03-19,115,99,108.1,114.4,111.0,109.9,102.1,106.2,0,0,116.6,14.010710188994713,108.1,111.0,102.1,115.8,8.983317872590305,114.4,109.9,106.2,115.3,11.56671469730647,108.1,111.0,102.1,119.5,10.34139470499271,114.4,109.9,106.2,10843.02,0.9836214740673338,1.0306306306306308,117.67133878124187,119.46191219340129
2025-03-19,123,119,113.8,119.1,113.3,109.8,100.7,102.0,0,1,120.2,13.160547101089671,113.8,113.3,100.7,124.2,11.300442469213301,119.1,109.8,102.0,121.3,10.154911236550696,113.8,113.3,100.7,124.1,9.780365819106517,119.1,109.8,102.0,10271.4,1.0364298724954462,1.0511915269196823,118.4955764732589,119.48072712926239
2025-03-20,115,98,104.0,115.0,113.0,110.9,100.7,99.7,0,1,107.0,6.595452979136424,104.0,113.0,100.7,108.2,16.084153692376887,115.0,110.9,99.7,107.2,6.713171133426225,104.0,113.0,100.7,109.0,11.274356350191937,115.0,110.9,99.7,10039.79,0.9377817853922452,1.0176991150442478,109.43345810131756,113.9481151659042
2025-03-20,105,99,114.1,105.7,111.9,112.8,101.9,99.0,1,0,120.6,10.039920318408896,114.1,111.9,101.9,105.0,6.708203932499215,105.7,112.8,99.0,122.2,8.638415492567114,114.1,111.9,101.9,103.7,6.201254353399251,105.7,112.8,99.0,10088.1,1.0115248226950355,0.9445933869526363,115.94869285798349,109.55448468475126
2025-03-18,104,93,112.0,113.6,108.7,111.2,101.4,101.3,1,0,115.8,14.788509052639467,112.0,108.7,101.4,117.6,13.538833036861083,113.6,111.2,101.3,115.7,12.40116481984209,112.0,108.7,101.4,111.3,11.972654026757862,113.6,111.2,101.3,10271.82,1.0071942446043165,1.045078196872125,114.73360533380787,114.35636773165811
2025-03-20,116,128,113.8,111.9,113.3,113.4,100.7,104.9,1,1,123.2,11.256109452204155,113.8,113.3,100.7,117.0,5.7879184513951,111.9,113.4,104.9,120.4,9.477458637325917,113.8,113.3,100.7,117.7,10.000555540124033,111.9,113.4,104.9,10563.43,1.00352733686067,0.9876434245366285,122.05376764839767,117.0512415589865
2025-03-21,105,120,103.9,106.5,115.9,106.6,103.7,98.7,0,0,116.8,12.296340919151481,103.9,115.9,103.7,106.0,12.629330940315079,106.5,106.6,98.7,111.8,15.28107035227284,103.9,115.9,103.7,106.2,13.464356237447355,106.5,106.6,98.7,10235.19,0.9746716697936211,0.9188955996548749,107.14091965634088,112.93453424337243
2025-03-21,98,102,110.8,111.4,110.3,107.0,98.5,102.1,0,0,103.8,8.348652585896724,110.8,110.3,98.5,114.0,9.617692030835647,111.4,107.0,102.1,109.7,11.50893372800264,110.8,110.3,98.5,112.3,9.141480551128835,111.4,107.0,102.1,10056.849999999999,1.0355140186915888,1.0099728014505893,110.81639174108386,111.37959011274286
2025-03-21,134,93,113.6,107.6,108.7,116.9,99.8,101.7,0,0,126.4,10.358571330062803,113.6,108.7,99.8,118.8,5.4037024344425175,107.6,116.9,101.7,121.2,10.9422727681836,113.6,108.7,99.8,114.8,8.612652191849932,107.6,116.9,101.7,10149.66,0.971770744225834,0.9898804047838086,120.61849642346723,109.57532414740116
2025-03-21,141,106,117.3,104.0,104.8,113.0,102.6,100.7,0,1,126.2,11.541230437002804,117.3,104.8,102.6,109.6,21.03092960380023,104.0,113.0,100.7,127.2,10.464755664186058,117.3,104.8,102.6,101.4,18.379940756765727,104.0,113.0,100.7,10331.82,1.0380530973451327,0.9923664122137404,123.25016261751948,104.84241933661197
2025-03-21,128,120,111.7,109.0,114.4,115.2,101.7,99.9,0,0,120.8,10.663020210053048,111.7,114.4,101.7,119.0,15.953056133543832,109.0,115.2,99.9,122.2,9.330952077181964,111.7,114.4,101.7,114.0,14.149990184527345,109.0,115.2,99.9,10159.830000000002,0.9696180555555556,0.9527972027972027,117.33794662180753,114.34022485828349
2025-03-21,123,117,112.1,112.0,113.3,110.2,101.6,102.5,0,0,113.4,9.964938534682492,112.1,113.3,101.6,117.4,6.26897120746294,112.0,110.2,102.5,113.8,9.126274644612096,112.1,113.3,101.6,125.4,11.117553687750014,112.0,110.2,102.5,10414.0,1.0172413793103448,0.9885260370697264,116.5815073871436,116.6533512197522
2025-03-21,99,121,107.8,117.5,116.8,108.3,103.1,98.2,0,0,111.6,9.914635646356363,107.8,116.8,103.1,110.0,10.488088481701483,117.5,108.3,98.2,111.9,8.875058685251718,107.8,116.8,103.1,113.2,10.325803708294227,117.5,108.3,98.2,10124.42,0.9953831948291783,1.0059931506849316,109.26812185512372,119.47287738551292
2025-03-21,123,112,113.7,119.1,116.7,109.8,99.2,102.0,0,0,119.0,12.389511693363893,113.7,116.7,99.2,120.2,7.726577508832719,119.1,109.8,102.0,118.8,11.350966674448749,113.7,116.7,99.2,122.6,9.22797678559866,119.1,109.8,102.0,10118.4,1.0355191256830603,1.0205655526992288,116.11453665916221,120.99089549394117
2025-03-21,128,109,108.1,117.2,111.0,113.4,102.1,102.1,0,0,111.4,3.781534080237833,108.1,111.0,102.1,113.6,15.436968614336152,117.2,113.4,102.1,114.1,10.81614020290445,108.1,111.0,102.1,116.8,12.96833751017379,117.2,113.4,102.1,10424.409999999998,0.9532627865961198,1.055855855855856,115.56457215208553,117.9428601757637
2025-03-21,128,108,112.4,114.4,107.8,109.9,99.8,106.2,0,0,116.2,11.031772296417305,112.4,107.8,99.8,114.6,10.968135666557028,114.4,109.9,106.2,117.5,12.030054955079047,112.4,107.8,99.8,116.2,11.14350832448128,114.4,109.9,106.2,10598.76,1.0227479526842584,1.0612244897959184,118.72118902754326,114.78261688626534
2025-03-22,108,103,114.1,105.7,111.9,112.8,101.9,99.0,0,0,119.4,11.69615321377075,114.1,111.9,101.9,102.2,5.31036721894049,105.7,112.8,99.0,119.5,9.41924743396321,114.1,111.9,101.9,103.2,6.3735564814489285,105.7,112.8,99.0,10088.1,1.0115248226950355,0.9445933869526363,116.8891717456352,108.70409665140886
2025-03-22,124,115,111.9,112.0,112.9,108.7,105.1,101.4,0,0,119.4,12.759310326189247,111.9,112.9,105.1,118.8,2.863564212655441,112.0,108.7,101.4,118.6,14.112248423109486,111.9,112.9,105.1,119.5,9.095175766428309,112.0,108.7,101.4,10657.14,1.029438822447102,0.9920283436669619,117.17220150928945,118.7085887466221
2025-03-22,122,103,115.0,103.9,110.9,115.9,99.7,103.7,0,1,118.0,18.096961070853858,115.0,110.9,99.7,109.6,16.757088052522715,103.9,115.9,103.7,119.5,15.622277540600667,115.0,110.9,99.7,106.3,14.514743462348193,103.9,115.9,103.7,10338.890000000001,0.992234685073339,0.9368800721370604,122.69121655181063,108.19698356655947
2025-03-22,108,114,113.8,113.6,113.3,111.2,100.7,101.3,0,0,120.4,10.87658034494297,113.8,113.3,100.7,116.8,15.089731607951189,113.6,111.2,101.3,119.7,9.522488003551342,113.8,113.3,100.7,111.0,12.427567921538033,113.6,111.2,101.3,10200.91,1.0233812949640286,1.002647837599294,117.45408528136147,116.26088375677507
2025-03-22,115,146,113.4,111.9,112.2,113.4,99.7,104.9,0,0,113.0,17.24818831066035,113.4,112.2,99.7,119.8,7.19027120489901,111.9,113.4,104.9,112.9,13.601062050034448,113.4,112.2,99.7,118.6,10.521934760827262,111.9,113.4,104.9,10458.53,1.0,0.9973262032085561,119.38510720831755,116.0821035970351
2025-03-23,136,130,112.0,107.6,110.2,116.9,102.5,101.7,0,0,117.8,7.155417527999324,112.0,110.2,102.5,111.8,10.639548862616309,107.6,116.9,101.7,116.4,6.818276093624191,112.0,110.2,102.5,112.3,10.904127658827202,107.6,116.9,101.7,10424.25,0.9580838323353293,0.9764065335753175,120.14944635710856,111.98694603618422
2025-03-23,91,120,107.8,119.1,116.8,109.8,103.1,102.0,0,0,107.2,9.576011695899302,107.8,116.8,103.1,119.0,8.5732140997411,119.1,109.8,102.0,111.1,9.689054534771333,107.8,116.8,103.1,120.7,9.26222915333463,119.1,109.8,102.0,10516.199999999999,0.9817850637522769,1.0196917808219177,113.3092528944898,124.1700676042666
2025-03-23,132,119,111.9,109.0,112.9,115.2,105.1,99.9,1,0,119.4,12.759310326189247,111.9,112.9,105.1,118.4,15.820872289478872,109.0,115.2,99.9,120.2,13.677231688710526,111.9,112.9,105.1,113.3,13.597793938723957,109.0,115.2,99.9,10499.49,0.9713541666666667,0.9654561558901682,117.62568656501934,116.33535684607244
2025-03-23,122,105,110.8,104.0,110.3,113.0,98.5,100.7,0,0,101.6,8.080841540334774,110.8,110.3,98.5,112.4,18.92881401461806,104.0,113.0,100.7,106.4,9.227976785599141,110.8,110.3,98.5,103.1,17.885127278769193,104.0,113.0,100.7,9918.95,0.9805309734513274,0.942883046237534,112.71349395152896,106.57201565135126
2025-03-23,89,123,107.6,111.7,111.8,114.4,102.3,101.7,0,0,114.6,7.635443667528401,107.6,111.8,102.3,114.4,11.886967653695365,111.7,114.4,101.7,114.1,7.445356494710906,107.6,111.8,102.3,112.9,12.022663783223962,111.7,114.4,101.7,10403.91,0.9405594405594405,0.9991055456171736,115.48557632208686,115.4458441015802
2025-03-23,116,129,108.1,117.5,111.0,108.3,102.1,98.2,0,0,114.6,8.384509526501846,108.1,111.0,102.1,109.4,9.52890339965724,117.5,108.3,98.2,114.8,11.516172203567423,108.1,111.0,102.1,113.5,10.522462745109753,117.5,108.3,98.2,10026.22,0.9981532779316713,1.0585585585585586,109.5820141203335,114.94453945250778
2025-03-23,111,116,111.4,117.2,107.0,113.4,102.1,102.1,0,0,120.4,18.4607692147429,111.4,107.0,102.1,114.8,14.618481453283698,117.2,113.4,102.1,119.0,17.397317800933124,111.4,107.0,102.1,117.0,12.8149218578275,117.2,113.4,102.1,10424.409999999998,0.982363315696649,1.0953271028037384,118.09993048067481,115.22317511473997
2025-03-23,101,103,112.4,117.3,107.8,104.8,99.8,102.6,0,0,117.2,11.987493482792821,112.4,107.8,99.8,123.6,12.895735729302144,117.3,104.8,102.6,117.6,12.121606054204742,112.4,107.8,99.8,124.3,12.525973016097181,117.3,104.8,102.6,10239.48,1.0725190839694658,1.088126159554731,112.9525162892661,115.11662739511827
2025-03-24,119,103,114.1,113.6,111.9,108.7,101.9,99.8,0,0,115.6,11.69615321377075,114.1,111.9,101.9,115.6,6.730527468185533,113.6,108.7,99.8,118.8,10.031062866028819,114.1,111.9,101.9,117.1,11.337744239682161,113.6,108.7,99.8,10169.62,1.0496780128794847,1.0151921358355673,114.97681141043513,114.99743010316787
2025-03-24,118,106,106.5,113.4,106.6,112.2,98.7,99.7,0,0,112.2,7.854934754662215,106.5,106.6,98.7,112.8,11.031772296417277,113.4,112.2,99.7,106.5,10.793516572461476,106.5,106.6,98.7,117.7,10.842816362304974,113.4,112.2,99.7,9840.390000000001,0.9491978609625669,1.0637898686679175,110.00593231625778,108.55486643831438
2025-03-24,104,112,103.9,107.6,115.9,111.8,103.7,102.3,0,1,111.8,10.54514106117121,103.9,115.9,103.7,109.0,14.035668847618208,107.6,111.8,102.3,114.1,11.580155439371316,103.9,115.9,103.7,104.8,12.865112168617562,107.6,111.8,102.3,10608.51,0.9293381037567084,0.9283865401207937,114.16688272813649,115.83263357947834
2025-03-24,101,120,105.7,112.1,112.8,113.3,99.0,101.6,0,0,113.4,7.765307463326856,105.7,112.8,99.0,116.6,15.757537878742319,112.1,113.3,101.6,108.4,9.979979959899719,105.7,112.8,99.0,112.8,13.838753958037973,112.1,113.3,101.6,10058.4,0.9329214474845543,0.9937943262411347,111.61611386796429,113.85200403162195
2025-03-24,112,99,107.6,109.0,116.9,115.2,101.7,99.9,1,1,103.6,16.816658407662306,107.6,116.9,101.7,121.2,13.989281611290854,109.0,115.2,99.9,113.5,17.771700350088423,107.6,116.9,101.7,115.6,12.222020200350507,109.0,115.2,99.9,10159.830000000002,0.9340277777777777,0.932420872540633,112.4493645418491,115.6458245288348
2025-03-24,119,129,117.2,111.9,113.4,113.4,102.1,104.9,1,0,122.8,19.829271292712704,117.2,113.4,102.1,124.0,13.946325680981348,111.9,113.4,104.9,123.3,17.851548329984702,117.2,113.4,102.1,122.4,12.868566353716027,111.9,113.4,104.9,10710.29,1.033509700176367,0.9867724867724867,123.69736815491058,120.1349648172353
2025-03-24,108,106,113.7,113.6,116.7,111.2,99.2,101.3,0,0,124.0,4.000000000000078,113.7,116.7,99.2,113.2,12.477980605851299,113.6,111.2,101.3,117.6,10.002221975363579,113.7,116.7,99.2,111.2,12.46149625401724,113.6,111.2,101.3,10048.96,1.0224820143884892,0.9734361610968294,117.35521247335828,116.79667275550679
2025-03-24,95,113,113.8,117.5,113.3,108.3,100.7,98.2,0,1,116.6,11.304866208850052,113.8,113.3,100.7,113.0,13.038404810405272,117.5,108.3,98.2,118.2,10.108302418199573,113.8,113.3,100.7,114.6,11.568155523773969,117.5,108.3,98.2,9888.74,1.0507848568790397,1.0370697263901147,114.15047592278353,115.06945137196935
2025-03-25,104,111,104.0,106.5,113.0,106.6,100.7,98.7,0,1,109.8,6.379655163094596,104.0,113.0,100.7,107.8,14.078352176302444,106.5,106.6,98.7,108.3,7.024560089033704,104.0,113.0,100.7,108.3,13.848786549329411,106.5,106.6,98.7,9939.09,0.9756097560975611,0.9424778761061947,106.8270062915237,108.45527115316547
2025-03-25,122,96,112.0,111.7,110.2,114.4,102.5,101.7,0,0,121.2,10.917875251164942,112.0,110.2,102.5,118.4,10.35857133006284,111.7,114.4,101.7,118.5,9.168181692983282,112.0,110.2,102.5,113.6,12.420413304985756,111.7,114.4,101.7,10424.25,0.979020979020979,1.013611615245009,119.2438563770873,115.00380734656567
2025-03-25,112,86,110.8,112.0,110.3,108.7,98.5,101.4,0,0,105.6,12.218837915284746,110.8,110.3,98.5,117.6,2.9664793948384287,112.0,108.7,101.4,106.1,8.582281488948999,110.8,110.3,98.5,117.8,8.024961059095682,112.0,108.7,101.4,9987.900000000001,1.0193192272309106,1.015412511332729,111.19114917002405,111.65704071434655
2025-03-25,128,113,115.0,112.1,110.9,113.3,99.7,101.6,0,1,112.6,7.402702209328728,115.0,110.9,99.7,119.2,14.82228052628876,112.1,113.3,101.6,117.4,13.359973386533706,115.0,110.9,99.7,114.7,13.333749993489796,112.1,113.3,101.6,10129.52,1.0150044130626654,1.0108205590622181,119.77560839625309,112.48979784942284
2025-03-25,121,114,111.4,111.9,107.0,112.9,102.1,105.1,0,0,123.2,14.703741020570211,111.4,107.0,102.1,127.4,15.868207208125316,111.9,112.9,105.1,118.0,17.556258776351537,111.4,107.0,102.1,124.8,12.28187463070866,111.9,112.9,105.1,10730.71,0.9867139061116031,1.0457943925233646,121.13689020214505,115.78371847513102
2025-03-25,103,140,107.8,114.4,116.8,109.9,103.1,106.2,0,0,104.2,12.070625501605136,107.8,116.8,103.1,111.6,10.114346246792245,114.4,109.9,106.2,107.8,10.400854665736485,107.8,116.8,103.1,113.2,8.2972552355854,114.4,109.9,106.2,10949.22,0.9808917197452228,0.9794520547945206,116.98585951558765,123.86643350942089
2025-03-25,111,122,108.1,119.1,111.0,109.8,102.1,102.0,0,0,115.2,8.348652585896735,108.1,111.0,102.1,120.6,7.6354436675284045,119.1,109.8,102.0,115.2,11.477514248883768,108.1,111.0,102.1,121.7,8.485936077481595,119.1,109.8,102.0,10414.199999999999,0.9845173041894353,1.072972972972973,113.9276373579281,119.63419532023555
2025-03-25,105,121,113.8,117.3,113.3,104.8,100.7,102.6,1,0,114.8,14.166862743741106,113.8,113.3,100.7,115.0,7.38241153011669,117.3,104.8,102.6,116.6,12.384578223652973,113.8,113.3,100.7,124.5,12.122064363978565,117.3,104.8,102.6,10331.82,1.0858778625954197,1.0353045013239188,112.79208265170148,119.2642058703987
2025-03-26,114,119,109.0,103.9,115.2,115.9,99.9,103.7,0,0,112.8,12.617448236470024,109.0,115.2,99.9,109.6,16.757088052522715,103.9,115.9,103.7,109.3,10.274564062122858,109.0,115.2,99.9,107.6,13.434615323443035,103.9,115.9,103.7,10359.630000000001,0.9404659188955996,0.9019097222222222,116.83510495217745,111.8599625177847
2025-03-26,86,116,105.7,107.6,112.8,111.8,99.0,102.3,0,0,113.2,8.136338242723182,105.7,112.8,99.0,108.6,13.885243966167835,107.6,111.8,102.3,108.3,10.055954565441423,105.7,112.8,99.0,107.3,11.363195951061568,107.6,111.8,102.3,10127.699999999999,0.945438282647585,0.9539007092198581,111.4246008431416,110.8552013528782
2025-03-26,119,120,114.1,113.4,111.9,112.2,101.9,99.7,0,0,116.4,11.781341180018504,114.1,111.9,101.9,109.4,9.633275663033823,113.4,112.2,99.7,118.0,9.614803401237294,114.1,111.9,101.9,114.9,9.723396754449922,113.4,112.2,99.7,10159.43,1.016934046345811,1.0134048257372654,116.87429993457044,114.1325563804921
2025-03-26,113,126,115.0,112.4,110.9,107.8,99.7,99.8,1,0,115.6,10.139033484509273,115.0,110.9,99.7,119.4,1.5165750888102394,112.4,107.8,99.8,118.0,13.719410418171124,115.0,110.9,99.7,113.1,9.409805760186682,112.4,107.8,99.8,9950.06,1.0667903525046383,1.0135256988277728,112.98444706741712,113.15535287312086
2025-03-26,127,117,117.2,113.6,113.4,111.2,102.1,101.3,0,0,123.4,19.61631973638277,117.2,113.4,102.1,109.0,9.949874371066256,113.6,111.2,101.3,124.0,17.492855684535957,117.2,113.4,102.1,110.8,12.568037060557716,113.6,111.2,101.3,10342.73,1.0539568345323742,1.001763668430335,120.45156511638064,116.54199880073833
2025-03-26,102,132,113.7,117.5,116.7,108.3,99.2,98.2,0,0,121.8,8.228000972289722,113.7,116.7,99.2,116.2,9.654014708917702,117.5,108.3,98.2,117.9,9.62000231000212,113.7,116.7,99.2,114.7,11.54748649899381,117.5,108.3,98.2,9741.44,1.0498614958448753,1.0068551842330762,112.94103394213799,117.64435029244106
2025-03-27,124,116,119.1,111.7,109.8,114.4,102.0,101.7,0,0,117.2,13.084341787036909,119.1,109.8,102.0,116.4,13.75863365309215,111.7,114.4,101.7,124.2,15.583467022599502,119.1,109.8,102.0,112.1,13.617390841616253,111.7,114.4,101.7,10373.4,1.041083916083916,1.017304189435337,123.45641966290863,114.13077245470744
2025-03-27,92,101,106.5,112.1,106.6,113.3,98.7,101.6,0,0,112.8,8.228000972289706,106.5,106.6,98.7,115.2,12.716131487209426,112.1,113.3,101.6,107.7,11.382735465021893,106.5,106.6,98.7,114.4,13.334999895846364,112.1,113.3,101.6,10027.92,0.9399823477493381,1.051594746716698,111.91748763700438,109.22148234488226
2025-03-27,109,162,103.9,114.1,115.9,111.9,103.7,101.9,1,1,112.4,9.838699100999028,103.9,115.9,103.7,116.8,10.616025621672161,114.1,111.9,101.9,114.9,10.407796223131168,103.9,115.9,103.7,119.2,8.854377448471546,114.1,111.9,101.9,10567.03,0.9285075960679178,0.9844693701466781,112.72283658353301,120.45172939987215
2025-03-27,122,112,110.8,111.9,110.3,112.9,98.5,105.1,0,0,107.2,12.477980605851258,110.8,110.3,98.5,120.6,11.523888232710357,111.9,112.9,105.1,106.1,8.582281488948999,110.8,110.3,98.5,124.7,12.374256431083962,111.9,112.9,105.1,10352.349999999999,0.9813994685562444,1.0145058930190392,116.11226884064997,113.73711192046214
2025-03-27,119,117,111.9,113.4,113.4,112.2,104.9,99.7,0,1,119.2,3.7682887362833792,111.9,113.4,104.9,113.2,9.230384607371445,113.4,112.2,99.7,115.9,10.723287224022737,111.9,113.4,104.9,114.1,8.812238963825179,113.4,112.2,99.7,10458.53,0.9973262032085561,1.0,118.84078594934576,116.73588883424075
2025-03-27,125,104,117.3,114.4,104.8,109.9,102.6,106.2,0,0,127.0,12.569805089976532,117.3,104.8,102.6,115.2,16.146206984923747,114.4,109.9,106.2,127.3,10.604506379627422,117.3,104.8,102.6,115.3,11.832629087025278,114.4,109.9,106.2,10896.119999999999,1.067333939945405,1.0916030534351147,125.42734907169934,115.58327555979531
2025-03-27,110,121,107.8,111.4,116.8,107.0,103.1,102.1,0,0,101.2,9.338094023943015,107.8,116.8,103.1,111.4,10.94531863400968,111.4,107.0,102.1,106.9,10.386422761363619,107.8,116.8,103.1,110.6,9.335713982098829,111.4,107.0,102.1,10526.509999999998,1.0074766355140186,0.9537671232876713,111.25819804852812,119.03496735430933
2025-03-27,128,107,113.8,108.1,113.3,111.0,100.7,102.1,0,0,109.4,10.691117808723266,113.8,113.3,100.7,115.0,15.182226450688992,108.1,111.0,102.1,114.8,12.656135973423307,113.8,113.3,100.7,117.7,11.16592037307168,108.1,111.0,102.1,10281.47,1.0252252252252252,0.9541041482789056,116.82518417091983,113.27352245410674
2025-03-28,133,122,112.0,119.1,110.2,109.8,102.5,102.0,0,1,122.6,10.358571330062844,112.0,110.2,102.5,118.4,3.781534080237752,119.1,109.8,102.0,118.2,8.97898781724424,112.0,110.2,102.5,121.7,8.485936077481595,119.1,109.8,102.0,10455.0,1.0200364298724955,1.0807622504537204,118.74990595993191,118.20673046101102
2025-03-28,100,132,105.7,112.4,112.8,107.8,99.0,99.8,0,0,106.6,13.722244714331534,105.7,112.8,99.0,121.2,2.7748873851022813,112.4,107.8,99.8,107.2,11.867790208983493,105.7,112.8,99.0,114.6,10.200217862596975,112.4,107.8,99.8,9880.199999999999,0.9805194805194806,0.9964539007092199,106.61680528853663,113.53844739554978
2025-03-28,108,97,107.6,104.0,111.8,113.0,102.3,100.7,0,0,112.2,12.98845641329252,107.6,111.8,102.3,114.2,17.340703561274584,104.0,113.0,100.7,111.5,10.855106325289197,107.6,111.8,102.3,105.0,16.845705024657605,104.0,113.0,100.7,10301.61,0.9522123893805309,0.9302325581395349,113.39482436776984,110.54525498928984
2025-03-28,107,116,113.6,115.0,111.2,110.9,101.3,99.7,0,0,113.2,12.111977542911752,113.6,111.2,101.3,108.8,15.51450933803583,115.0,110.9,99.7,117.1,11.159948227677424,113.6,111.2,101.3,108.3,11.757267256183958,115.0,110.9,99.7,10099.61,1.024346257889991,1.0341726618705036,115.23251784909787,114.20657205178614
2025-03-28,124,109,113.6,113.7,108.7,116.7,99.8,99.2,0,0,125.0,8.124038404635906,113.6,108.7,99.8,116.8,17.68332547910602,113.7,116.7,99.2,123.2,11.301917241483055,113.6,108.7,99.8,118.2,16.253546621515433,113.7,116.7,99.2,9900.16,0.9734361610968294,1.045998160073597,118.57204581836565,111.15620402956547
2025-03-28,95,111,107.6,112.0,116.9,108.7,101.7,101.4,0,0,104.2,17.108477430794338,107.6,116.9,101.7,111.0,14.26534261768714,112.0,108.7,101.4,111.1,15.919589609450728,107.6,116.9,101.7,113.9,12.413702106946225,112.0,108.7,101.4,10312.380000000001,0.9898804047838086,0.9580838323353293,110.58575085815474,117.70338793287387
2025-03-28,129,93,117.2,107.8,113.4,116.8,102.1,103.1,0,1,119.0,14.14213562373096,117.2,113.4,102.1,111.2,7.596051605933192,107.8,116.8,103.1,122.1,15.786421732334176,117.2,113.4,102.1,113.1,8.385834616913424,107.8,116.8,103.1,10526.509999999998,1.0034246575342467,0.9506172839506172,126.12296155140255,113.73867591867179
2025-03-29,121,91,106.5,113.8,106.6,113.3,98.7,100.7,0,0,110.8,11.903780911962398,106.5,106.6,98.7,110.4,6.985699678629131,113.8,113.3,100.7,106.7,12.33828729335372,106.5,106.6,98.7,116.4,9.605553948974848,113.8,113.3,100.7,9939.09,0.9399823477493381,1.0675422138836774,110.8480556180769,109.04894252780358
2025-03-29,112,115,103.9,105.7,115.9,112.8,103.7,99.0,0,1,112.8,9.602083107326195,103.9,115.9,103.7,102.4,5.319774431307945,105.7,112.8,99.0,113.4,10.024414640710443,103.9,115.9,103.7,102.5,5.91138261698916,105.7,112.8,99.0,10266.300000000001,0.921099290780142,0.911993097497843,111.38178847327303,111.39416146458372
2025-03-29,95,118,109.0,110.8,115.2,110.3,99.9,98.5,0,0,113.6,12.521980673998844,109.0,115.2,99.9,98.4,11.260550608207396,110.8,110.3,98.5,108.9,9.971626413646531,109.0,115.2,99.9,102.0,12.064640713902564,110.8,110.3,98.5,9840.150000000001,0.9882139619220308,0.9618055555555555,110.2450826638288,111.617289619514
2025-03-29,119,120,111.9,112.1,113.4,113.3,104.9,101.6,0,0,119.6,3.577708763999689,111.9,113.4,104.9,112.2,14.16686274374108,112.1,113.3,101.6,114.5,9.021579068482922,111.9,113.4,104.9,111.8,13.13857763314671,112.1,113.3,101.6,10657.84,0.9876434245366285,0.9885361552028218,120.11610098328501,118.49215269943576
2025-03-29,127,134,114.4,113.4,109.9,112.2,106.2,99.7,0,0,118.8,9.038805230781339,114.4,109.9,106.2,115.0,8.83176086632783,113.4,112.2,99.7,122.8,12.882373832316441,114.4,109.9,106.2,113.6,8.448537019968668,113.4,112.2,99.7,10588.140000000001,1.0196078431372548,1.0318471337579618,119.49664815260977,116.50057500256094
2025-03-29,132,111,117.3,114.1,104.8,111.9,102.6,101.9,0,0,130.6,6.5421708935184455,117.3,104.8,102.6,125.6,22.9412292608744,114.1,111.9,101.9,127.7,10.414199707877648,117.3,104.8,102.6,123.5,16.167525750370455,114.1,111.9,101.9,10454.94,1.0482573726541555,1.088740458015267,123.21937958896623,113.32972500827249
2025-03-29,111,121,111.7,117.5,114.4,108.3,101.7,98.2,0,0,121.2,10.94074951728627,111.7,114.4,101.7,122.0,8.366600265340715,117.5,108.3,98.2,123.0,9.463379711052246,111.7,114.4,101.7,114.8,11.707547423208096,117.5,108.3,98.2,9986.94,1.0313942751615883,1.027097902097902,112.36312902148134,118.4136361429031
2025-03-30,127,122,119.1,112.4,109.8,107.8,102.0,99.8,0,0,116.2,12.111977542911818,119.1,109.8,102.0,123.6,5.412947441089724,112.4,107.8,99.8,122.9,14.925369900497214,119.1,109.8,102.0,118.1,9.46866176159828,112.4,107.8,99.8,10179.6,1.1048237476808904,1.0236794171220402,117.82087373950614,113.89151743684332
2025-03-30,110,93,115.0,108.1,110.9,111.0,99.7,102.1,0,0,116.2,9.808159868191394,115.0,110.9,99.7,110.6,13.164345787011236,108.1,111.0,102.1,118.1,13.674388062684526,115.0,110.9,99.7,116.7,11.671903586533462,108.1,111.0,102.1,10179.369999999999,1.0360360360360361,0.974752028854824,117.87092746280119,110.45311584746639
2025-03-30,124,145,113.6,111.9,111.2,112.9,101.3,105.1,0,0,112.8,12.316655390161674,113.6,111.2,101.3,121.2,10.8258948821795,111.9,112.9,105.1,116.7,11.470251377657895,113.6,111.2,101.3,123.2,12.959766801742854,111.9,112.9,105.1,10646.63,1.0062001771479183,1.006294964028777,120.92190515771796,117.19151995903968
2025-03-30,123,104,113.6,112.0,108.7,110.2,99.8,102.5,0,0,126.2,7.224956747275315,113.6,108.7,99.8,117.8,6.140032573203447,112.0,110.2,102.5,125.5,8.195527235429386,113.6,108.7,99.8,123.9,11.140017953307055,112.0,110.2,102.5,10229.5,1.0308529945553537,1.030358785648574,118.10626314315354,112.15667063943265
2025-03-30,98,94,107.6,104.0,116.9,113.0,101.7,100.7,0,0,103.8,17.340703561274534,107.6,116.9,101.7,112.6,18.71630305375506,104.0,113.0,100.7,109.0,16.573070526207978,107.6,116.9,101.7,103.2,16.618597346881412,104.0,113.0,100.7,10241.19,0.9522123893805309,0.8896492728828058,111.98019299864457,112.92343228330218
2025-03-30,106,148,111.7,112.0,114.4,108.7,101.7,101.4,1,0,116.6,8.84872872225156,111.7,114.4,101.7,109.4,13.5757136092362,112.0,108.7,101.4,123.1,9.314862675674098,111.7,114.4,101.7,114.3,12.229745159514481,112.0,108.7,101.4,10312.380000000001,1.0275988960441582,0.979020979020979,113.89107760334545,116.51804697291803
2025-03-30,109,127,109.0,107.6,115.2,111.8,99.9,102.3,1,0,107.4,12.521980673998844,109.0,115.2,99.9,106.6,11.216059914247973,107.6,111.8,102.3,108.3,10.656766238717376,109.0,115.2,99.9,108.3,11.671903586533467,107.6,111.8,102.3,10219.77,0.9749552772808587,0.9340277777777777,112.12602629809841,113.36222931729398
2025-03-30,109,148,113.7,111.4,116.7,107.0,99.2,102.1,0,0,117.8,12.070625501605152,113.7,116.7,99.2,110.0,8.455767262643855,111.4,107.0,102.1,116.9,10.754327294422335,113.7,116.7,99.2,110.9,9.64307465951026,111.4,107.0,102.1,10128.32,1.0626168224299066,0.9545844044558698,114.42325262685006,115.57635768851961
2025-03-31,110,106,104.0,107.8,113.0,116.8,100.7,103.1,1,0,108.6,6.877499545619726,104.0,113.0,100.7,108.0,11.247221879202003,107.8,116.8,103.1,107.3,6.83211371229858,104.0,113.0,100.7,112.1,10.137389539061223,107.8,116.8,103.1,10382.17,0.8904109589041096,0.9539823008849557,112.31731358842258,113.39817926557163
2025-03-31,111,109,114.1,113.8,111.9,113.3,101.9,100.7,0,0,117.2,11.798304963002092,114.1,111.9,101.9,104.2,7.823042886243125,113.8,113.3,100.7,117.0,8.831760866327814,114.1,111.9,101.9,112.6,11.413442367080412,113.8,113.3,100.7,10261.330000000002,1.0070609002647837,1.0169794459338695,118.40859702658156,114.50951926585778
2025-03-31,87,96,106.5,112.4,106.6,107.8,98.7,99.8,0,1,112.4,12.778888840583924,106.5,106.6,98.7,124.2,4.9193495504995175,112.4,107.8,99.8,108.4,13.07414751841717,106.5,106.6,98.7,118.1,9.46866176159828,112.4,107.8,99.8,9850.26,0.9879406307977737,1.054409005628518,109.05753287600955,108.43956754743671
2025-03-31,94,120,103.9,110.8,115.9,110.3,103.7,98.5,0,0,111.0,8.455767262643826,103.9,115.9,103.7,99.4,12.973048986263791,110.8,110.3,98.5,113.5,10.00277739208249,103.9,115.9,103.7,103.0,12.9957257930786,110.8,110.3,98.5,10214.45,0.9419764279238442,0.9559965487489214,108.28770786194306,114.59236829560172
2025-03-31,103,117,114.4,117.5,109.9,108.3,106.2,98.2,0,0,123.6,2.7018512172212787,114.4,109.9,106.2,123.2,7.49666592559648,117.5,108.3,98.2,124.3,12.347289401141909,114.4,109.9,106.2,116.6,11.05742586078088,117.5,108.3,98.2,10428.84,1.056325023084026,1.0691537761601455,116.48193509385814,118.29587010532154
2025-03-31,145,117,117.3,111.9,104.8,113.4,102.6,104.9,0,0,131.6,6.22896460095897,117.3,104.8,102.6,127.0,12.825755338380654,111.9,113.4,104.9,127.2,10.03106286602897,117.3,104.8,102.6,124.2,12.345039489608421,111.9,113.4,104.9,10762.74,1.0343915343915344,1.0677480916030535,126.99120156862185,114.51403869298099
2025-03-31,109,113,112.1,105.7,113.3,112.8,101.6,99.0,0,0,114.6,10.830512453249849,112.1,113.3,101.6,104.6,7.829431652425218,105.7,112.8,99.0,113.3,8.367264254887116,112.1,113.3,101.6,103.5,7.106335201775774,105.7,112.8,99.0,10058.4,0.9937943262411347,0.9329214474845543,114.86673997609239,109.62804386996443
2025-03-31,104,98,113.4,111.4,112.2,107.0,99.7,102.1,0,1,108.8,12.008330441822473,113.4,112.2,99.7,119.2,17.626684316683033,111.4,107.0,102.1,111.2,11.905180945005922,113.4,112.2,99.7,116.0,13.984117975602027,111.4,107.0,102.1,10179.369999999999,1.0598130841121496,0.9928698752228164,114.86635469402846,113.20925160400098
2025-04-01,113,127,111.9,108.1,112.9,111.0,105.1,102.1,0,0,121.8,13.971399357258377,111.9,112.9,105.1,105.4,14.117365193264657,108.1,111.0,102.1,119.1,11.976365614548262,111.9,112.9,105.1,113.9,13.706851490323261,108.1,111.0,102.1,10730.71,1.0081081081081082,0.9574844995571301,119.35021153851572,115.66005217715457
2025-04-01,105,91,115.0,109.0,110.9,115.2,99.7,99.9,0,0,117.8,7.22495674727539,115.0,110.9,99.7,115.0,15.85875152715372,109.0,115.2,99.9,116.7,13.719815353470805,115.0,110.9,99.7,115.0,12.927146286443469,109.0,115.2,99.9,9960.03,0.9982638888888888,0.9828674481514877,118.61860209088753,110.22092751972524
2025-04-01,137,118,111.9,107.6,113.4,111.8,104.9,102.3,1,0,118.4,1.949358868961837,111.9,113.4,104.9,111.6,13.903237033151678,107.6,111.8,102.3,115.3,9.03142661303667,111.9,113.4,104.9,111.9,11.28863735502792,107.6,111.8,102.3,10731.27,1.0008944543828266,0.9488536155202821,118.92867864021662,116.97293441694154
2025-04-01,125,134,114.4,112.0,109.9,108.7,106.2,101.4,1,0,120.2,9.782637681116485,114.4,109.9,106.2,116.2,22.219360926903388,112.0,108.7,101.4,119.5,9.902300518341757,114.4,109.9,106.2,118.6,15.671630419327862,112.0,108.7,101.4,10768.68,1.0524379024839006,1.019108280254777,118.41666606168985,117.86910151695903
2025-04-01,133,123,113.6,113.7,111.2,116.7,101.3,99.2,0,0,117.6,10.644247272588084,113.6,111.2,101.3,110.4,11.41490254010082,113.7,116.7,99.2,117.5,11.692827811193412,113.6,111.2,101.3,118.0,16.36391694484471,113.7,116.7,99.2,10048.96,0.9734361610968294,1.0224820143884892,118.19889732482639,113.16031426846563
2025-04-01,139,140,117.2,113.6,113.4,108.7,102.1,99.8,0,0,125.8,4.816637831516948,117.2,113.4,102.1,113.0,8.746427842267948,113.6,108.7,99.8,121.8,15.604842553230478,117.2,113.4,102.1,113.6,9.406853293683815,113.6,108.7,99.8,10189.58,1.078196872125115,1.001763668430335,118.68244917348323,115.87743673948879
2025-04-02,124,105,119.1,115.0,109.8,110.9,102.0,99.7,0,1,115.0,10.173494974687912,119.1,109.8,102.0,105.4,9.633275663033885,115.0,110.9,99.7,121.2,13.113182510571447,119.1,109.8,102.0,109.4,11.927559124425615,115.0,110.9,99.7,10169.4,1.0739404869251576,1.0473588342440803,120.91711685708734,112.39402417822093
2025-04-02,119,105,114.1,104.0,111.9,113.0,101.9,100.7,0,0,112.4,6.3874877690685095,114.1,111.9,101.9,109.4,20.549939172659393,104.0,113.0,100.7,116.5,9.033886821911727,114.1,111.9,101.9,103.8,16.109348562592697,104.0,113.0,100.7,10261.330000000002,1.0097345132743363,0.9294012511170687,118.04181091009627,109.76492602395
2025-04-02,116,111,103.9,113.8,115.9,113.3,103.7,100.7,0,0,104.8,6.833739825307886,103.9,115.9,103.7,104.0,7.6485292703891234,113.8,113.3,100.7,110.8,11.311744142949674,103.9,115.9,103.7,111.6,11.226951698677778,113.8,113.3,100.7,10442.59,0.9170344218887909,0.9818809318377911,111.24721978962395,118.43137614219523
2025-04-02,103,124,117.5,110.8,108.3,110.3,98.2,98.5,0,0,112.8,6.833739825307912,117.5,108.3,98.2,106.2,13.103434664239751,110.8,110.3,98.5,115.2,6.795423296438498,117.5,108.3,98.2,106.4,12.491775071799966,110.8,110.3,98.5,9672.7,1.0652765185856754,1.023084025854109,115.45903600708235,106.86331979219499
2025-04-02,143,105,111.4,107.8,107.0,116.8,102.1,103.1,0,0,125.2,13.236313686219406,111.4,107.0,102.1,104.8,8.105553651663792,107.8,116.8,103.1,120.1,16.380544014843338,111.4,107.0,102.1,110.0,8.793937305515339,107.8,116.8,103.1,10526.509999999998,0.9537671232876713,1.0074766355140186,121.36544256123145,109.86591665118074
2025-04-02,119,103,117.3,112.0,104.8,110.2,102.6,102.5,0,0,135.2,7.886697661252141,117.3,104.8,102.6,116.6,8.264381404557714,112.0,110.2,102.5,130.2,10.454132622503572,117.3,104.8,102.6,121.5,12.642520845675369,112.0,110.2,102.5,10516.5,1.0644283121597096,1.0687022900763359,123.27728334795079,111.67771037813388
2025-04-02,120,118,112.1,111.9,113.3,112.9,101.6,105.1,0,1,116.8,7.0851958335673455,112.1,113.3,101.6,123.8,14.872793954062576,111.9,112.9,105.1,113.1,8.451824260674957,112.1,113.3,101.6,124.5,14.500957822770824,111.9,112.9,105.1,10678.159999999998,0.9929140832595216,0.9876434245366285,122.1493196484493,118.17465156664522
2025-04-02,106,113,117.2,111.7,113.4,114.4,102.1,101.7,1,1,127.4,7.5365774725667265,117.2,113.4,102.1,113.6,11.54556191789728,111.7,114.4,101.7,122.8,16.41679356972953,117.2,113.4,102.1,110.6,12.03882607787547,111.7,114.4,101.7,10383.57,1.0244755244755244,0.9850088183421517,123.80508239829337,115.8621937710538
2025-04-02,114,98,112.4,107.6,107.8,116.9,99.8,101.7,0,0,116.4,13.088162590677133,112.4,107.8,99.8,114.8,13.498148021117563,107.6,116.9,101.7,118.0,11.411495179082449,112.4,107.8,99.8,115.2,11.40954765877146,107.6,116.9,101.7,10149.66,0.9615055603079555,0.9981447124304267,118.49047206283723,108.50464683380766
2025-04-03,97,109,103.9,106.5,115.9,106.6,103.7,98.7,1,0,107.0,8.485281374238514,103.9,115.9,103.7,113.2,4.764451699828615,106.5,106.6,98.7,109.4,9.371351141763007,103.9,115.9,103.7,109.5,13.468069233891212,106.5,106.6,98.7,10235.19,0.9746716697936211,0.9188955996548749,105.00613152253547,114.25088941068373
2025-04-03,90,105,105.7,113.6,112.8,108.7,99.0,99.8,0,0,104.4,13.722244714331534,105.7,112.8,99.0,117.8,15.08973160795115,113.6,108.7,99.8,107.2,11.867790208983491,105.7,112.8,99.0,116.9,12.206100478403844,113.6,108.7,99.8,9880.199999999999,0.9724011039558418,1.0070921985815602,106.83696031016338,113.77120525433168
2025-04-03,108,110,110.8,114.4,110.3,109.9,98.5,106.2,1,0,113.4,9.838699100999078,110.8,110.3,98.5,114.6,16.57709262808169,114.4,109.9,106.2,107.7,9.944847912361515,110.8,110.3,98.5,114.3,12.365273955719916,114.4,109.9,106.2,10460.7,1.008189262966333,1.0371713508612874,115.06245978290292,115.74978741372034
2025-04-03,113,126,109.0,113.6,115.2,111.2,99.9,101.3,0,0,108.8,12.153188881935494,109.0,115.2,99.9,109.6,10.406728592598212,113.6,111.2,101.3,108.9,10.492854711659733,109.0,115.2,99.9,112.2,12.380989010934705,113.6,111.2,101.3,10119.87,0.9802158273381295,0.986111111111111,112.40175997087796,115.98825078564462
2025-04-03,103,112,107.6,108.1,111.8,111.0,102.3,102.1,0,0,110.2,12.637246535539282,107.6,111.8,102.3,107.2,16.49848477891229,108.1,111.0,102.1,111.6,10.813571719526049,107.6,111.8,102.3,115.2,14.320148975016496,108.1,111.0,102.1,10444.83,0.9693693693693693,0.9669051878354203,113.56826388625399,112.82835971939558
2025-04-03,116,123,113.4,112.0,112.2,108.7,99.7,101.4,0,0,107.0,11.89537725337033,113.4,112.2,99.7,118.8,23.63683565962248,112.0,108.7,101.4,110.9,12.059574342958053,113.4,112.2,99.7,118.8,15.873107936241032,112.0,108.7,101.4,10109.580000000002,1.0432382704691812,0.9982174688057041,113.78428263092214,113.98280096783607
2025-04-04,102,125,104.0,113.8,113.0,113.3,100.7,100.7,0,0,107.2,5.26307894677626,104.0,113.0,100.7,104.2,7.85493475466214,113.8,113.3,100.7,108.1,6.607235091591359,104.0,113.0,100.7,109.4,8.355969256897822,113.8,113.3,100.7,10140.49,0.9179170344218888,1.0070796460176992,110.06587199120429,114.37204356181412
2025-04-04,140,112,114.1,107.8,111.9,116.8,101.9,103.1,0,0,115.2,5.310367218940682,114.1,111.9,101.9,104.2,7.918333157931676,107.8,116.8,103.1,117.3,8.844960900610747,114.1,111.9,101.9,109.5,8.934950102453529,107.8,116.8,103.1,10505.89,0.9768835616438356,0.9633601429848078,122.3908137103307,112.8435891138
2025-04-04,123,103,117.5,113.7,108.3,116.7,98.2,99.2,0,0,108.8,4.969909455915611,117.5,108.3,98.2,110.0,10.79351657246146,113.7,116.7,99.2,113.9,7.795297727904182,117.5,108.3,98.2,119.4,16.105209647122734,113.7,116.7,99.2,9741.44,1.0068551842330762,1.0498614958448753,118.96471449730976,108.98673426229996
2025-04-04,105,117,107.6,112.0,111.8,110.2,102.3,102.5,1,0,107.4,12.300406497347948,107.6,111.8,102.3,113.4,10.014988766843393,112.0,110.2,102.5,111.1,11.11005550541191,107.6,111.8,102.3,119.3,13.824696098729424,112.0,110.2,102.5,10485.75,0.9764065335753175,1.001788908765653,112.08434547129728,116.49153830045987
2025-04-04,118,113,111.9,108.1,113.4,111.0,104.9,102.1,0,1,122.4,8.354639429682177,111.9,113.4,104.9,111.8,12.988456413292553,108.1,111.0,102.1,119.8,7.1460945044595725,111.9,113.4,104.9,113.5,13.484559070779161,108.1,111.0,102.1,10710.29,1.0081081081081082,0.9532627865961198,120.90923073511502,115.60531853075454
2025-04-04,125,111,111.4,117.3,107.0,104.8,102.1,102.6,0,0,127.2,15.303594349040983,111.4,107.0,102.1,115.2,7.563068160475605,117.3,104.8,102.6,122.6,17.864925288272342,111.4,107.0,102.1,123.6,12.001851708983892,117.3,104.8,102.6,10475.46,1.0629770992366414,1.0962616822429907,114.79360561541792,115.54735091886656
2025-04-04,113,114,111.7,119.1,114.4,109.8,101.7,102.0,0,0,114.0,9.823441352194235,111.7,114.4,101.7,119.0,4.12310562561761,119.1,109.8,102.0,120.5,10.1461541701496,111.7,114.4,101.7,121.6,8.474799243770608,119.1,109.8,102.0,10373.4,1.017304189435337,1.041083916083916,115.85927918845812,121.44179541146558
2025-04-04,118,104,112.0,117.2,108.7,113.4,101.4,102.1,1,0,110.6,13.011533345459306,112.0,108.7,101.4,117.4,13.069047402163612,117.2,113.4,102.1,115.6,12.500666648889847,112.0,108.7,101.4,116.4,12.69470580815319,117.2,113.4,102.1,10352.94,0.9876543209876543,1.078196872125115,116.06407718215455,116.73413557134809
2025-04-04,124,108,113.4,107.6,112.2,116.9,99.7,101.7,1,0,108.8,12.557866060760494,113.4,112.2,99.7,111.0,15.280706789936126,107.6,116.9,101.7,111.4,12.167351578895184,113.4,112.2,99.7,114.7,12.092697520955902,107.6,116.9,101.7,10139.49,0.9700598802395209,0.9590017825311942,117.12424310460645,111.3883778046923
2025-04-04,114,91,112.4,112.1,107.8,113.3,99.8,101.6,0,0,117.0,12.845232578665142,112.4,107.8,99.8,117.0,11.022703842524257,112.1,113.3,101.6,118.2,11.311744142949633,112.4,107.8,99.8,113.6,12.877197762798499,112.1,113.3,101.6,10139.679999999998,0.9920564872021184,1.0398886827458256,116.84927941473474,111.17814922311781
2025-04-05,105,121,111.9,115.0,112.9,110.9,105.1,99.7,0,0,118.0,13.057564857200573,111.9,112.9,105.1,103.6,8.38450952650189,115.0,110.9,99.7,120.6,9.777525249264288,111.9,112.9,105.1,108.5,11.881357947081167,115.0,110.9,99.7,10478.47,1.0090171325518484,1.0186005314437554,116.2760725535564,117.43247817172843
2025-04-05,103,109,112.0,114.4,110.2,109.9,102.5,106.2,1,0,124.6,11.37101578575986,112.0,110.2,102.5,112.2,16.099689437998496,114.4,109.9,106.2,120.3,9.787179823058695,112.0,110.2,102.5,114.0,12.436505404118627,114.4,109.9,106.2,10885.5,1.019108280254777,1.0381125226860255,120.42893307016213,119.57036541326117
2025-04-05,109,114,109.0,113.6,115.2,108.7,99.9,99.8,0,0,106.2,8.34865258589675,109.0,115.2,99.9,113.8,15.352524222420232,113.6,108.7,99.8,109.8,10.411532067856292,109.0,115.2,99.9,115.9,12.775410408715354,113.6,108.7,99.8,9970.02,1.0027598896044159,0.986111111111111,109.87895553683951,115.50392676807132
2025-04-05,115,121,110.8,113.6,110.3,111.2,98.5,101.3,0,0,112.4,10.139033484509264,110.8,110.3,98.5,111.2,12.437845472588938,113.6,111.2,101.3,108.1,9.85956951956384,110.8,110.3,98.5,114.4,12.712198865656466,113.6,111.2,101.3,9978.05,0.9964028776978416,1.029918404351768,113.33961987810709,111.83073551830334
2025-04-05,135,104,112.4,112.1,107.8,113.3,99.8,101.6,1,1,117.8,12.417729261020323,112.4,107.8,99.8,109.0,12.708265027138795,112.1,113.3,101.6,116.6,10.564090116995384,112.4,107.8,99.8,112.8,14.077562920398485,112.1,113.3,101.6,10139.679999999998,0.9920564872021184,1.0398886827458256,117.11043114363126,109.86862385546736
2025-04-06,117,131,104.0,111.9,113.0,113.4,100.7,104.9,0,0,106.6,5.7271284253104975,104.0,113.0,100.7,128.2,11.122050170719417,111.9,113.4,104.9,106.6,6.040603354706316,104.0,113.0,100.7,121.7,10.770845422301058,111.9,113.4,104.9,10563.43,0.9171075837742504,0.9902654867256637,113.5053117066295,118.47137076338551
2025-04-06,109,120,105.7,107.6,112.8,111.8,99.0,102.3,0,0,99.8,13.971399357258376,105.7,112.8,99.0,117.4,5.813776741499479,107.6,111.8,102.3,106.5,12.712635883683255,105.7,112.8,99.0,112.2,11.419281938896084,107.6,111.8,102.3,10127.699999999999,0.945438282647585,0.9539007092198581,109.64271540236504,111.78373630462936
2025-04-06,99,126,117.3,113.4,104.8,112.2,102.6,99.7,0,0,132.4,10.807404868885039,117.3,104.8,102.6,120.6,10.430723848324226,113.4,112.2,99.7,129.3,11.035800328426253,117.3,104.8,102.6,115.1,10.577229210799041,113.4,112.2,99.7,10229.22,1.0454545454545454,1.0820610687022902,121.26748961036924,110.94645943911736
2025-04-06,147,134,111.9,107.8,112.9,116.8,105.1,103.1,1,0,114.4,13.794926603646683,111.9,112.9,105.1,103.6,6.94982014155764,107.8,116.8,103.1,119.2,10.962562555250411,111.9,112.9,105.1,109.4,8.896940797575118,107.8,116.8,103.1,10835.81,0.9580479452054795,0.9548272807794508,121.1929232471285,116.76104371519992
2025-04-06,124,90,117.5,103.9,108.3,115.9,98.2,103.7,0,0,111.2,8.16700679563813,117.5,108.3,98.2,107.6,14.27585373979432,103.9,115.9,103.7,114.4,8.235424835563956,117.5,108.3,98.2,108.2,13.830722645215985,103.9,115.9,103.7,10183.34,1.0138050043140638,0.9593721144967683,121.758228243624,105.86327895328083
2025-04-06,113,120,119.1,113.8,109.8,113.3,102.0,100.7,0,0,117.4,10.691117808723286,119.1,109.8,102.0,108.4,12.15730233234327,113.8,113.3,100.7,123.1,11.817595168034702,119.1,109.8,102.0,110.1,9.38616002420582,113.8,113.3,100.7,10271.4,1.0511915269196823,1.0364298724954462,122.05752044267618,113.69221629576005
2025-04-06,120,109,108.1,111.7,111.0,114.4,102.1,101.7,0,0,116.4,6.804410334481617,108.1,111.0,102.1,114.4,11.282730166054664,111.7,114.4,101.7,115.5,11.306340404097599,108.1,111.0,102.1,111.6,11.749231653365483,111.7,114.4,101.7,10383.57,0.9449300699300698,1.0063063063063062,116.0293023305247,114.7860209598809
2025-04-06,112,98,115.0,113.7,110.9,116.7,99.7,99.2,1,0,115.6,9.28977932999489,115.0,110.9,99.7,107.0,10.074720839804952,113.7,116.7,99.2,116.8,13.620246367489504,115.0,110.9,99.7,117.6,16.893128122931408,113.7,116.7,99.2,9890.24,0.9854327335047129,1.0252479711451759,117.23243632367236,112.02969276310967
2025-03-13,93,113,107.6,106.5,116.9,106.6,101.7,98.7,0,0,102.6,17.529974329701663,107.6,116.9,101.7,112.8,5.069516742254607,106.5,106.6,98.7,107.7,16.90529174219969,107.6,116.9,101.7,107.4,11.393955512561062,106.5,106.6,98.7,10037.79,1.0093808630393997,0.9110350727117194,106.81891325179218,112.96452128882127
2025-04-06,120,125,117.2,114.1,113.4,111.9,102.1,101.9,0,0,124.0,12.328828005937963,117.2,113.4,102.1,127.2,21.182539979898536,114.1,111.9,101.9,123.4,15.57918839706077,117.2,113.4,102.1,122.9,16.54253776043924,114.1,111.9,101.9,10403.99,1.0473637176050044,1.0061728395061726,121.84482946068046,119.10456557586562
2025-04-06,96,106,112.0,111.4,108.7,107.0,101.4,102.1,0,0,108.2,9.0388052307813,112.0,108.7,101.4,117.0,19.77371993328518,111.4,107.0,102.1,117.0,11.822765233978805,112.0,108.7,101.4,114.4,15.10849650582965,111.4,107.0,102.1,10352.94,1.0467289719626167,1.0248390064397424,113.78665364104234,113.02091216885097
2025-04-07,117,127,112.0,113.8,110.2,113.3,102.5,100.7,0,1,120.2,14.889593681494468,112.0,110.2,102.5,111.2,13.046072205840312,113.8,113.3,100.7,120.0,10.30641655582679,112.0,110.2,102.5,110.8,9.874771446018917,113.8,113.3,100.7,10321.75,0.9885260370697264,1.0326678765880217,118.82004111564278,113.70855468663893
2025-04-07,117,105,110.8,109.0,110.3,115.2,98.5,99.9,0,0,115.8,6.180614856144982,110.8,110.3,98.5,105.8,12.988456413292553,109.0,115.2,99.9,108.7,10.10005500535083,110.8,110.3,98.5,112.9,15.00703538714789,109.0,115.2,99.9,9840.150000000001,0.9618055555555555,0.9882139619220308,114.85690957544308,107.9656362400739
2025-04-08,100,124,104.0,114.4,113.0,109.9,100.7,106.2,0,0,109.6,6.580273550544804,104.0,113.0,100.7,114.2,14.601369798755195,114.4,109.9,106.2,108.3,6.360468186820551,104.0,113.0,100.7,114.4,12.176480060619815,114.4,109.9,106.2,10694.34,0.9463148316651501,1.0123893805309736,113.34451768311226,119.25243484203055
2025-04-08,135,113,119.1,111.9,109.8,113.4,102.0,104.9,0,0,118.2,10.03493896344169,119.1,109.8,102.0,130.2,10.377861051295678,111.9,113.4,104.9,121.6,12.075687236021956,119.1,109.8,102.0,123.6,10.543033508224623,111.9,113.4,104.9,10699.800000000001,1.0502645502645502,1.0191256830601094,126.06627093268217,117.82763065007666
2025-04-08,104,98,114.1,103.9,111.9,115.9,101.9,103.7,0,0,121.6,10.8535708409721,114.1,111.9,101.9,100.4,11.480418110852908,103.9,115.9,103.7,118.6,11.09754727656321,114.1,111.9,101.9,108.2,13.830722645215985,103.9,115.9,103.7,10567.03,0.9844693701466781,0.9285075960679178,122.95501655374889,110.66537443764977
2025-04-08,119,112,106.5,111.9,106.6,112.9,98.7,105.1,0,0,105.2,15.221695043588293,106.5,106.6,98.7,124.6,14.310835055998664,111.9,112.9,105.1,106.1,14.685215543380904,106.5,106.6,98.7,123.8,14.642404174178521,111.9,112.9,105.1,10373.369999999999,0.9433126660761736,1.0497185741088182,113.04496047632811,111.86678310316209
2025-04-08,119,114,105.7,107.6,112.8,116.9,99.0,101.7,0,0,97.2,9.203260291874814,105.7,112.8,99.0,109.6,15.142654985173506,107.6,116.9,101.7,105.3,11.719404611346283,105.7,112.8,99.0,113.1,11.779926428745929,107.6,116.9,101.7,10068.300000000001,0.9041916167664671,0.9539007092198581,111.28140410895571,110.52447717606782
2025-04-08,117,119,115.0,117.5,110.9,108.3,99.7,98.2,0,0,113.6,8.619744775804003,115.0,110.9,99.7,122.4,7.987490219086301,117.5,108.3,98.2,113.1,7.593125545883899,115.0,110.9,99.7,115.9,10.754327294422229,117.5,108.3,98.2,9790.54,1.061865189289012,1.0595130748422001,112.96471391271845,114.81820109170026
2025-04-08,110,103,113.6,113.6,111.2,108.7,101.3,99.8,0,0,119.0,12.349089035228427,113.6,111.2,101.3,115.4,14.741099009232656,113.6,108.7,99.8,118.8,12.682446311514187,113.6,111.2,101.3,114.2,11.621818561080184,113.6,108.7,99.8,10109.74,1.045078196872125,1.0215827338129495,114.75557106400464,114.13044790470883
2025-04-08,136,120,117.3,113.4,104.8,112.2,102.6,99.7,0,0,124.0,17.0,117.3,104.8,102.6,120.6,10.430723848324226,113.4,112.2,99.7,125.5,14.183323540928935,117.3,104.8,102.6,116.7,10.924488292109912,113.4,112.2,99.7,10229.22,1.0454545454545454,1.0820610687022902,120.00411410696705,110.91528992870043
2025-04-08,95,133,113.7,112.0,116.7,108.7,99.2,101.4,0,0,113.8,10.663020210053087,113.7,116.7,99.2,120.4,23.58601280420243,112.0,108.7,101.4,116.2,11.043348928452692,113.7,116.7,99.2,119.0,15.91644851508451,112.0,108.7,101.4,10058.880000000001,1.045998160073597,0.9597257926306769,114.54866219413698,116.58031461061104
2025-04-08,122,117,112.4,111.7,107.8,114.4,99.8,101.7,0,0,118.4,13.315404612703299,112.4,107.8,99.8,111.4,10.014988766843421,111.7,114.4,101.7,117.3,11.585910984179577,112.4,107.8,99.8,112.9,10.482260146446396,111.7,114.4,101.7,10149.66,0.9825174825174825,1.0361781076066792,117.57406057015753,110.37881142511974
2025-04-09,96,76,106.5,117.5,106.6,108.3,98.7,98.2,1,1,107.4,16.471186963907623,106.5,106.6,98.7,120.4,7.1274118724821385,117.5,108.3,98.2,109.8,12.425779653607272,106.5,106.6,98.7,116.7,10.6463347892335,117.5,108.3,98.2,9692.34,0.9833795013850416,1.102251407129456,106.23775724025177,110.44702495985682
2025-04-09,103,122,103.9,109.0,115.9,115.2,103.7,99.9,1,0,105.6,9.60728889958031,103.9,115.9,103.7,106.8,12.617448236470022,109.0,115.2,99.9,109.0,9.843215373488961,103.9,115.9,103.7,112.9,15.00703538714789,109.0,115.2,99.9,10359.630000000001,0.9019097222222222,0.9404659188955996,109.91204474375104,115.8423449187465
2025-04-09,126,96,107.6,104.0,111.8,113.0,102.3,100.7,0,1,104.6,10.454664030948084,107.6,111.8,102.3,101.4,5.504543577809247,104.0,113.0,100.7,110.5,11.276819882691521,107.6,111.8,102.3,105.5,15.123565129367444,104.0,113.0,100.7,10301.61,0.9522123893805309,0.9302325581395349,114.05508579634764,108.12242187293411
2025-04-09,97,112,112.1,113.4,113.3,112.2,101.6,99.7,0,1,118.6,6.348228099241558,112.1,113.3,101.6,123.4,6.767569726275434,113.4,112.2,99.7,113.3,8.60297106301722,112.1,113.3,101.6,116.4,10.772392698209933,113.4,112.2,99.7,10129.52,0.999108734402852,1.000882612533098,117.24174884655409,115.48199874724862
2025-04-09,119,111,111.9,110.8,113.4,110.3,104.9,98.5,1,0,121.8,8.58487041253391,111.9,113.4,104.9,109.6,15.372052563011875,110.8,110.3,98.5,120.6,6.328067986711673,111.9,113.4,104.9,108.7,13.466419139639255,110.8,110.3,98.5,10332.650000000001,1.0145058930190392,0.9770723104056437,114.01381104357752,115.4242405762582
2025-04-10,136,111,113.6,107.6,111.2,116.9,101.3,101.7,0,0,115.8,12.153188881935424,113.6,111.2,101.3,108.6,14.51895313030523,107.6,116.9,101.7,117.7,12.944754407352132,113.6,111.2,101.3,113.7,11.643309953216338,107.6,116.9,101.7,10302.21,0.971770744225834,0.9676258992805755,120.20120125655203,111.25548626542198
2025-04-09,133,126,107.8,108.1,116.8,111.0,103.1,102.1,0,0,103.8,9.679876032264064,107.8,116.8,103.1,110.4,12.23928102463541,108.1,111.0,102.1,107.8,10.206751578135544,107.8,116.8,103.1,112.7,13.224976370489257,108.1,111.0,102.1,10526.509999999998,0.9711711711711711,0.925513698630137,113.60232969222615,116.94801617245443
2025-04-09,111,114,112.0,111.7,108.7,114.4,101.4,101.7,1,1,108.0,9.35414346693482,112.0,108.7,101.4,110.2,8.526429498916878,111.7,114.4,101.7,114.0,13.029880190461391,112.0,108.7,101.4,114.3,9.933668898135178,111.7,114.4,101.7,10312.380000000001,0.979020979020979,1.0275988960441582,117.4545653068562,111.72316980349902
2025-04-09,112,125,113.7,117.3,116.7,104.8,99.2,102.6,1,1,107.4,10.358571330062878,113.7,116.7,99.2,113.8,7.563068160475605,117.3,104.8,102.6,113.2,12.380989010934892,113.7,116.7,99.2,121.7,12.374256431083785,117.3,104.8,102.6,10177.92,1.0849236641221374,1.0051413881748072,112.53249638830863,119.15381719258436
2025-04-09,116,124,113.8,117.2,113.3,113.4,100.7,102.1,0,0,110.4,12.381437719424985,113.8,113.3,100.7,110.2,4.816637831516869,117.2,113.4,102.1,116.8,13.0367003323524,113.8,113.3,100.7,114.3,12.84998919152172,117.2,113.4,102.1,10281.47,1.00352733686067,1.034421888790821,118.0943601635994,118.01243509322757
2025-04-09,134,117,112.4,111.4,107.8,107.0,99.8,102.1,1,0,117.2,12.477980605851265,112.4,107.8,99.8,115.0,20.396078054371127,111.4,107.0,102.1,117.2,11.535452599125284,112.4,107.8,99.8,114.5,15.042532292728438,111.4,107.0,102.1,10189.58,1.0504672897196263,1.0333951762523192,112.7043192776234,111.37892059266059
2025-04-10,115,106,112.0,115.0,110.2,110.9,102.5,99.7,0,0,122.2,13.255187663703595,112.0,110.2,102.5,109.0,9.300537618869189,115.0,110.9,99.7,120.0,10.30641655582679,112.0,110.2,102.5,109.0,12.328828005938039,115.0,110.9,99.7,10219.25,1.0099188458070334,1.043557168784029,115.63622262287254,114.3948385403821
2025-04-10,114,112,114.1,119.1,111.9,109.8,101.9,102.0,0,0,118.6,13.501851724856106,114.1,111.9,101.9,118.0,4.690415759823384,119.1,109.8,102.0,117.5,12.002314591592537,114.1,111.9,101.9,119.1,6.136412270663483,119.1,109.8,102.0,10393.800000000001,1.0391621129326047,1.0643431635388738,117.8424772755835,119.84159114116716
2025-04-10,109,133,105.7,111.9,112.8,112.9,99.0,105.1,0,0,100.8,13.553597308463894,105.7,112.8,99.0,120.2,14.078352176302463,111.9,112.9,105.1,107.0,12.400716825158849,105.7,112.8,99.0,123.8,14.642404174178521,111.9,112.9,105.1,10404.9,0.9362267493356953,0.9920212765957448,112.31962637019208,115.84457618241896
2025-04-10,125,141,114.4,113.6,109.9,108.7,106.2,99.8,0,0,120.8,10.009995004993765,114.4,109.9,106.2,113.0,15.763882770434446,113.6,108.7,99.8,120.7,9.753062197188022,114.4,109.9,106.2,114.3,11.508933728002642,113.6,108.7,99.8,10598.76,1.0524379024839006,1.0336669699727024,117.78961345309607,116.4605068455065
2025-04-11,119,125,112.0,113.6,110.2,111.2,102.5,101.3,1,1,118.0,10.908712114635714,112.0,110.2,102.5,116.8,7.529940238806754,113.6,111.2,101.3,119.6,10.426462061078507,112.0,110.2,102.5,116.8,11.242775458044074,113.6,111.2,101.3,10383.25,1.0071942446043165,1.0308529945553537,117.14690559086627,115.11140851210632
2025-04-11,115,129,114.1,106.5,111.9,106.6,101.9,98.7,1,0,117.6,13.649175799292783,114.1,111.9,101.9,113.8,4.324349662087904,106.5,106.6,98.7,117.4,12.029593139882605,114.1,111.9,101.9,109.7,9.684466370889364,106.5,106.6,98.7,10057.53,1.0703564727954973,0.9517426273458445,111.66477402179888,110.71020499840827
2025-04-11,110,124,109.0,111.9,115.2,112.9,99.9,105.1,0,1,108.0,7.615773105863939,109.0,115.2,99.9,124.0,14.543039572248997,111.9,112.9,105.1,110.4,10.145606602531624,109.0,115.2,99.9,122.3,12.499333315554633,111.9,112.9,105.1,10499.49,0.9654561558901682,0.9713541666666667,117.73641756409164,117.75287462875497
2025-04-11,130,94,117.5,104.0,108.3,113.0,98.2,100.7,0,0,113.2,10.03493896344165,117.5,108.3,98.2,99.4,5.224940191045351,104.0,113.0,100.7,115.2,8.778762251403553,117.5,108.3,98.2,105.9,14.775730852388284,104.0,113.0,100.7,9888.74,1.0398230088495575,0.9602954755309326,118.35499521431439,103.52263841772516
2025-04-11,102,108,115.0,119.1,110.9,109.8,99.7,102.0,1,1,111.4,4.39317652729782,115.0,110.9,99.7,118.0,4.690415759823384,119.1,109.8,102.0,113.5,7.6919871728094975,115.0,110.9,99.7,118.5,6.536223850375407,119.1,109.8,102.0,10169.4,1.0473588342440803,1.0739404869251576,116.96272075136537,116.94079397108572
2025-04-11,119,89,111.9,103.9,113.4,115.9,104.9,103.7,0,0,122.4,8.17312669668103,111.9,113.4,104.9,101.4,10.876580344942957,103.9,115.9,103.7,120.8,6.23253114267752,111.9,113.4,104.9,106.2,13.701581417242872,103.9,115.9,103.7,10878.130000000001,0.9654874892148404,0.9162257495590829,123.6508478042308,114.45816500975893
2025-04-11,104,153,107.6,110.8,116.9,110.3,101.7,98.5,1,0,95.8,11.12205017071939,107.6,116.9,101.7,113.6,11.414902540100812,110.8,110.3,98.5,103.0,13.012814197295171,107.6,116.9,101.7,108.5,13.410195126594221,110.8,110.3,98.5,10017.45,0.9755213055303716,0.9478186484174508,106.94055144503213,115.97279175007121
2025-04-11,124,102,112.1,107.6,113.3,111.8,101.6,102.3,0,0,114.8,11.713240371477061,112.1,113.3,101.6,118.6,5.549774770204671,107.6,111.8,102.3,111.9,10.038260141412286,112.1,113.3,101.6,113.8,11.262523893179642,107.6,111.8,102.3,10393.679999999998,1.0026833631484795,0.9496910856134156,117.2874849328079,114.381386807534
2025-04-11,117,91,113.6,105.7,108.7,112.8,99.8,99.0,1,1,125.2,7.2594765651525535,113.6,108.7,99.8,105.2,8.438009243891472,105.7,112.8,99.0,126.2,7.5689423890585195,113.6,108.7,99.8,104.9,7.489993324429473,105.7,112.8,99.0,9880.199999999999,1.0070921985815602,0.9724011039558418,116.79253767840657,105.1712928818314
2025-04-11,117,109,117.2,114.4,113.4,109.9,102.1,106.2,0,1,124.2,12.235195135346238,117.2,113.4,102.1,117.4,14.65605676844902,114.4,109.9,106.2,123.8,15.418603481941393,117.2,113.4,102.1,114.5,12.258783698955744,114.4,109.9,106.2,10843.02,1.0664240218380345,1.0088183421516754,126.04545767771003,120.39033318714922
2025-04-11,111,145,107.8,117.3,116.8,104.8,103.1,102.6,0,0,107.2,15.974980438172695,107.8,116.8,103.1,116.2,9.01110426085504,117.3,104.8,102.6,109.4,12.747112962898058,107.8,116.8,103.1,121.3,12.175111224680034,117.3,104.8,102.6,10578.06,1.0286259541984732,1.0042808219178083,110.81213759680554,123.23995094882827
2025-04-11,117,98,113.7,111.7,116.7,114.4,99.2,101.7,0,0,105.2,6.760177512462275,113.7,116.7,99.2,113.8,3.114482300479475,111.7,114.4,101.7,114.6,11.207140580897596,113.7,116.7,99.2,115.1,9.503800409426875,111.7,114.4,101.7,10088.640000000001,0.9938811188811189,0.9571550985432733,117.03907008204901,115.89107324570739
2025-04-11,86,103,108.1,112.0,111.0,108.7,102.1,101.4,0,0,118.0,6.442049363362581,108.1,111.0,102.1,129.8,13.77316230936094,112.0,108.7,101.4,117.3,10.306955580254007,108.1,111.0,102.1,120.4,16.52069409357053,112.0,108.7,101.4,10352.94,0.9944802207911683,1.009009009009009,113.2246650421483,116.35813328526982
2025-04-11,100,101,113.8,112.4,113.3,107.8,100.7,99.8,0,0,110.4,12.381437719424985,113.8,113.3,100.7,119.2,13.754999091239513,112.4,107.8,99.8,115.4,12.18560170401489,113.8,113.3,100.7,117.5,10.710846008706323,112.4,107.8,99.8,10049.86,1.0556586270871986,0.9920564872021184,113.10811152161938,114.76451986259745
2025-04-11,140,109,113.4,111.4,112.2,107.0,99.7,102.1,0,0,115.8,7.496665925596546,113.4,112.2,99.7,118.0,19.065675964937608,111.4,107.0,102.1,113.2,12.603350524540796,113.4,112.2,99.7,114.7,15.063200191194436,111.4,107.0,102.1,10179.369999999999,1.0598130841121496,0.9928698752228164,114.5688600774184,114.04551547213283
2025-04-13,117,105,111.9,106.5,112.9,106.6,105.1,98.7,0,0,124.2,16.39207125411551,111.9,112.9,105.1,116.4,8.173126696681004,106.5,106.6,98.7,121.8,14.07756292039849,111.9,112.9,105.1,111.2,11.429007928172075,106.5,106.6,98.7,10373.369999999999,1.0497185741088182,0.9433126660761736,113.32812021351589,113.15652823996258
2025-04-13,93,86,117.5,104.0,108.3,113.0,98.2,100.7,0,0,116.8,12.437845472588867,117.5,108.3,98.2,97.2,4.549725266431045,104.0,113.0,100.7,117.2,9.693067396627171,117.5,108.3,98.2,105.7,14.93727626517696,104.0,113.0,100.7,9888.74,1.0398230088495575,0.9602954755309326,118.64027259678856,103.27454107670486
2025-04-13,105,113,105.7,115.0,112.8,110.9,99.0,99.7,0,0,105.4,10.922453936730506,105.7,112.8,99.0,109.2,9.203260291874884,115.0,110.9,99.7,106.0,11.709445380166866,105.7,112.8,99.0,108.7,12.365273955719788,115.0,110.9,99.7,9870.300000000001,0.9531109107303877,1.0195035460992907,108.09170870058456,113.6978547788773
2025-04-13,118,126,119.1,114.1,109.8,111.9,102.0,101.9,0,0,124.6,7.8930349042684576,119.1,109.8,102.0,129.8,19.588261791185044,114.1,111.9,101.9,120.9,10.90820282580454,119.1,109.8,102.0,122.0,16.110727964792833,114.1,111.9,101.9,10393.800000000001,1.0643431635388738,1.0391621129326047,123.30128178785104,116.94307675656125
2025-04-13,118,119,110.8,103.9,110.3,115.9,98.5,103.7,0,0,114.8,5.263078946776313,110.8,110.3,98.5,99.8,12.194260945215147,103.9,115.9,103.7,110.2,10.108302418199562,110.8,110.3,98.5,104.7,14.750141242261678,103.9,115.9,103.7,10214.45,0.9559965487489214,0.9419764279238442,117.79211827810221,106.58529319351874
2025-04-13,102,122,109.0,111.9,115.2,113.4,99.9,104.9,0,0,107.2,7.014271166700106,109.0,115.2,99.9,127.2,13.007690033207275,111.9,113.4,104.9,110.4,10.145606602531624,109.0,115.2,99.9,123.5,10.648421896641802,111.9,113.4,104.9,10479.510000000002,0.9611992945326279,0.9713541666666667,116.40538624029847,118.91884953670588
2025-04-13,140,133,113.6,112.0,111.2,110.2,101.3,102.5,0,0,122.0,13.133925536563664,113.6,111.2,101.3,111.4,7.231873892705773,112.0,110.2,102.5,117.6,12.781931691953828,113.6,111.2,101.3,116.2,9.461031186457038,112.0,110.2,102.5,10383.25,1.0308529945553537,1.0071942446043165,118.22702791274087,114.52436500028388
2025-04-13,111,126,111.4,117.2,107.0,113.4,102.1,102.1,0,0,128.8,14.359665734271085,111.4,107.0,102.1,112.2,7.886697661252112,117.2,113.4,102.1,124.8,16.484335999163868,111.4,107.0,102.1,115.5,13.167721476735892,117.2,113.4,102.1,10424.409999999998,0.982363315696649,1.0953271028037384,119.29018260285845,114.96587736459685
2025-04-13,132,97,114.4,112.1,109.9,113.3,106.2,101.6,0,0,121.0,10.099504938362085,114.4,109.9,106.2,105.8,11.166915420114858,112.1,113.3,101.6,120.4,9.547541859324388,114.4,109.9,106.2,112.5,14.245857097572088,112.1,113.3,101.6,10789.92,1.0097087378640777,1.0200181983621472,122.38758789139385,116.50190313630308
2025-04-13,116,105,113.6,107.8,108.7,116.8,99.8,103.1,0,0,122.6,7.436396977031222,113.6,108.7,99.8,110.0,15.083103128998365,107.8,116.8,103.1,125.6,8.071899129421384,113.6,108.7,99.8,110.6,11.276327219248149,107.8,116.8,103.1,10289.38,0.9726027397260274,0.9917203311867525,121.41557521266692,109.57281101582028
2025-04-13,100,115,107.6,117.3,116.9,104.8,101.7,102.6,0,0,100.4,7.700649323271334,107.6,116.9,101.7,121.0,15.937377450509222,117.3,104.8,102.6,102.0,12.445436468396023,107.6,116.9,101.7,122.3,13.736002976767791,117.3,104.8,102.6,10434.42,1.0267175572519083,1.003421727972626,109.49001246672124,122.63515851980723
2025-04-13,125,118,111.7,107.6,114.4,111.8,101.7,102.3,0,0,115.6,8.56154191720158,111.7,114.4,101.7,116.6,9.154233993076662,107.6,111.8,102.3,119.1,10.115444736748941,111.7,114.4,101.7,112.6,11.862171433220364,107.6,111.8,102.3,10403.91,0.9991055456171736,0.9405594405594405,117.40621442461547,114.92525221256516
2025-04-13,119,124,112.0,112.4,108.7,107.8,101.4,99.8,0,0,109.2,9.25742944882646,112.0,108.7,101.4,115.4,15.931101656822099,112.4,107.8,99.8,112.3,12.074306973441145,112.0,108.7,101.4,117.4,10.875047892614754,112.4,107.8,99.8,10119.720000000001,1.038961038961039,1.0340386384544618,112.29902844383591,111.77018481283523
2025-04-13,109,81,108.1,113.4,111.0,112.2,102.1,99.7,0,0,112.2,15.912259424732877,108.1,111.0,102.1,121.8,8.497058314499187,113.4,112.2,99.7,111.8,10.911767348448393,108.1,111.0,102.1,117.5,9.513148795220317,113.4,112.2,99.7,10179.369999999999,0.963458110516934,1.0216216216216216,112.18167422404247,115.05549326155896
2025-04-13,109,98,113.8,113.7,113.3,116.7,100.7,99.2,0,0,108.8,13.255187663703587,113.8,113.3,100.7,105.8,10.848963084092423,113.7,116.7,99.2,112.7,12.320263344948867,113.8,113.3,100.7,116.5,17.846568297574713,113.7,116.7,99.2,9989.44,0.9751499571550984,1.0035304501323918,116.94753466841152,113.63838063865272
2024-12-10,114,109,113.6,106.5,111.2,106.6,101.3,98.7,0,0,128.6,11.949895397031707,113.6,111.2,101.3,113.4,9.208691546577057,106.5,106.6,98.7,120.7,14.150382798119916,113.6,111.2,101.3,110.6,11.596934460834332,106.5,106.6,98.7,9998.31,1.0656660412757974,0.9577338129496402,113.65797714327257,109.27500269087375
2024-12-11,100,108,115.0,111.9,110.9,112.9,99.7,105.1,0,0,109.2,5.890670590009311,115.0,110.9,99.7,126.4,12.973048986263803,111.9,112.9,105.1,112.7,8.472832400613617,115.0,110.9,99.7,123.8,11.593101396951578,111.9,112.9,105.1,10478.47,1.0186005314437554,1.0090171325518484,120.54563769117976,115.99848686522856
2024-12-10,118,104,117.3,112.1,104.8,113.3,102.6,101.6,0,0,126.2,17.852170736355845,117.3,104.8,102.6,102.6,10.876580344942935,112.1,113.3,101.6,128.4,12.885823390239683,117.3,104.8,102.6,108.9,12.982466808909843,112.1,113.3,101.6,10424.159999999998,1.0353045013239188,1.0696564885496183,122.59379608735233,109.71226213512088
2024-12-11,91,90,111.4,112.0,107.0,108.7,102.1,101.4,0,0,122.2,13.160547101089657,111.4,107.0,102.1,128.2,16.664333169977148,112.0,108.7,101.4,121.3,15.144122438901563,111.4,107.0,102.1,118.8,17.421570282586856,112.0,108.7,101.4,10352.94,1.0248390064397424,1.0467289719626167,115.52735849498268,113.46891147245947
2024-12-12,123,99,117.5,112.0,108.3,110.2,98.2,102.5,0,0,114.6,15.7892368403289,117.5,108.3,98.2,114.8,12.21474518768195,112.0,110.2,102.5,113.7,11.508933728002651,117.5,108.3,98.2,116.1,9.255028663140763,112.0,110.2,102.5,10065.5,1.0662431941923776,1.0341643582640814,117.88041783563989,110.31550375332213
2024-12-12,114,104,110.8,107.6,110.3,111.8,98.5,102.3,0,0,116.0,5.147815070493506,110.8,110.3,98.5,117.0,9.165151389911696,107.6,111.8,102.3,111.6,10.123679612121785,110.8,110.3,98.5,111.8,11.103552984918263,107.6,111.8,102.3,10076.55,0.9910554561717353,0.9755213055303716,115.05735091960844,109.74002723043374
2024-12-12,109,111,107.6,113.8,116.9,113.3,101.7,100.7,0,0,98.0,4.301162633521227,107.6,116.9,101.7,118.4,8.11171991626924,113.8,113.3,100.7,101.1,12.206100478403458,107.6,116.9,101.7,111.3,10.604506379627248,113.8,113.3,100.7,10241.19,0.9496910856134156,0.973481608212147,112.10422843258672,119.19503216614825
2024-12-13,115,105,119.1,103.9,109.8,115.9,102.0,103.7,0,0,123.4,8.443932733033831,119.1,109.8,102.0,103.0,15.016657417681188,103.9,115.9,103.7,119.8,10.549354903921376,119.1,109.8,102.0,106.3,15.398773399924556,103.9,115.9,103.7,10577.4,1.0276100086281277,0.9462659380692169,126.88812919475815,109.79799905929188
2024-12-13,107,121,109.0,114.1,115.2,111.9,99.9,101.9,0,0,108.6,4.037325847637325,109.0,115.2,99.9,131.2,18.860010604450885,114.1,111.9,101.9,108.0,8.793937305515266,109.0,115.2,99.9,122.6,16.139668177781456,114.1,111.9,101.9,10179.810000000001,0.9740840035746201,0.9904513888888888,113.62775780671065,118.91857922510694
2024-12-13,97,87,113.6,113.4,108.7,112.2,99.8,99.7,0,0,122.8,7.190271204898958,113.6,108.7,99.8,114.6,20.440156555173438,113.4,112.2,99.7,124.6,8.617811013631306,113.6,108.7,99.8,114.8,14.845874847916605,113.4,112.2,99.7,9950.06,1.0124777183600713,1.0432382704691812,116.60566241489842,111.09047378849469
2024-12-13,135,119,114.4,105.7,109.9,112.8,106.2,99.0,0,0,122.4,11.216059914247968,114.4,109.9,106.2,104.2,9.959919678390879,105.7,112.8,99.0,120.6,9.7888825829212,114.4,109.9,106.2,104.6,8.016649341630494,105.7,112.8,99.0,10513.800000000001,1.0141843971631206,0.9617834394904459,119.19827305468465,110.5362087964852
2024-12-13,109,95,111.9,104.0,113.4,113.0,104.9,100.7,0,0,122.4,8.17312669668103,111.9,113.4,104.9,95.0,6.7823299831253445,104.0,113.0,100.7,121.0,6.128258770283471,111.9,113.4,104.9,103.8,16.191904698885,104.0,113.0,100.7,10563.43,0.9902654867256637,0.9171075837742504,119.04661168935237,111.3004880044978
2024-12-13,120,98,117.2,112.4,113.4,107.8,102.1,99.8,0,0,122.2,12.477980605851265,117.2,113.4,102.1,115.0,15.620499351813304,112.4,107.8,99.8,120.6,12.685950233756039,117.2,113.4,102.1,118.1,11.069979423849096,112.4,107.8,99.8,10189.58,1.0871985157699444,0.9911816578483245,117.24277680903808,115.3267649107647
2024-12-13,126,134,107.8,113.7,116.8,116.7,103.1,99.2,0,0,109.6,15.32318504750237,107.8,116.8,103.1,106.2,10.425929215182702,113.7,116.7,99.2,108.4,12.112436217008774,107.8,116.8,103.1,111.5,14.781745499094518,113.7,116.7,99.2,10227.52,0.9237360754070265,0.9734589041095891,113.6065643690147,117.60609547793985
2024-12-13,116,118,108.1,111.7,111.0,114.4,102.1,101.7,0,0,108.4,13.240090634130881,108.1,111.0,102.1,110.2,7.3959448348402335,111.7,114.4,101.7,111.5,10.946841249115254,108.1,111.0,102.1,111.9,9.314862675674156,111.7,114.4,101.7,10383.57,0.9449300699300698,1.0063063063063062,114.74535490605594,114.28994092751284
2024-12-15,119,104,114.1,107.6,111.9,116.9,101.9,101.7,0,0,118.4,13.277801022759746,114.1,111.9,101.9,112.2,11.62755348299891,107.6,116.9,101.7,115.4,10.319345371140928,114.1,111.9,101.9,112.0,10.509255180289655,107.6,116.9,101.7,10363.230000000001,0.9760479041916167,0.9615728328865057,121.06246689260395,112.63291464429987
2024-12-15,98,112,103.9,117.5,115.9,108.3,103.7,98.2,0,0,104.4,9.449867723941908,103.9,115.9,103.7,113.0,21.48255105894082,117.5,108.3,98.2,108.6,10.013324456276605,103.9,115.9,103.7,114.6,15.791699648162568,117.5,108.3,98.2,10183.34,0.9593721144967683,1.0138050043140638,106.20597630895611,119.60607215026425
2024-12-15,92,106,111.7,113.6,114.4,108.7,101.7,99.8,0,0,116.6,9.449867723941944,111.7,114.4,101.7,120.6,18.635986692418516,113.6,108.7,99.8,118.7,9.753062197188216,111.7,114.4,101.7,116.8,14.296852800529267,113.6,108.7,99.8,10149.66,1.0275988960441582,0.9930069930069929,113.57219753978849,117.05030147657277
2024-12-15,116,109,113.7,108.1,116.7,111.0,99.2,102.1,0,0,107.0,8.631338250816071,113.7,116.7,99.2,114.2,13.773162309360927,108.1,111.0,102.1,114.4,11.137524161340624,113.7,116.7,99.2,112.4,12.842637320010734,108.1,111.0,102.1,10128.32,1.0243243243243243,0.9263067694944301,115.70553109902592,114.09419922610434
2024-12-15,116,110,113.4,114.4,112.2,109.9,99.7,106.2,0,0,119.8,13.349157276772205,113.4,112.2,99.7,111.2,7.529940238806703,114.4,109.9,106.2,116.4,14.975535605335265,113.4,112.2,99.7,113.2,12.062798643395986,114.4,109.9,106.2,10588.140000000001,1.0318471337579618,1.0196078431372548,119.58715586184034,117.37606440966448
2024-12-16,125,124,112.0,110.8,110.2,110.3,102.5,98.5,0,0,117.4,10.714476188783097,112.0,110.2,102.5,125.2,16.23884232326923,110.8,110.3,98.5,120.0,10.30641655582679,112.0,110.2,102.5,111.8,19.314933773292207,110.8,110.3,98.5,10096.25,1.015412511332729,1.0054446460980035,113.80734367179501,113.0295549912045
2024-12-16,108,121,104.0,109.0,113.0,115.2,100.7,99.9,0,0,106.6,6.9137544069774055,104.0,113.0,100.7,107.2,13.160547101089696,109.0,115.2,99.9,108.2,6.494442068244085,104.0,113.0,100.7,112.8,14.935416521365067,109.0,115.2,99.9,10059.93,0.9027777777777778,0.9646017699115044,109.99922958512884,111.42943611387184
2024-12-16,121,122,107.6,111.9,111.8,113.4,102.3,104.9,0,0,106.2,13.25518766370358,107.6,111.8,102.3,122.4,7.668115805072318,111.9,113.4,104.9,110.4,11.117553687749844,107.6,111.8,102.3,123.2,10.643725329454943,111.9,113.4,104.9,10731.27,0.9488536155202821,1.0008944543828266,116.80873663190513,118.5580727307838
2024-12-16,101,130,105.7,119.1,112.8,109.8,99.0,102.0,0,0,106.4,10.5261578935526,105.7,112.8,99.0,115.6,6.228964600958941,119.1,109.8,102.0,105.4,11.577756451249288,105.7,112.8,99.0,118.1,7.07813534767415,119.1,109.8,102.0,10098.0,0.9626593806921676,1.055851063829787,109.38071011549712,117.81147384277955
2024-12-16,129,130,113.8,117.2,113.3,113.4,100.7,102.1,0,0,111.6,10.87658034494297,113.8,113.3,100.7,115.8,9.44457516249405,117.2,113.4,102.1,113.2,12.025897979869278,113.8,113.3,100.7,114.7,12.120231020900665,117.2,113.4,102.1,10281.47,1.00352733686067,1.034421888790821,118.26960708443009,118.64017405903576
2024-12-16,144,107,112.4,107.8,107.8,116.8,99.8,103.1,0,0,123.8,10.305338422390616,112.4,107.8,99.8,112.4,12.421755109484339,107.8,116.8,103.1,120.1,11.77049040798404,112.4,107.8,99.8,110.2,11.40954765877153,107.8,116.8,103.1,10289.38,0.9623287671232877,1.0,120.5350345872794,109.26101856581833
2024-12-15,91,100,106.5,115.0,106.6,110.9,98.7,99.7,0,0,103.0,15.85875152715372,106.5,106.6,98.7,112.2,6.7601775124623,115.0,110.9,99.7,107.9,12.982466808909814,106.5,106.6,98.7,110.5,11.42365965879595,115.0,110.9,99.7,9840.390000000001,0.9603246167718665,1.0787992495309568,107.97564657617976,109.49682782582069
2024-12-15,133,143,112.0,112.1,108.7,113.3,101.4,101.6,0,0,109.6,9.71081870904814,112.0,108.7,101.4,103.2,10.848963084092368,112.1,113.3,101.6,112.7,12.238827104297593,112.0,108.7,101.4,107.7,12.806682283523417,112.1,113.3,101.6,10302.24,0.9885260370697264,1.031278748850046,116.80832874908265,111.61646698542299
2025-10-21,125,124,109.7,116.9,102.8,109.7,99.5,99.2,0,0,123.4,17.812916661793487,117.3,104.8,102.6,115.6,19.346834366376314,111.4,107.0,102.1,127.5,13.302046626156733,117.3,104.8,102.6,112.8,14.38208762469637,111.4,107.0,102.1,9870.4,1.0,1.1371595330739301,111.0651530585324,106.85224845157737
2025-10-21,109,119,113.7,117.1,113.5,111.7,103.8,101.1,0,0,120.0,13.266499161421612,113.4,112.2,99.7,116.6,19.398453546610366,112.0,108.7,101.4,114.4,13.309979547525744,113.4,112.2,99.7,116.4,19.664971678370474,112.0,108.7,101.4,10494.179999999998,1.017905102954342,1.0317180616740087,119.74489444730858,119.66353889780643
2025-10-22,119,111,108.3,111.2,108.3,105.3,102.1,107.0,0,0,107.2,7.120393247567211,115.0,110.9,99.7,117.2,8.786353054595493,119.1,109.8,102.0,112.5,8.77179824462712,115.0,110.9,99.7,117.8,6.408327915038451,119.1,109.8,102.0,10924.699999999999,1.0284900284900285,1.0267774699907664,118.64652208901695,119.1909355697347
2025-10-22,92,125,102.1,119.1,111.5,102.8,105.8,99.0,0,0,114.6,11.502173707608492,112.1,113.3,101.6,111.2,8.167006795638162,111.7,114.4,101.7,114.0,10.165300454651312,112.1,113.3,101.6,112.8,9.437513796899443,111.7,114.4,101.7,10474.199999999999,0.9931906614785992,1.0681614349775783,105.78426772376767,117.61842963158522
2025-10-23,135,141,105.3,109.7,115.8,102.8,103.0,99.5,0,0,118.4,13.277801022759746,114.1,111.9,101.9,123.4,13.221195104830723,117.3,104.8,102.6,116.8,9.681597664297595,114.1,111.9,101.9,119.2,11.02320784123699,117.3,104.8,102.6,10248.5,1.0243190661478598,0.9473229706390328,106.61081816341351,116.17469327761337
2025-10-23,137,131,117.1,123.1,111.7,114.0,101.1,102.3,0,0,115.4,13.464768843169919,112.0,108.7,101.4,120.0,10.295630140986978,117.2,113.4,102.1,113.0,12.736648783028555,112.0,108.7,101.4,117.4,12.231107881136637,117.2,113.4,102.1,10342.529999999999,1.0271929824561403,1.1020590868397493,120.84039427435896,121.05937744752396
2025-10-27,95,116,104.0,111.2,107.5,105.3,105.8,107.0,1,1,115.8,8.074651695274541,112.0,110.2,102.5,115.0,8.66025403784436,117.52000000000001,108.9,103.0,120.2,10.39016629104433,112.0,110.2,102.5,117.0,6.733003292240997,118.30999999999999,109.35,102.5,11320.6,0.9876543209876544,1.0344186046511628,120.4854599780471,121.40814437646657
2025-10-27,114,127,112.1,123.1,117.7,114.0,101.7,102.3,1,0,115.4,10.876580344942942,113.6,108.7,99.8,123.0,10.999999999999979,118.38,113.52000000000001,102.13999999999999,120.2,10.3687564881769,113.6,108.7,99.8,120.2,11.76435293588231,117.79,113.46000000000001,102.11999999999999,10403.91,0.9833333333333333,1.045879354290569,118.12956470559274,126.18868314465183
2025-10-24,105,95,108.3,110.9,108.3,107.2,102.1,100.6,0,0,110.0,8.631338250816068,113.66,110.38000000000002,100.17999999999999,109.0,18.748333259252657,117.5,108.3,98.2,112.8,8.954204474869716,114.33,110.64000000000001,99.94,115.5,15.306135298558463,117.5,108.3,98.2,10271.259999999998,1.0102611940298507,1.0240073868882733,112.90995859716942,112.87184962859992
2025-10-24,128,110,113.7,112.1,113.5,117.7,103.8,101.7,0,0,121.0,11.874342087037931,113.46,112.46,100.52000000000001,113.8,15.77022510936353,113.6,108.7,99.8,114.0,13.416407864998668,113.42999999999999,112.33,100.11,115.8,14.702985335562952,113.6,108.7,99.8,10556.46,0.9660152931180969,0.9876651982378855,124.3032280115636,118.65644875699827
2025-10-22,136,117,119.1,111.9,115.8,127.8,107.7,102.1,0,0,107.4,6.767569726275416,104.0,113.0,100.7,108.2,11.278297743897264,105.7,112.8,99.0,108.0,6.463573143221825,104.0,113.0,100.7,105.2,8.891943919451181,105.7,112.8,99.0,10996.17,0.931924882629108,0.9663212435233162,132.83895532288392,122.20145698181776
2025-10-22,125,121,107.9,119.9,113.6,105.5,105.2,109.7,0,0,102.8,16.037456157383577,106.5,106.6,98.7,126.4,15.78923684032892,110.8,110.3,98.5,106.8,13.966626889362628,106.5,106.6,98.7,112.9,19.70025380547157,110.8,110.3,98.5,11540.44,1.0227488151658768,1.0554577464788732,125.47083722551375,134.13371474742206
2025-10-22,118,138,107.7,111.6,116.8,114.8,104.9,108.9,0,0,122.8,16.709278859364336,111.9,112.9,105.1,112.4,8.64869932417588,107.6,111.8,102.3,121.1,14.129952425806545,111.9,112.9,105.1,112.0,10.923979738782549,107.6,111.8,102.3,11423.61,0.9381533101045296,0.9554794520547945,128.7981450195167,128.1254465420041
2025-10-22,116,117,110.9,122.0,107.2,116.8,100.6,103.2,0,0,118.6,14.604793733565682,117.5,108.3,98.2,107.6,13.630847369111008,109.0,115.2,99.9,113.7,11.508933728002651,117.5,108.3,98.2,114.4,14.863826335548035,109.0,115.2,99.9,10381.92,0.9494863013698631,1.1380597014925373,121.98724028071307,116.25384729162346
2025-10-22,115,111,109.9,104.0,103.4,107.5,107.0,105.8,0,0,120.4,10.188228501560031,111.9,113.4,104.9,111.2,13.935566009315854,112.0,110.2,102.5,119.4,6.995236474439869,111.9,113.4,104.9,114.5,10.731573354670218,112.0,110.2,102.5,11320.6,1.022325581395349,1.0058027079303675,123.73576587230238,115.30523775357392
2025-10-22,128,122,111.3,103.2,114.4,116.5,109.7,102.4,0,0,124.0,12.529964086141673,114.4,109.9,106.2,107.0,6.244997998398403,107.6,116.9,101.7,123.8,8.547904226572868,114.4,109.9,106.2,110.9,10.733643887846846,107.6,116.9,101.7,11233.28,0.9553648068669528,0.9020979020979021,126.41957115023008,118.49854380165382
2025-10-22,133,120,118.3,108.7,112.5,116.3,103.3,108.5,0,0,126.6,13.630847369110965,113.6,111.2,101.3,100.2,12.357184145265434,103.9,115.9,103.7,122.1,12.467290536974243,113.6,111.2,101.3,103.9,13.177843357528497,103.9,115.9,103.7,11208.05,1.0171969045571798,0.9662222222222222,133.95387507329764,119.70884956015509
2025-10-22,129,108,118.5,110.4,110.8,112.0,100.9,97.3,0,0,116.6,12.421755109484339,107.8,116.8,103.1,108.2,13.645512082732544,112.4,107.8,99.8,110.4,13.268174118711261,107.8,116.8,103.1,115.9,12.714383805578374,112.4,107.8,99.8,9817.57,1.0580357142857142,0.996389891696751,114.37216002575069,109.08243158520986
2025-10-22,120,116,109.6,105.3,121.1,109.1,103.9,105.0,0,0,109.8,8.871302046486786,113.7,116.7,99.2,118.8,7.563068160475552,113.8,113.3,100.7,113.8,10.840254199561596,113.7,116.7,99.2,111.4,10.595596569644682,113.8,113.3,100.7,10909.5,1.004582951420715,0.8695293146160198,121.2152330049181,123.61588595750472
2025-10-22,114,118,109.1,112.1,103.9,117.7,110.5,101.7,0,0,108.4,13.240090634130881,108.1,111.0,102.1,114.8,15.221695043588278,113.3,110.5,100.18,111.8,11.033282980751066,108.1,111.0,102.1,114.3,14.422590305181394,113.45,109.6,99.99,11237.85,0.9269328802039082,1.078922040423484,124.09396121461822,117.40978037541004
2025-10-24,107,111,107.9,107.7,113.6,116.8,105.2,104.9,0,0,103.6,17.227884373886436,106.78,108.0,100.0,119.0,9.899494936611681,111.9,112.9,105.1,108.0,15.033296378372924,106.64000000000001,107.3,99.35,121.4,12.176480060619626,111.9,112.9,105.1,11035.480000000001,0.9238013698630138,0.9480633802816902,121.22281862959606,119.74901525751838
2025-10-24,124,131,111.9,111.2,127.8,105.3,102.1,107.0,0,0,108.6,6.693280212272579,105.7,112.8,99.0,115.4,8.648699324175835,115.93999999999998,108.0,104.0,104.2,11.321562514855351,105.7,112.8,99.0,116.7,6.700746227100002,117.52000000000001,108.9,103.0,10924.699999999999,1.0626780626780628,0.8701095461658842,118.72792490805901,128.54448077462592
2025-10-24,116,122,111.6,118.3,114.8,112.5,108.9,103.3,0,0,112.6,10.261578825892222,107.6,111.8,102.3,119.0,8.09320702811939,113.6,111.2,101.3,112.4,11.037310461440441,107.6,111.8,102.3,116.1,10.375719519896128,113.6,111.2,101.3,11249.37,0.992,1.0304878048780488,124.5550423862772,128.38731916090893
2025-10-24,111,115,116.9,104.0,109.7,107.5,99.2,105.8,0,0,118.2,19.110206696945998,111.4,107.0,102.1,112.6,13.3716117203574,110.4,109.66000000000001,103.16,120.7,16.289396687552365,111.4,107.0,102.1,114.6,10.689558768567943,111.2,109.92999999999999,102.83,10495.36,1.0874418604651164,0.9480401093892433,118.90974366229764,110.90881326658224
2025-10-24,114,146,111.3,119.9,114.4,105.5,109.7,109.7,0,0,129.0,4.415880433163936,113.78,110.8,106.9,126.6,15.693947878083447,112.62,109.34,100.74,124.6,8.527081042836798,114.09,110.35,106.55,116.4,17.360235533476324,111.71,109.82000000000001,99.62,12034.09,1.0549763033175354,1.0480769230769231,135.01078678535814,139.73177940599646
2025-10-24,116,120,103.2,119.1,116.5,102.8,102.4,99.0,0,0,100.8,6.058052492344323,107.6,116.9,101.7,114.4,10.014988766843421,113.17999999999999,112.08000000000001,101.16,102.3,12.347289401141797,107.6,116.9,101.7,112.9,9.573690801125561,112.44000000000001,113.23999999999998,101.42999999999999,10137.6,1.0038910505836576,1.0223175965665237,102.41937305527107,119.48308457771401
2025-10-24,107,117,102.1,108.7,111.5,116.3,105.8,108.5,0,0,108.4,13.93915348936226,110.1,112.94000000000001,102.43999999999998,106.2,13.405222862750152,104.86000000000001,115.98000000000002,104.66,111.5,12.213380640374163,111.1,113.12,102.02,103.3,12.156845351031302,104.38000000000002,115.94000000000001,104.17999999999999,11479.3,0.877901977644024,0.9748878923766816,124.70726430890358,122.78585384140781
2025-10-24,139,119,109.1,117.1,103.9,111.7,110.5,101.1,0,1,109.0,13.45362404707372,108.3,109.58,103.78,113.6,17.052858997833773,113.02000000000001,109.3,101.34,112.7,10.781156400559766,108.2,110.29,102.93999999999998,116.2,19.623115620784287,112.50999999999999,109.0,101.37,11171.55,0.9767233661593553,1.1270452358036573,120.9159877080173,117.8554522262413
2025-10-24,105,104,105.3,118.5,109.1,110.8,105.0,100.9,0,0,116.4,12.421755109484318,113.8,113.3,100.7,112.6,12.300406497347973,107.8,116.8,103.1,112.9,11.532080856848456,113.8,113.3,100.7,108.7,10.64633478923359,107.8,116.8,103.1,10594.5,0.9503610108303249,1.0861594867094408,114.02211256439946,116.83063547422589
2025-10-24,129,102,110.4,109.6,112.0,121.1,97.3,103.9,0,0,129.8,11.798304963002112,112.4,107.8,99.8,111.2,16.392071254115514,113.7,116.7,99.2,123.4,13.442883288607069,112.4,107.8,99.8,110.8,13.323329580518244,113.7,116.7,99.2,10109.470000000001,0.911643270024773,0.9785714285714285,121.99262568266784,112.98327703729635
2025-10-25,98,110,107.9,109.9,113.6,103.4,105.2,107.0,1,0,107.6,14.518953130305245,107.06000000000002,109.4,101.3,121.0,6.745368781616013,111.9,113.4,104.9,106.4,14.080719678577056,106.78,108.0,100.0,124.0,10.16530045465085,111.9,113.4,104.9,11256.4,1.0435203094777563,0.9674295774647889,116.59860420570148,124.2637909583659
2025-10-25,100,117,107.7,109.7,116.8,102.8,104.9,99.5,1,0,120.0,15.937377450509215,111.06000000000002,113.68000000000002,105.05999999999999,127.4,15.19210321186635,115.78,104.4,101.97999999999999,120.9,14.161371559437496,111.48000000000002,113.29,105.08,121.3,13.013241119891727,116.54,104.6,102.28999999999999,10437.550000000001,1.0476653696498055,0.9392123287671234,106.96552492913128,119.05545585113109
2025-10-25,125,121,122.0,119.1,116.8,115.8,103.2,107.7,0,0,108.2,4.086563348340564,109.0,115.2,99.9,95.2,6.760177512462305,104.0,113.0,100.7,108.5,8.553751613570881,109.0,115.2,99.9,102.3,16.248418726482498,104.0,113.0,100.7,11114.640000000001,1.0535405872193437,1.0196917808219177,133.84817794777032,126.72979710947958
2025-10-25,128,103,111.3,105.3,114.4,115.8,109.7,103.0,1,0,126.8,8.105553651663785,113.16000000000001,111.7,107.6,129.0,19.3778223750761,114.1,111.9,101.9,123.8,9.150591966278958,113.78000000000002,110.8,106.9,122.9,16.072405614040008,114.1,111.9,101.9,11299.1,0.961139896373057,0.9204545454545454,126.26706576490287,123.98449225644733
2025-10-25,133,111,123.1,109.6,114.0,121.1,102.3,103.9,0,1,120.4,11.886967653695383,117.2,113.4,102.1,107.0,15.264337522473754,112.88,117.58,100.14000000000001,123.1,9.011720763045922,117.2,113.4,102.1,108.5,12.56317369669526,113.29,117.13999999999999,99.66999999999999,10628.970000000001,1.0165152766308836,0.9614035087719298,134.37006101592613,117.06465742409101
2025-10-26,118,107,119.1,111.9,102.8,127.8,99.0,102.1,0,0,109.4,11.970797801316323,111.7,114.4,101.7,111.0,11.401754250991305,106.94000000000001,115.8,99.62,115.3,12.472636716695714,111.7,114.4,101.7,106.7,9.534149149242356,106.32000000000001,114.3,99.31,10107.9,0.931924882629108,1.0885214007782102,126.60332348209988,107.40467108681054
2025-10-26,119,113,104.0,110.9,107.5,107.2,105.8,100.6,0,0,114.2,11.36661779070626,110.4,109.66000000000001,103.16,103.8,18.18515878401944,116.17999999999999,108.08,98.68,117.2,12.882373832316535,111.2,109.92999999999999,102.83,113.5,16.628289148315904,116.83999999999999,108.18999999999998,98.44,10643.48,0.9701492537313433,1.0316279069767442,112.60806439614585,114.26070174906272
2025-10-26,118,113,111.2,118.3,105.3,112.5,107.0,103.3,0,0,121.0,8.860022573334685,119.1,109.8,102.0,122.2,3.5637059362412478,114.54,111.46000000000001,101.7,118.0,9.533566430716775,119.1,109.8,102.0,115.6,9.901739465591,114.07000000000001,111.33,101.5,11053.1,0.9884444444444445,1.123456790123457,125.2582765576681,120.71736537581884
2025-10-26,115,107,119.9,108.3,105.5,108.3,109.7,102.1,0,0,114.4,3.9115214431215968,110.8,110.3,98.5,109.0,8.154753215150105,115.0,110.9,99.7,113.9,7.0781353476746665,110.8,110.3,98.5,107.2,8.625543461139257,115.0,110.9,99.7,11200.369999999999,1.1071098799630656,1.0265402843601896,127.3919647358603,116.52893997187162
2025-10-26,113,139,108.7,119.1,116.3,115.8,108.5,107.7,0,1,101.6,8.6775572599666,103.9,115.9,103.7,98.4,13.240090634130908,107.02000000000001,113.55999999999999,102.1,106.3,9.475699915514898,103.9,115.9,103.7,99.9,9.68905453477135,105.50999999999999,113.28,101.4,11685.45,0.9386873920552677,1.0240756663800517,130.78572974231633,131.50881088210937
2025-10-26,114,110,112.1,105.3,117.7,115.8,101.7,103.0,0,1,113.4,9.762171889492581,113.3,110.5,100.18,117.2,9.90959131346999,112.33999999999999,112.67999999999999,102.12,119.8,10.538817137927111,113.45,109.6,99.99,121.4,17.23820047323843,113.22,112.29,102.01000000000002,10475.1,0.968048359240069,0.8946474086661003,122.25293393243138,115.32944957868804
2025-10-26,139,129,102.1,111.6,111.5,114.8,105.8,108.9,0,0,108.0,13.946325680981355,108.1,112.58,103.28,116.4,14.518953130305238,108.4,112.4,103.62,112.4,11.413442367080442,110.1,112.94000000000001,102.43999999999998,116.9,10.439774369634902,108.0,112.1,102.96,11521.62,0.8893728222996515,1.000896860986547,124.89651762660297,126.54916585889241
2025-10-26,114,107,110.4,109.1,112.0,103.9,97.3,110.5,0,0,132.8,8.105553651663792,112.0,108.64000000000001,99.3,117.4,8.443932733033844,108.1,111.0,102.1,125.3,12.658330590300348,112.2,108.22,99.55,111.4,12.659647177811305,108.1,111.0,102.1,10751.65,1.0625601539942253,0.9741071428571428,119.54277841791543,116.81500599858961
2025-10-26,120,127,105.3,113.7,109.1,113.5,105.0,103.8,0,0,111.8,11.256109452204157,112.1,112.46,101.56,105.2,20.09228707738369,113.4,112.2,99.7,111.1,11.179842972461227,112.95,112.88,101.13,112.9,17.13638105188955,113.4,112.2,99.7,10899.0,0.9277533039647576,1.0421631530705775,120.31501270252541,119.47369849626214
2025-10-27,136,124,122.0,107.9,116.8,113.6,103.2,105.2,0,0,110.6,8.619744775804007,111.6,115.52000000000001,100.56000000000002,113.0,9.380831519646845,106.5,106.6,98.7,108.4,8.329332372872244,110.3,115.36000000000001,100.23,113.1,7.0150631580270755,106.5,106.6,98.7,10856.640000000001,1.073943661971831,0.9238013698630138,130.2990698589885,121.53282828619403
2025-10-27,128,123,109.9,107.7,103.4,116.8,107.0,104.9,0,0,116.0,4.242640687119309,111.5,111.4,105.32000000000001,117.6,10.549881515922362,111.06000000000002,113.68000000000002,105.05999999999999,119.2,7.0992957397195795,111.7,112.4,105.11000000000001,121.1,12.413702106946207,111.48000000000002,113.29,105.08,11224.300000000001,0.9409246575342467,1.041586073500967,125.69549047749851,115.77866993607974
2025-10-27,137,109,116.9,111.9,109.7,127.8,99.2,102.1,0,1,116.2,19.266551326067663,112.5,107.54,101.52000000000001,109.4,11.260550608207318,108.18000000000002,118.8,100.24000000000001,120.7,16.289396687552365,111.95,107.27000000000001,101.80999999999999,107.0,9.486832980505078,106.94000000000001,115.8,99.62,10128.32,0.9147104851330204,1.0200546946216955,127.00723235457954,110.30412623114205
2025-10-27,90,122,103.2,110.9,116.5,107.2,102.4,100.6,0,1,104.4,8.73498712076894,106.72,116.82000000000001,101.84,103.0,17.535677916750164,114.86000000000001,107.85999999999999,99.16,103.5,13.09155792443675,107.16,116.85999999999999,101.77000000000001,112.7,16.41848551683947,116.17999999999999,108.08,98.68,10301.44,0.9626865671641791,0.9519313304721031,109.6707765804867,115.91677076899423
2025-10-27,121,103,119.1,111.6,102.8,114.8,99.0,108.9,1,1,110.8,12.59761882261881,113.17999999999999,112.08,101.16,118.2,15.59487095169435,109.2,113.0,104.94000000000001,113.7,10.70877106757713,112.44000000000001,113.23999999999998,101.43,118.4,11.037310461440264,108.4,112.4,103.62,10781.1,1.0374564459930313,1.0856031128404668,127.12237003974637,112.04856473626431
2025-10-27,94,101,102.1,109.7,111.5,102.8,105.8,99.5,1,0,111.8,19.51153504981092,106.1,112.22,104.11999999999998,128.6,13.740451229854127,114.25999999999999,104.0,101.35999999999999,115.2,14.140564188021528,109.1,112.75999999999999,102.85999999999999,121.2,13.04522049555983,115.78,104.4,101.97999999999999,10527.1,0.9931906614785992,0.9838565022421525,103.91057197738525,117.9108402723408
2025-10-27,138,134,118.5,109.6,110.8,121.1,100.9,103.9,0,0,121.8,10.616025621672186,109.94000000000001,115.6,102.66,108.6,15.159155649309765,112.05999999999999,118.46,101.08,111.5,14.377837884126295,108.86999999999998,116.2,102.88,107.8,12.163698268025158,112.88,117.58000000000001,100.14000000000001,10483.510000000002,0.9785301403798514,0.9891696750902527,127.65948600145819,114.92053210921227
2025-10-27,131,115,117.1,111.3,111.7,114.4,101.1,109.7,0,0,119.2,16.679328523654643,113.02000000000001,109.3,101.34,112.4,6.503845016603666,114.4,109.9,106.2,113.7,13.91282382072982,112.50999999999999,109.0,101.37,113.5,11.928024890055468,114.4,109.9,106.2,11090.67,1.0236013986013985,0.9964189794091316,129.1913985281623,120.44997334781488
2025-10-27,108,122,113.7,109.1,113.5,103.9,103.8,110.5,1,1,123.4,11.823705003085974,113.52000000000001,112.72,101.34,113.4,7.436396977031312,108.3,109.58,103.78,116.1,13.835943528842948,113.46000000000001,112.46,100.52,110.3,12.499333315554567,108.2,110.29,102.93999999999998,11469.9,1.0943214629451394,0.9612334801762114,127.82829909717684,125.08669558901407
2025-10-28,134,139,108.7,122.0,116.3,116.8,108.5,103.2,0,1,105.4,8.6775572599666,104.85999999999999,115.97999999999999,104.66000000000001,111.2,13.1605471010897,111.6,115.52000000000001,100.56,105.1,7.370361064576297,104.38000000000002,115.94000000000001,104.17999999999999,113.1,13.884043599278439,110.3,115.36000000000001,100.23,11197.2,0.9306506849315069,1.0490111779879623,124.40086500366974,129.3272555053323
2025-10-28,144,117,119.9,119.1,105.5,115.8,109.7,107.7,0,0,115.8,1.6431676725155122,112.62,109.34,100.74000000000001,107.0,22.214859891523083,110.03999999999999,114.12,103.5,114.1,7.078135347674667,111.71000000000001,109.82000000000001,99.62,103.2,15.732485852881208,107.02000000000001,113.56000000000002,102.1,11814.69,1.035405872193437,1.128909952606635,140.65517735542213,127.78670888208285
2025-10-28,121,111,118.3,108.3,112.5,108.3,103.3,102.1,0,0,126.6,13.630847369110965,114.53999999999999,111.46,101.7,109.4,7.956129712366495,113.66,110.38000000000002,100.17999999999999,122.8,12.899612397277442,114.07000000000001,111.33000000000001,101.5,106.5,8.289886743630728,114.33,110.64000000000001,99.94,10546.929999999998,1.0923361034164358,0.9626666666666667,122.07413247076988,115.80175623645947
2025-10-28,107,101,109.7,105.3,102.8,109.1,99.5,105.0,1,0,119.4,13.464768843169946,115.78,104.4,101.97999999999999,119.8,6.534523701081745,112.1,112.46,101.56,127.3,13.325414315009864,116.54,104.6,102.28999999999999,112.0,10.677078252031288,112.95,112.88,101.13000000000001,10447.5,1.005499541704858,1.0243190661478598,116.15041779202967,108.63317845788943
2025-10-28,98,79,117.1,110.4,111.7,112.0,101.1,97.3,1,0,126.2,10.825894882179457,114.03999999999999,109.9,101.28,105.4,11.34900876728888,112.0,108.64000000000001,99.3,117.1,13.5273385737509,113.02000000000001,109.3,101.34,114.8,12.89099599634473,112.2,108.22,99.55,9837.029999999999,1.0455357142857142,0.9883616830796778,115.10352206604726,109.42077963453023
