GameDate,HomePTS,AwayPTS,Home_E_OFF_RATING,Away_E_OFF_RATING,Home_E_DEF_RATING,Away_E_DEF_RATING,Home_E_PACE,Away_E_PACE,Home_BackToBack,Away_BackToBack,Home_Rolling_PTS_Mean_5,Home_Rolling_PTS_Std_5,Home_Rolling_OffRating_5,Home_Rolling_DefRating_5,Home_Rolling_Pace_5,Away_Rolling_PTS_Mean_5,Away_Rolling_PTS_Std_5,Away_Rolling_OffRating_5,Away_Rolling_DefRating_5,Away_Rolling_Pace_5,Home_Rolling_PTS_Mean_10,Home_Rolling_PTS_Std_10,Home_Rolling_OffRating_10,Home_Rolling_DefRating_10,Home_Rolling_Pace_10,Away_Rolling_PTS_Mean_10,Away_Rolling_PTS_Std_10,Away_Rolling_OffRating_10,Away_Rolling_DefRating_10,Away_Rolling_Pace_10,XGBoost_HomePTS,XGBoost_AwayPTS
2023-11-10,106,114,107.2,113.8,116.1,110.7,102.1,100.2,0,0,106.0,7.035623639735146,107.8,115.9,101.6,118.0,15.763882770434474,115.5,111.2,98.8,108.4,6.96339636161031,107.8,115.9,101.6,119.8,13.079245645933288,115.5,111.2,98.8,109.277466,119.91977
2023-11-10,117,124,108.3,107.1,117.1,117.4,104.8,99.3,0,0,118.0,10.27131929208702,111.5,112.7,101.1,113.8,15.221695043588308,106.7,112.7,103.2,117.2,10.840254199561606,111.5,112.7,101.1,110.8,14.006347767272429,106.7,112.7,103.2,118.284035,113.08753
2023-11-10,121,107,120.2,110.4,108.9,113.3,99.6,99.3,0,0,119.4,14.328293687665658,115.7,109.3,100.4,114.8,10.4976187776085,112.47999999999999,112.34,99.93999999999998,118.3,11.225467077636983,115.7,109.3,100.4,116.6,7.876829593462533,112.73999999999998,112.22,100.02,118.99496,110.55403
2023-11-10,104,101,111.5,115.0,110.4,110.6,101.6,99.9,0,0,113.8,8.04363102087605,107.7,115.3,102.5,115.8,10.98635517357781,111.8,109.9,101.4,111.5,7.7352009239148245,107.7,115.3,102.5,113.6,9.547541859324614,111.8,109.9,101.4,111.302605,115.88459
2023-11-10,121,127,104.2,112.0,111.1,116.7,101.0,102.6,0,0,124.6,17.27136358253164,112.3,108.5,103.6,116.4,6.949820141557641,112.7,113.6,103.2,124.1,13.535549900580602,112.3,108.5,103.6,118.2,6.5794292221203445,112.7,113.6,103.2,114.23475,117.24992
2023-11-10,110,117,107.5,113.1,113.7,106.6,103.5,99.3,0,0,124.6,5.941380311005154,107.2,116.7,104.5,115.2,21.54530111184339,111.3,111.3,103.2,121.1,12.939603291188359,107.2,116.7,104.5,122.8,18.74862957954828,111.3,111.3,103.2,111.91463,116.44418
2023-11-10,144,126,115.2,116.1,113.0,112.8,102.2,99.4,0,0,117.2,6.870225614927057,114.3,114.3,98.6,117.0,16.71825349730048,112.4,111.9,100.3,117.5,12.46550796754354,114.3,114.3,98.6,116.7,14.877649157190199,112.4,111.9,100.3,117.3321,117.95975
2023-11-10,119,122,114.9,113.6,111.9,113.0,100.7,103.0,0,0,111.0,7.5166481891864905,112.1,110.1,100.8,126.2,7.791020472312961,111.8,111.3,103.8,115.1,9.62000231000212,112.1,110.1,100.8,120.7,9.129317852087622,111.8,111.3,103.8,116.955315,117.16531
2023-11-10,105,98,113.8,117.0,112.1,109.8,101.5,102.0,0,0,120.4,15.614096195425455,117.0,114.4,102.4,117.0,5.244044240850736,112.3,111.2,103.7,121.4,12.02959313988263,117.0,114.4,102.4,111.4,7.501111028818814,112.3,111.2,103.7,115.53919,122.02829
2023-11-14,105,111,107.1,111.7,117.4,109.9,99.3,98.3,0,0,103.6,8.08084154033475,106.7,112.7,103.2,107.8,16.22343983253859,110.4,110.7,98.5,103.8,10.17404104135183,106.7,112.7,103.2,106.8,11.764352935882116,110.4,110.7,98.5,108.04709,110.20974
2023-11-14,120,126,107.2,114.0,116.1,116.1,102.1,102.8,0,0,107.2,6.220932405998318,107.67999999999999,115.94000000000001,101.69999999999999,117.2,6.978538528947198,113.9,113.6,103.1,107.5,6.587024281789755,107.73999999999998,115.92,101.64999999999999,119.7,9.322016949137142,113.9,113.6,103.1,115.01532,121.095116
2023-11-14,126,132,113.8,117.9,110.7,115.0,100.2,104.4,0,0,108.4,7.536577472566725,115.5,111.2,98.8,117.8,18.51215816699933,111.0,114.0,104.4,109.0,7.180219742845988,115.5,111.2,98.8,118.0,16.302692347516697,111.0,114.0,104.4,119.00697,115.298294
2023-11-14,124,104,110.4,110.6,113.3,108.6,99.3,99.4,0,0,108.6,9.449867723941946,113.0,112.1,100.1,104.6,12.19836054558152,109.0,111.5,101.7,108.7,9.405081368896049,113.0,112.1,100.1,109.7,9.843779761859684,109.0,111.5,101.7,110.28688,108.036766
2023-11-14,123,87,117.0,107.5,109.8,113.7,102.0,103.5,0,0,122.6,13.427583550289308,113.24000000000001,110.92,103.35999999999999,116.4,23.308796622734512,107.2,116.7,104.5,125.4,10.276186062932185,112.77000000000001,111.06000000000002,103.53,109.6,19.912028748695846,107.2,116.7,104.5,126.644844,112.96656
2023-11-14,131,110,115.0,115.2,110.6,113.0,99.9,102.2,0,0,118.2,12.988456413292518,111.8,109.9,101.4,120.2,9.12140340079305,114.47999999999999,114.04,99.32,115.4,12.01110597183571,111.8,109.9,101.4,116.9,11.308305698811722,114.38999999999999,114.17,98.96000000000001,117.001976,111.88045
2023-11-14,115,99,112.0,105.0,116.7,113.9,102.6,100.3,0,0,113.6,13.758633653092163,112.7,113.6,103.2,119.0,10.099504938362092,112.0,116.0,101.0,114.1,12.413702106946104,112.7,113.6,103.2,114.9,10.989388821343354,112.0,116.0,101.0,117.29819,115.737144
2023-11-14,111,108,115.6,116.1,110.3,112.8,99.3,99.4,0,0,110.0,13.693063937629162,115.12,111.42,100.1,118.8,17.19592975096141,113.14000000000001,112.08000000000001,100.11999999999999,112.6,12.52730351405817,115.06000000000002,111.56000000000002,100.2,116.9,14.999629625056969,112.77000000000001,111.99000000000001,100.21000000000001,116.66607,112.61429
2023-11-14,101,104,114.7,113.1,112.2,106.6,101.9,99.3,0,0,120.4,15.257784898208508,113.5,111.8,104.0,118.8,19.57549488518745,111.66,110.35999999999999,102.42,119.6,11.266469426281336,113.5,111.8,104.0,120.7,18.018817324613153,111.47999999999999,110.83,102.80999999999999,111.33623,112.42844
2023-11-14,134,107,113.6,104.2,113.0,111.1,103.0,101.0,0,0,119.0,7.483314773547907,111.8,111.3,103.8,117.6,15.805062480104294,110.67999999999999,109.02000000000001,103.08,115.8,7.036413227711201,111.8,111.3,103.8,116.3,12.832683966255201,111.49000000000001,108.75999999999999,103.33999999999999,118.161194,114.61938
2023-11-17,99,130,107.1,116.0,117.4,113.5,99.3,101.9,0,0,102.6,7.368853370776195,106.78,113.64000000000001,102.42,125.2,19.766132651583643,112.8,109.3,102.9,103.2,9.874771446018956,106.74000000000001,113.17,102.80999999999999,126.9,15.616586623772186,112.8,109.3,102.9,110.37167,114.79954
2023-11-17,99,120,108.3,114.1,117.1,109.5,104.8,98.6,0,0,115.4,7.829431652425288,110.85999999999999,113.58,101.83999999999999,116.8,15.959323293924497,114.74000000000001,111.5,99.39999999999999,118.2,10.239357618739886,111.17999999999999,113.13999999999999,101.47,115.1,13.067772062087288,114.82000000000001,111.75,99.5,113.10566,118.25013
2023-11-17,116,126,114.0,113.8,116.1,110.7,102.8,100.2,0,0,127.2,7.120393247567203,113.9,113.6,103.1,119.8,14.359665734271143,115.16,111.1,99.08,127.5,8.222597589029348,113.9,113.6,103.1,119.4,13.201010062365109,115.33,111.15,98.94,117.08567,119.83219
2023-11-17,108,100,112.8,107.2,110.4,116.1,99.2,102.1,0,0,110.2,9.20326029187483,113.7,108.3,97.7,105.2,15.610893632332504,107.8,115.9,101.6,111.9,7.062420107709425,113.7,108.3,97.7,102.3,11.832629087025015,107.8,115.9,101.6,115.1082,108.32305
2023-11-17,105,108,109.8,120.2,116.1,108.9,101.7,99.6,0,0,114.6,5.6391488719486205,112.2,110.7,99.9,120.2,15.770225109363524,115.7,109.3,100.4,116.7,7.732327520797871,112.2,110.7,99.9,118.8,13.439576712911043,115.7,109.3,100.4,112.728165,115.741135
2023-11-17,120,129,107.5,113.8,113.7,112.1,103.5,101.5,0,0,122.6,8.848728722251558,107.25999999999999,116.1,104.3,118.6,15.33949151699623,117.0,114.4,102.4,121.1,12.939603291188359,107.22999999999999,116.4,104.4,119.1,12.99957264254825,117.0,114.4,102.4,116.05373,124.415
2023-11-17,97,103,112.4,110.6,113.9,108.6,98.4,99.4,0,0,110.6,10.064790112068916,111.84,111.1,99.76,104.4,12.19836054558152,109.32000000000001,110.91999999999999,101.24000000000001,113.2,13.644697789902771,111.77000000000001,110.75,99.92999999999999,108.4,9.62866091993635,109.16,111.21,101.47,109.338486,107.89632
2023-11-17,115,110,115.0,115.6,110.6,110.3,99.9,99.3,0,0,121.4,13.93915348936224,112.44000000000001,110.04,101.1,108.6,10.406728592598142,115.0,111.7,100.3,117.2,12.925427136720396,112.12,109.97,101.25000000000001,111.0,8.28653526310417,115.0,111.7,100.3,114.827126,111.643974
2023-11-17,128,131,112.0,114.9,116.7,111.9,102.6,100.7,0,0,113.4,13.72224471433155,112.56000000000002,114.21999999999998,103.08,118.0,9.380831519646847,112.1,110.1,100.8,113.8,12.345039489608697,112.63,113.91,103.14000000000001,118.2,9.1505919662791,112.1,110.1,100.8,117.42368,117.867516
2023-11-17,95,107,105.0,113.6,113.9,113.0,100.3,103.0,0,0,100.0,15.182226450688987,110.6,115.58,100.86,126.4,7.635443667528409,112.16,111.63999999999999,103.64000000000001,102.9,11.522441870830486,111.3,115.79,100.92999999999999,121.8,8.469553313683937,111.97999999999999,111.47,103.72,114.47232,116.76731
2023-11-17,106,100,116.1,111.5,112.8,110.4,99.4,101.6,0,0,124.4,9.343446901438478,112.4,111.9,100.3,109.2,10.232301793829176,107.7,115.3,102.5,117.8,12.813187650923492,112.4,111.9,100.3,114.6,9.640193635676251,107.7,115.3,102.5,116.85723,108.91644
2023-11-21,126,107,110.6,109.8,108.6,116.1,99.4,101.7,0,0,113.0,12.509996003196811,109.0,111.5,101.7,110.6,13.921206844235885,112.2,110.7,99.9,117.9,9.960477453973391,109.0,111.5,101.7,110.5,10.13519719700718,112.2,110.7,99.9,113.53888,105.25566
2023-11-21,152,157,114.0,117.9,116.1,115.0,102.8,104.4,0,0,126.6,8.049844718999275,113.92,114.1,103.04,120.6,19.57804893241408,112.38,114.2,104.4,126.6,8.983936281558956,113.91000000000001,113.85,103.07000000000001,118.7,16.779948351132326,111.69000000000001,114.1,104.4,123.79507,120.268745
2023-11-21,119,122,113.8,112.8,110.7,110.4,100.2,99.2,0,0,112.6,10.454664030948114,115.16,111.1,99.08000000000001,117.0,0.9999999999998641,113.52000000000001,108.72,98.0,110.6,8.98393628155895,115.33,111.15,98.94,115.3,4.347413023856451,113.61000000000001,108.50999999999999,97.85,112.72479,108.61138
2023-11-21,120,107,114.9,105.0,111.9,113.9,100.7,100.3,0,0,113.4,7.829431652425387,112.66,110.46,100.78,113.4,12.11610498468878,110.6,115.58,100.86,113.8,7.7860273710168615,112.38,110.28,100.78999999999999,112.6,11.720826667849725,111.3,115.79,100.92999999999999,119.18489,110.40948
2023-11-21,131,99,113.6,112.0,113.0,116.7,103.0,102.6,0,0,121.4,10.139033484509277,112.16,111.63999999999999,103.64000000000001,119.2,7.981227975693982,112.56000000000002,114.21999999999998,103.08,118.0,8.90692614392479,111.97999999999999,111.47,103.71999999999998,119.0,7.1492035298425645,112.63,113.91,103.14000000000001,118.23303,118.9405
2023-11-24,113,96,110.6,120.2,108.6,108.9,99.4,99.6,0,0,116.0,13.65650028374767,109.32000000000001,110.92,101.24,118.4,16.712270940838643,116.6,109.22,100.24000000000001,118.6,10.286992865858487,109.16000000000001,111.21,101.47,118.2,13.806600675844177,116.15,109.25999999999999,100.32000000000001,112.10003,107.098854
2023-11-24,89,110,104.2,114.9,111.1,111.9,101.0,100.7,0,0,118.6,9.071934744033392,110.67999999999999,109.01999999999998,103.08,122.0,9.899494936611655,112.66,110.46,100.78,123.1,13.337082806137715,111.48999999999998,108.75999999999999,103.33999999999999,120.8,8.664102184685047,112.38,110.28,100.79,111.75729,113.70685
2023-11-24,100,98,114.1,111.7,109.5,109.9,98.6,98.3,0,0,125.2,15.578831791889899,114.9,112.0,99.6,111.6,13.612494260788495,110.66,110.54,98.46000000000001,122.6,14.713561393792176,114.9,112.0,99.6,107.6,11.749231653365358,110.53,110.62,98.47999999999999,108.02413,111.27711
2023-11-24,121,108,109.8,112.4,116.1,113.9,101.7,98.4,0,0,112.8,7.120393247567117,111.72,111.78,100.26000000000002,111.6,11.458621208504974,111.7,110.4,100.1,115.7,8.57710129744694,111.96,111.24000000000001,100.08000000000001,114.4,8.94675608499755,111.7,110.4,100.1,112.76539,109.46276
2023-11-24,136,113,117.9,107.2,115.0,116.1,104.4,102.1,0,0,124.4,8.173126696680999,112.38,114.2,104.4,104.0,15.763882770434432,107.67999999999999,115.94000000000001,101.69999999999999,126.2,11.951754868823544,111.68999999999998,114.1,104.4,101.7,11.776152927750939,107.73999999999998,115.92,101.64999999999999,120.09207,113.460266
2023-11-24,105,86,111.5,115.6,110.4,110.3,101.6,99.3,0,0,113.2,8.757853618324498,108.46,114.32000000000001,102.32000000000001,107.0,9.137833441248517,115.12,111.42,100.1,112.3,6.219146064997756,108.08,114.81000000000002,102.41,110.0,7.659416862050852,115.06000000000002,111.56000000000002,100.2,112.133064,117.56745
2023-11-24,131,128,116.0,108.3,113.5,117.1,101.9,104.8,0,0,109.0,7.176350047203547,113.44000000000001,110.13999999999999,102.7,111.0,4.6904157598234235,110.85999999999999,113.58,101.83999999999999,116.4,9.991107156978096,113.12,109.72,102.8,105.7,12.175111224680318,111.17999999999999,113.13999999999999,101.47,123.14865,116.74008
2023-11-24,111,124,113.1,113.8,106.6,112.1,99.3,101.5,0,0,111.2,8.899438184514759,111.3,111.3,103.2,120.4,16.056151469141017,116.35999999999999,113.94000000000001,102.22,112.0,10.842303978193778,111.3,111.3,103.2,119.2,13.079245645933359,116.68000000000002,114.17,102.31,114.245705,104.04547
2023-11-24,118,112,114.7,107.5,112.2,113.7,101.9,103.5,0,0,116.6,17.572706109191024,113.74000000000001,111.88,103.58,115.2,24.91385156895657,107.25999999999999,116.1,104.3,117.4,12.598059815348948,113.62,111.83999999999999,103.79,108.1,21.078952113950624,107.22999999999999,116.4,104.4,121.41994,112.52439
2023-11-24,106,116,116.1,115.0,112.8,110.6,99.4,99.9,0,0,120.2,12.173742234826573,113.14000000000001,112.08000000000001,100.11999999999999,109.8,8.526429498916874,112.44000000000001,110.04,101.1,117.6,12.997435644515951,112.77000000000001,111.99000000000001,100.21000000000001,111.6,9.91295448726904,112.12,109.97,101.25000000000001,113.86623,110.70409
2023-11-28,124,97,120.2,112.4,108.9,113.9,99.6,98.4,0,0,116.2,10.756393447619866,116.6,109.22,100.24000000000001,109.6,10.922453936730518,111.84,111.1,99.75999999999999,118.7,11.245245909074471,116.15,109.25999999999999,100.32000000000001,113.5,9.107384061542646,111.77000000000001,110.75,99.92999999999999,114.773575,110.26965
2023-11-28,115,103,110.4,109.8,113.3,116.1,99.3,101.7,0,0,108.6,9.449867723941946,112.47999999999999,112.34,99.93999999999998,110.0,14.017845768876187,111.72,111.78,100.26000000000002,111.5,9.37194394633968,112.73999999999998,112.22,100.02,109.6,9.991107156978273,111.96,111.24000000000001,100.08000000000001,113.192604,110.60363
2023-11-28,128,105,112.8,114.0,110.4,116.1,99.2,102.8,0,0,108.4,8.384509526501834,113.52000000000001,108.72,98.0,118.8,8.043631020876115,113.92,114.1,103.03999999999999,111.8,7.11492953037645,113.60999999999999,108.50999999999999,97.85,118.5,7.245688373094731,113.91000000000001,113.85,103.07000000000001,115.713524,109.06349
2023-11-28,124,131,111.7,116.0,109.9,113.5,98.3,101.9,0,0,120.0,11.61895003862225,110.66,110.54,98.46,130.0,16.59819267269786,113.44000000000001,110.14000000000001,102.7,120.6,12.303567684935096,110.53,110.62,98.47999999999999,126.5,15.465014279549473,113.12,109.72,102.8,112.617195,110.931984
2023-11-28,115,91,114.1,107.1,109.5,117.4,98.6,99.3,0,0,118.4,18.008331405213518,114.74000000000001,111.5,99.39999999999999,116.0,15.858751527153734,106.78,113.64000000000001,102.42,119.8,16.164432835360827,114.82000000000001,111.75,99.5,112.8,14.351151715299915,106.73999999999998,113.17,102.80999999999999,117.15141,109.08007
2023-11-28,106,103,113.1,117.0,106.6,109.8,99.3,102.0,0,0,113.0,7.348469228349488,111.66,110.35999999999999,102.42,114.4,10.014988766843416,113.24000000000001,110.92,103.35999999999999,110.3,9.274217547109437,111.47999999999999,110.83,102.80999999999999,110.2,8.625543461139191,112.76999999999998,111.05999999999999,103.53,113.13312,103.57901
2023-11-28,121,115,115.2,111.5,113.0,110.4,102.2,101.6,0,0,121.0,13.91042774324355,114.47999999999999,114.04,99.32,111.0,6.24499799839838,108.46,114.32000000000001,102.32000000000001,119.7,15.026273286776481,114.39000000000001,114.16999999999999,98.96,113.2,10.695793565696725,108.08,114.81000000000002,102.41,117.26122,113.84712
2023-11-28,124,123,113.8,114.7,112.1,112.2,101.5,101.9,0,0,114.4,14.310835055998645,116.35999999999999,113.94000000000001,102.22,130.8,18.552627846210914,113.74000000000001,111.88,103.58,118.5,12.149531312405081,116.68000000000002,114.17,102.31,124.9,14.371654200002496,113.62,111.83999999999999,103.79,116.409515,119.34871
2023-11-08,116,132,107.1,108.3,117.4,117.1,99.3,104.8,0,0,108.0,10.049875621120876,107.1,117.4,99.3,122.2,5.932958789676523,108.3,117.1,104.8,105.8,8.904430857100836,106.9,115.05,101.25,114.6,10.574602698079111,109.9,114.9,102.95,118.0214,115.021
2023-11-08,134,118,117.9,112.0,115.0,116.7,104.4,102.6,0,0,132.0,18.234582528810456,117.9,115.0,104.4,102.6,6.7305274681855645,112.0,116.7,102.6,128.2,13.910827118152053,115.14000000000001,114.6,104.4,110.9,11.179842972461222,112.28,115.46,102.83999999999999,126.75126,120.203224
2023-11-08,106,103,113.8,120.2,110.7,108.9,100.2,99.6,0,0,123.4,13.740451229854141,113.8,110.7,100.2,112.6,12.441864811996624,120.2,108.9,99.6,118.0,12.84090685617222,114.47999999999999,110.9,99.64,115.5,14.222439234455425,118.4,109.05999999999999,99.91999999999999,114.6769,113.169624
2023-11-08,100,93,110.4,116.1,113.3,112.8,99.3,99.4,0,0,118.2,5.805170109479973,110.4,113.3,99.3,114.8,12.275992831539115,116.1,112.8,99.4,113.4,8.959166627910552,111.7,112.7,99.7,115.9,13.87603849967426,114.25,112.35,99.85,114.382545,114.293434
2023-11-08,126,105,114.1,107.5,109.5,113.7,98.6,103.5,0,0,103.8,10.13410084812656,114.1,109.5,98.6,110.6,17.615334229017616,107.5,113.7,103.5,114.5,16.75476714914964,114.5,110.75,99.1,112.9,20.485496224293808,107.38,114.9,103.9,115.964554,109.213425
2023-11-08,115,116,112.4,114.9,113.9,111.9,98.4,100.7,0,0,108.4,12.621410380777585,112.4,113.9,98.4,106.6,9.633275663033825,114.9,111.9,100.7,107.9,12.314851016376755,112.05,112.15,99.25,114.3,12.275087689209279,113.78,111.17999999999999,100.74000000000001,110.30808,109.69667
2023-11-08,128,94,111.5,113.6,110.4,113.0,101.6,103.0,0,0,111.4,13.39029499301638,111.5,110.4,101.6,109.8,9.95991967839097,113.6,113.0,103.0,112.3,10.708771067577132,109.97999999999999,112.36000000000001,101.96000000000001,118.1,12.105554280760805,112.88,112.32000000000001,103.32000000000001,117.06065,116.03986
2023-11-08,102,108,104.2,111.7,111.1,109.9,101.0,98.3,0,0,105.6,11.58878768465452,104.2,111.1,101.0,104.8,10.329569206893371,111.7,109.9,98.3,115.1,17.10393067234667,108.25,109.8,102.3,106.3,12.918978287774861,111.05,110.3,98.4,107.56632,111.5879
2023-11-08,120,118,116.0,107.2,113.5,116.1,101.9,102.1,0,0,118.2,8.843076387773595,116.0,113.5,101.9,110.8,5.263078946776258,107.2,116.1,102.1,115.6,10.254538290705856,114.4,111.4,102.4,107.4,11.644741302407716,107.44000000000001,116.01999999999998,101.9,120.05276,112.47275
2023-11-08,122,101,113.1,115.0,106.6,110.6,99.3,99.9,0,0,111.8,7.085195833567292,113.1,106.6,99.3,110.8,6.140032573203489,115.0,110.6,99.9,112.4,6.834552736727698,112.38,108.47999999999999,100.86,113.3,8.79456903119446,113.4,110.25,100.65,113.11485,108.54349
2023-11-08,128,120,117.0,112.8,109.8,110.4,102.0,99.2,0,0,114.8,13.663820841916802,117.0,109.8,102.0,113.0,10.488088481701503,112.97999999999999,109.98000000000002,98.9,118.7,13.416821945271233,115.11999999999998,110.35999999999999,102.67999999999999,115.1,7.445356494710655,113.34,109.14000000000001,98.3,116.880356,111.605835
2023-11-08,116,127,115.2,109.8,113.0,116.1,102.2,101.7,0,0,125.6,11.148990985734981,115.2,113.0,102.2,107.0,9.380831519646861,109.8,116.1,101.7,121.4,9.78888258292164,114.75,113.65,100.39999999999999,108.8,11.350966674448701,111.0,113.4,100.8,118.29095,115.563446
2023-11-08,108,105,115.6,114.7,110.3,112.2,99.3,101.9,0,0,119.4,9.813256340277686,115.6,110.3,99.3,116.4,11.081516141756095,114.7,112.2,101.9,114.7,12.27508768920934,115.36000000000001,110.85999999999999,99.7,123.2,16.239868636578855,114.34,112.08,102.53000000000002,116.20011,114.48042
2023-11-08,121,118,113.8,105.0,112.1,113.9,101.5,100.3,0,0,114.4,14.081903280451819,114.44000000000001,112.55999999999999,101.68,105.0,6.1237243569579665,105.0,113.9,100.3,118.6,12.903057346570593,115.72,113.47999999999999,102.04,109.2,10.075272259899995,107.8,114.74000000000001,100.58,119.150406,109.98796
2023-11-09,126,124,117.9,116.0,115.0,113.5,104.4,101.9,1,1,131.6,18.14662503056697,117.9,115.0,104.4,121.2,12.255610959882864,115.36000000000001,112.66000000000001,102.1,128.0,13.800161029656422,115.83,114.7,104.4,127.1,15.466451147923813,114.08000000000001,110.97999999999999,102.5,119.67069,123.21771
2023-11-09,119,120,110.6,114.0,108.6,116.1,99.4,102.8,0,0,115.4,8.933084573650927,110.6,108.6,99.4,116.4,9.044335243676038,114.0,116.1,102.8,114.2,10.32580370829425,109.8,110.05,100.55000000000001,117.6,8.167687011088956,113.96000000000001,115.1,102.92,118.2987,110.21193
2023-11-11,112,97,110.6,116.0,108.6,113.5,99.4,101.9,0,0,114.0,7.245688373094732,110.6,108.6,99.4,125.0,8.276472678623481,116.0,113.5,101.9,115.0,10.360180178613422,109.96,109.75999999999999,100.32000000000001,125.1,14.286357128393577,114.4,111.4,102.4,114.96849,111.44496
2023-11-11,117,94,120.2,109.8,108.9,116.1,99.6,101.7,1,0,127.8,15.319921670818022,119.3,108.98000000000002,99.75999999999999,111.0,12.961481396815723,109.8,116.1,101.7,123.6,14.668181739927933,117.5,109.14000000000001,100.08000000000001,110.5,12.738829529347575,110.75999999999999,113.94000000000001,100.97999999999999,120.23362,111.07781
2023-11-11,109,117,114.0,111.7,116.1,109.9,102.8,98.3,0,0,129.0,14.000000000000032,114.0,116.1,102.8,104.2,9.959919678390975,111.7,109.9,98.3,128.1,10.51401181492795,113.95,114.84999999999998,102.95,107.9,11.901913945057474,111.17999999999999,110.22,98.38,116.16671,114.13503
2023-11-11,110,118,114.7,112.8,112.2,110.4,101.9,99.2,0,0,112.2,14.97330958739582,114.46000000000001,112.12,102.32000000000001,113.4,10.76104084185167,112.8,110.4,99.2,115.0,13.482498944104421,113.97999999999999,111.96,103.16000000000001,115.1,7.445356494710655,113.25,109.35,98.45,115.12328,112.440926
2023-11-12,129,107,114.1,107.1,109.5,117.4,98.6,99.3,0,0,109.0,13.72953021774596,114.1,109.5,98.6,115.4,13.974977638622573,107.1,117.4,99.3,113.7,15.888850038802595,114.42,110.5,98.99999999999999,114.6,13.801771222886199,106.9,115.05,101.25,114.90832,109.24712
2023-11-12,102,94,110.4,108.3,113.3,117.1,99.3,104.8,0,0,113.4,8.90505474435726,110.4,113.3,99.3,125.8,5.118593556827881,108.3,117.1,104.8,111.0,9.01849950564577,111.44000000000001,112.82000000000001,99.61999999999999,118.4,9.070097390142234,109.58,115.34,103.32000000000001,122.82337,114.797874
2023-11-12,101,105,116.1,104.2,112.8,111.1,99.4,101.0,0,0,115.2,8.642916174532779,116.1,112.8,99.4,109.4,3.049590136395446,104.2,111.1,101.0,119.8,9.772978620211552,114.25,112.35,99.85,114.5,11.946640624971826,108.25,109.8,102.3,115.70288,109.202415
2023-11-12,137,126,113.8,117.9,110.7,115.0,100.2,104.4,0,0,120.8,15.849290204927165,113.8,110.7,100.2,131.8,19.613770672667716,116.52000000000001,114.8,104.4,117.0,13.391539617733837,114.30999999999999,110.85,99.78,121.6,19.10322834845816,113.75999999999999,114.4,104.4,121.73333,115.493675
2023-11-12,119,108,112.4,107.2,113.9,116.1,98.4,102.1,0,0,110.0,12.903487900563947,112.4,113.9,98.4,111.8,6.1806148561449366,107.2,116.1,102.1,110.3,10.914312723310717,112.12,112.5,99.08,107.7,11.898179132399498,107.38,116.04,101.95,115.374214,110.01154
2023-11-12,107,104,111.5,115.6,110.4,110.3,101.6,99.3,0,0,116.0,14.54303957224897,111.5,110.4,101.6,104.2,17.152259326397783,115.6,110.3,99.3,114.3,11.6433099532163,110.35999999999999,111.87,101.86999999999999,106.4,13.574485871172765,115.3,111.0,99.8,112.28313,113.7524
2023-11-12,124,136,115.0,115.2,110.6,113.0,99.9,102.2,0,0,108.6,11.458621208504951,115.0,110.6,99.9,118.4,6.949820141557551,115.2,113.0,102.2,115.0,13.792107243718158,113.72,110.31999999999998,100.50000000000001,118.3,9.006787563955418,114.75,113.65,100.4,116.75063,112.92013
2023-11-12,113,118,107.5,111.7,113.7,109.9,103.5,98.3,0,1,118.2,5.84807660688535,107.5,113.7,103.5,108.0,10.6066017177982,111.7,109.9,98.3,121.4,6.501281924871889,107.35,115.2,104.0,110.4,10.762073323584996,111.31000000000002,110.14000000000001,98.35999999999999,111.67995,114.6044
2023-11-12,99,111,114.9,117.0,111.9,109.8,100.7,102.0,0,0,120.0,4.301162633521373,114.9,111.9,100.7,109.4,10.089598604503543,116.05999999999999,110.08,102.34,115.5,7.472170590486746,113.5,111.0,100.75,112.3,8.944893018427406,114.18000000000002,110.63999999999999,103.02000000000001,115.79245,114.73181
2023-11-12,110,116,114.7,113.1,112.2,106.6,101.9,99.3,1,0,107.0,7.071067811865447,114.7,112.2,101.9,115.8,21.58008341040414,112.74000000000001,107.53999999999999,100.08,113.7,13.25015723177147,114.1,112.0,102.95,114.4,18.404105822101535,112.02000000000001,109.42,101.64,111.400795,110.25224
2023-11-12,116,110,113.6,105.0,113.0,113.9,103.0,100.3,0,0,120.2,15.912259424732877,113.6,113.0,103.0,107.2,8.526429498916897,105.0,113.9,100.3,119.6,11.739770961233422,112.7,112.15,103.4,110.3,10.403525043625006,107.1,114.53,100.51,119.25202,110.81562
2023-11-13,114,98,120.2,114.1,108.9,109.5,99.6,98.6,0,1,127.2,15.754364474646373,120.2,108.9,99.6,109.4,15.076471735787557,114.1,109.5,98.6,123.3,14.78024206687953,117.95,109.1,100.0,114.6,14.997777613144407,114.5,110.75,99.1,113.069916,110.068825
2023-11-13,111,107,109.8,108.3,116.1,117.1,101.7,104.8,0,1,109.2,16.25423021862307,109.8,116.1,101.7,119.0,14.832396974191322,108.3,117.1,104.8,111.0,11.981467170407583,110.75999999999999,113.94000000000001,100.97999999999999,116.6,11.843422928641266,109.25999999999999,115.78,103.68999999999998,119.67672,114.86771
2023-11-13,118,109,116.0,112.4,113.5,113.9,101.9,98.4,0,1,120.2,7.563068160475549,116.0,113.5,101.9,103.4,5.594640292279744,112.4,113.9,98.4,114.6,9.118966803073304,114.72,111.82000000000001,102.3,106.5,8.809716857601641,112.12,112.5,99.08,122.22717,111.59806
2023-11-13,132,120,113.8,112.8,112.1,110.4,101.5,99.2,0,0,119.2,10.23230179382917,113.8,112.1,101.5,113.8,10.917875251164931,112.8,110.4,99.2,119.8,12.46149625401738,115.39999999999998,113.25,101.95,115.4,7.501111028818552,113.16000000000001,109.56000000000002,98.6,114.432724,114.655624
2023-11-15,117,130,108.3,115.2,117.1,113.0,104.8,102.2,0,1,109.0,6.782329983125196,108.94000000000001,116.22,104.05999999999999,122.8,9.833615815151568,115.2,113.0,102.2,116.2,11.650464940650869,110.22,114.46,102.58,121.5,9.046177830074575,114.83999999999999,113.52000000000001,100.76,117.6193,121.587204
2023-11-15,114,116,114.0,114.1,116.1,109.5,102.8,98.6,1,0,127.6,15.852444606432181,114.0,116.1,102.8,108.0,15.890248582070736,114.1,109.5,98.6,127.1,11.864512913165326,113.96000000000001,115.1,102.92,112.4,15.714112553158548,114.42,110.5,98.99999999999999,115.19038,118.49156
2023-11-15,107,117,113.8,120.2,110.7,108.9,100.2,99.6,1,0,123.0,17.435595774162696,113.8,110.7,100.2,114.0,10.319883720275136,120.2,108.9,99.6,119.0,14.809906594348776,114.13999999999999,110.8,99.91999999999999,112.6,13.418064109417733,118.85,109.02000000000001,99.84,112.82986,113.63372
2023-11-15,112,128,109.8,116.0,116.1,113.5,101.7,101.9,0,0,107.2,15.006665185843234,109.8,116.1,101.7,118.4,14.275853739794373,116.0,113.5,101.9,110.3,11.728881731293304,110.52000000000001,114.47999999999999,101.16,124.2,15.82403235588204,114.72,111.82000000000001,102.3,114.15281,120.16225
2023-11-15,94,96,112.4,110.6,113.9,108.6,98.4,99.4,0,1,114.4,10.968135666557018,112.4,113.9,98.4,105.0,5.61248608016091,110.6,108.6,99.4,111.2,11.252654007931739,112.19000000000001,112.85,98.91,104.7,8.95730614265986,109.96,109.75999999999999,100.32000000000001,111.07901,110.65634
2023-11-15,133,115,114.9,113.1,111.9,106.6,100.7,99.3,0,1,116.0,10.416333327999855,114.9,111.9,100.7,108.8,9.731392500562285,113.1,106.6,99.3,114.7,8.794569031194541,113.78,111.17999999999999,100.74,112.0,16.11762320498212,112.2,108.95,101.25,114.17137,110.75421
2023-11-15,110,125,113.6,113.8,113.0,112.1,103.0,101.5,1,0,116.6,13.921206844235893,113.6,113.0,103.0,108.2,17.824140933015514,113.8,112.1,101.5,119.0,11.756794725698823,112.88,112.32000000000001,103.32000000000001,114.3,17.237233601196632,115.08000000000001,113.02000000000001,101.86,117.5781,116.285805
2023-11-15,95,109,105.0,112.8,113.9,110.4,100.3,99.2,1,0,101.6,7.86129760281344,106.4,114.32000000000001,100.44,113.4,10.573551910309028,112.8,110.4,99.2,100.0,11.135528725660135,109.2,115.16000000000001,100.72,115.8,7.641989269816888,113.07000000000001,109.77000000000001,98.75,107.050705,115.370705
2023-11-16,122,115,111.7,110.4,109.9,113.3,98.3,99.3,0,0,112.2,9.628083921528725,111.7,109.9,98.3,115.6,10.990905331227209,110.4,113.3,99.3,117.8,12.865112168617587,111.05,110.3,98.4,116.5,10.091250335480535,111.7,112.7,99.7,115.79622,110.405655
2023-11-16,109,128,114.7,117.0,112.2,109.8,101.9,102.0,0,0,108.8,6.26099033699938,114.7,112.2,101.9,108.8,9.833615815151608,117.0,109.8,102.0,112.7,13.098345951556853,114.22,112.03999999999999,102.74000000000001,112.9,8.595218308907446,114.65,110.5,102.85,117.50092,118.59592
2023-11-18,108,122,107.1,114.1,117.4,109.5,99.3,98.6,1,1,110.2,10.425929215182679,107.1,117.4,99.3,107.2,15.221695043588314,114.1,109.5,98.6,106.4,9.406853293683792,106.93999999999998,115.52000000000001,100.86,113.4,15.579188397060776,114.33999999999999,110.25,98.89999999999999,109.28274,116.97238
2023-11-18,120,121,115.0,113.1,110.6,106.6,99.9,99.3,1,0,110.4,13.277801022759734,115.0,110.6,99.9,108.4,9.343446901438455,113.1,106.6,99.3,115.2,13.918812209859507,114.04,110.38999999999999,100.35,113.6,15.464655041595853,112.38,108.47999999999999,100.86,112.24685,111.37167
2023-11-18,102,97,112.4,111.7,113.9,109.9,98.4,98.3,1,0,112.4,13.867227552759065,112.4,113.9,98.4,109.4,11.523888232710336,111.7,109.9,98.3,107.8,10.73726636015373,112.26000000000002,113.2,98.74000000000001,110.4,10.762073323584996,111.44000000000001,110.06000000000002,98.34,107.80677,110.8954
2023-11-18,132,125,116.0,115.2,113.5,113.0,101.9,102.2,1,0,117.6,4.560701700396424,116.0,113.5,101.9,126.8,6.978538528947092,115.2,113.0,102.2,116.5,7.306770072260763,115.04,112.24000000000001,102.2,121.8,9.295160030897767,114.92999999999999,113.39000000000001,101.11999999999999,120.43168,120.481026
2023-11-18,108,120,107.5,104.2,113.7,111.1,103.5,101.0,1,0,118.8,4.868264577855198,107.5,113.7,103.5,107.8,2.774887385102393,104.2,111.1,101.0,120.7,7.024560089033604,107.38,114.9,103.9,112.7,11.87948745620899,107.44000000000001,110.05999999999999,102.03999999999999,113.70317,111.79344
2023-11-18,123,130,114.7,117.0,112.2,109.8,101.9,102.0,0,0,107.0,3.741657386773887,114.7,112.2,101.9,114.8,10.709808588392224,117.0,109.8,102.0,114.0,11.841546445554368,114.34,112.08,102.53000000000002,114.6,9.777525249264219,115.11999999999998,110.35999999999999,102.67999999999999,117.60577,118.64061
2023-11-19,99,121,110.4,113.8,113.3,110.7,99.3,100.2,0,0,110.8,10.134100848126574,110.4,113.3,99.3,121.0,8.774964387392158,114.13999999999999,110.8,99.92,110.1,9.456919865015939,111.17999999999999,112.93999999999998,99.53999999999999,117.3,11.165920373071625,114.82000000000001,111.0,99.36,112.67458,113.5914
2023-11-19,116,128,117.9,110.6,115.0,108.6,104.4,99.4,0,0,128.2,17.03525755602185,117.9,115.0,104.4,103.6,6.94982014155762,110.6,108.6,99.4,128.5,13.607595917966925,116.52000000000001,114.8,104.4,103.5,9.2646280731248,110.11999999999998,109.47,100.09,113.5984,115.03069
2023-11-19,121,109,112.8,115.6,110.4,110.3,99.2,99.3,0,0,110.4,13.63084736911099,112.8,110.4,99.2,103.0,16.852299546352707,115.6,110.3,99.3,109.4,10.720696494786793,113.16,109.55999999999999,98.60000000000001,105.0,12.952906151817057,115.36000000000001,110.85999999999999,99.69999999999999,111.57481,111.03416
2023-11-19,142,113,109.8,107.2,116.1,116.1,101.7,102.1,0,0,110.2,13.91761473816542,109.8,116.1,101.7,113.0,3.9999999999999374,107.2,116.1,102.1,110.1,11.67571078017186,110.28,115.01999999999998,101.34,108.3,11.728881731293352,107.32000000000001,116.05999999999999,101.99999999999999,116.09468,112.3543
2023-11-19,113,129,115.2,113.8,113.0,112.1,102.2,101.5,1,0,120.0,4.847679857416312,115.2,113.0,102.2,108.4,18.049930747789563,113.8,112.1,101.5,120.5,9.834745661288157,114.84,113.52000000000001,100.76,113.0,15.67021236472421,114.76000000000002,112.79,101.77,117.0208,116.84033
2023-11-19,100,102,104.2,120.2,111.1,108.9,101.0,99.6,1,0,101.8,7.758865896508345,104.2,111.1,101.0,115.8,9.782637681116467,120.2,108.9,99.6,110.2,11.90518094500584,107.44000000000001,110.05999999999999,102.03999999999999,113.2,13.47260595100706,119.3,108.97999999999999,99.76,107.06534,116.02255
2023-11-19,137,140,112.0,114.9,116.7,111.9,102.6,100.7,0,0,121.6,8.734987120768993,112.0,116.7,102.6,107.8,10.497618777608556,114.9,111.9,100.7,117.5,11.673807338558223,112.28,115.46,102.84,113.2,11.477514248883905,114.06000000000002,111.35999999999999,100.72999999999999,117.42368,118.28276
2023-11-19,91,134,105.0,117.0,113.9,109.8,100.3,102.0,0,1,100.4,8.414273587185074,105.0,113.9,100.3,120.2,10.059821071967425,117.0,109.8,102.0,99.9,11.17984297246124,108.5,114.95000000000002,100.65,115.8,10.91176734844844,115.59,110.22,102.50999999999999,107.94762,116.525
2023-11-19,105,104,113.6,111.5,113.0,110.4,103.0,101.6,0,0,112.4,11.436782764396648,113.6,113.0,103.0,107.4,14.380542409798032,110.73999999999998,111.38,101.78,118.4,12.075687236021798,113.05999999999999,112.48999999999998,103.24000000000001,108.3,11.804424782446768,109.22,113.33999999999999,102.14,118.06266,114.65609
2023-11-20,121,118,107.1,120.2,117.4,108.9,99.3,99.6,0,1,112.0,8.631338250816016,107.1,117.4,99.3,111.0,9.407443861113377,120.2,108.9,99.6,108.1,7.694875639743117,106.97999999999999,115.99000000000001,100.47,109.4,9.97997995989975,119.75000000000003,108.94000000000001,99.67999999999999,110.15697,118.33406
2023-11-20,103,107,107.2,115.6,116.1,110.3,102.1,99.3,1,1,110.8,8.04363102087608,107.2,116.1,102.1,107.6,13.939153489362248,115.6,110.3,99.3,109.0,7.039570693980862,107.44000000000001,116.01999999999998,101.9,106.6,12.27644537767808,115.42,110.72,99.6,109.96156,120.22433
2023-11-20,129,142,108.3,116.0,117.1,113.5,104.8,101.9,0,0,110.6,7.668115805072262,108.3,117.1,104.8,117.8,13.66382084191684,116.0,113.5,101.9,114.3,9.393259994982293,109.9,114.9,102.95,124.4,15.861904047118735,115.04,112.24000000000001,102.2,115.02726,121.582405
2023-11-20,100,118,112.4,111.7,113.9,109.9,98.4,98.3,0,0,112.0,14.195069566578397,112.4,113.9,98.4,110.8,8.642916174532742,111.7,109.9,98.3,107.5,10.865337342004416,112.33,113.55,98.57000000000001,107.2,9.271221901969215,111.57000000000001,109.97999999999999,98.32,108.9931,109.09103
2023-11-20,117,100,113.1,114.1,106.6,109.5,99.3,98.6,0,0,115.0,7.416198487095618,113.1,106.6,99.3,106.4,14.046351839534742,114.1,109.5,98.6,112.1,6.261877602693313,112.55999999999999,108.00999999999999,100.47,112.6,14.818906842274224,114.26000000000002,110.0,98.8,110.47675,108.54632
2023-11-20,129,93,115.0,113.8,110.6,112.1,99.9,101.5,0,1,115.2,10.894952959971851,115.0,110.6,99.9,108.2,17.753872816937694,113.8,112.1,101.5,116.9,13.28700283903205,114.36000000000001,110.46,100.2,113.8,16.3149556474352,114.44000000000001,112.55999999999999,101.67999999999999,115.47229,110.57184
2023-11-20,99,124,107.5,116.1,113.7,112.8,103.5,99.4,0,0,116.4,6.730527468185511,107.5,113.7,103.5,108.2,13.553597308463894,116.1,112.8,99.4,118.9,7.781031065639305,107.41,114.60000000000002,103.8,113.5,15.629388272666846,114.62,112.44000000000001,99.76,113.29785,120.72813
2023-11-20,121,116,114.7,111.5,112.2,110.4,101.9,101.6,0,1,110.8,7.596051605933151,114.7,112.2,101.9,105.4,13.921206844235877,111.5,110.4,101.6,114.3,12.046668511344588,114.46000000000001,112.12,102.32000000000001,107.3,11.69092715646525,109.6,112.85,102.05,116.77727,113.337715
2023-11-22,117,114,107.1,108.3,117.4,117.1,99.3,104.8,0,0,113.0,9.460443964212233,107.1,117.4,99.3,116.4,15.725775020646832,108.3,117.1,104.8,109.4,8.707595662536436,107.02000000000001,116.46000000000001,100.08,116.9,11.522441870830399,108.94000000000001,116.22,104.05999999999999,118.89927,113.92293
2023-11-22,124,119,110.6,115.6,108.6,110.3,99.4,99.3,1,0,113.8,7.2938330115242,110.6,108.6,99.4,107.4,13.939153489362248,115.6,110.3,99.3,114.3,10.296169730104111,110.12,109.47,100.09,107.0,12.211106056009564,115.47999999999999,110.58,99.5,112.08739,109.03951
2023-11-22,147,145,114.0,110.4,116.1,113.3,102.8,99.3,1,0,120.0,8.746427842267943,114.0,116.1,102.8,116.8,10.401922899156615,110.4,113.3,99.3,126.5,12.402956636759377,113.97,115.35,102.88999999999999,115.8,9.90847000186104,111.44000000000001,112.82000000000001,99.61999999999999,118.56333,114.31516
2023-11-22,119,116,120.2,116.0,108.9,113.5,99.6,101.9,0,0,125.8,16.724233913695407,120.2,108.9,99.6,124.0,16.53783540854126,116.0,113.5,101.9,121.0,14.189197769195182,118.4,109.05999999999999,99.91999999999999,123.7,14.772722610721924,115.36000000000001,112.66,102.10000000000001,117.85079,113.27261
2023-11-22,96,129,112.8,111.7,110.4,109.9,99.2,98.3,1,0,109.0,11.575836902790225,112.8,110.4,99.2,111.6,9.181503144910407,111.7,109.9,98.3,110.7,11.304374767712254,113.07000000000001,109.77000000000001,98.75,108.2,9.886017061149108,111.7,109.9,98.3,109.379776,108.11087
2023-11-22,131,132,117.9,109.8,115.0,116.1,104.4,101.7,1,1,130.4,13.667479650615897,117.9,115.0,104.4,109.2,14.839137441239638,109.8,116.1,101.7,127.2,14.1641174176941,117.21,114.9,104.4,107.1,12.068784344562488,110.52000000000001,114.47999999999999,101.16,120.99788,116.45733
2023-11-22,111,91,111.5,104.2,110.4,111.1,101.6,101.0,0,0,118.4,10.691117808723254,111.5,110.4,101.6,110.4,6.024948132556859,104.2,111.1,101.0,112.9,11.58974642613985,110.74000000000001,111.38,101.78,114.0,11.897712198383369,106.63,110.32000000000001,101.78,113.871315,108.513
2023-11-22,112,99,113.1,113.8,106.6,110.7,99.3,100.2,0,1,117.2,5.449770637375423,113.1,106.6,99.3,118.4,5.128352561983295,113.8,110.7,100.2,112.7,6.4299645756757755,112.73999999999998,107.53999999999999,100.08,118.2,11.05340570945335,114.65,110.95,99.5,114.580345,108.1069
2023-11-22,117,112,115.0,113.8,110.6,112.1,99.9,101.5,0,0,120.6,9.289779329994841,115.0,110.6,99.9,106.6,18.88915032498813,113.8,112.1,101.5,116.0,11.935009193312148,114.68000000000002,110.53,100.05000000000001,111.2,17.427946905282138,114.12,112.33,101.59,115.435905,110.77791
2023-11-22,116,102,117.0,112.4,109.8,113.9,102.0,98.4,0,0,115.8,14.567086187704115,117.0,109.8,102.0,105.8,4.658325879540842,112.4,113.9,98.4,118.1,12.775410408715317,115.58999999999999,110.22,102.50999999999999,106.2,8.651268372004418,112.19000000000001,112.85,98.91000000000001,119.3379,111.90809
2023-11-22,102,109,107.5,116.1,113.7,112.8,103.5,99.4,0,0,112.4,9.964938534682474,107.5,113.7,103.5,111.4,15.274161188098013,116.1,112.8,99.4,117.1,10.027185270276203,107.43999999999998,114.3,103.7,111.8,13.011106366827045,114.98999999999998,112.53,99.67,113.333435,119.906235
2023-11-22,123,115,114.9,114.7,111.9,112.2,100.7,101.9,1,0,118.6,12.973048986263812,114.9,111.9,100.7,113.0,11.532562594670836,114.7,112.2,101.9,118.0,8.856886837057731,114.06000000000002,111.35999999999999,100.72999999999999,122.7,16.76007159889253,114.46000000000001,112.12,102.32000000000001,115.84037,114.62793
2023-11-22,121,105,105.0,112.0,113.9,116.7,100.3,102.6,1,1,95.6,3.2863353450310537,105.0,113.9,100.3,106.4,9.126883367283728,112.0,116.7,102.6,97.8,10.612361764575555,107.8,114.74000000000001,100.58,109.9,9.84829370443888,112.21,115.77000000000001,102.78,112.99916,113.7475
2023-11-22,101,104,113.6,115.2,113.0,113.0,103.0,102.2,1,0,113.4,10.237187113655793,113.6,113.0,103.0,126.6,7.021395872616714,115.2,113.0,102.2,118.1,12.39578781504238,113.24000000000001,112.66,103.16,123.5,7.947746011710857,115.02000000000001,113.26000000000002,101.47999999999999,117.30776,123.5637
2023-11-25,123,127,117.0,113.8,109.8,110.7,102.0,100.2,0,0,120.0,9.055385138137419,117.0,109.8,102.0,115.4,10.21273714534946,113.8,110.7,100.2,119.0,12.211106056009495,116.05999999999999,110.08,102.34,117.6,11.974046007000975,114.47999999999999,110.9,99.64,116.40492,113.79606
2023-11-25,112,97,110.4,111.7,113.3,109.9,99.3,98.3,0,1,108.0,11.247221879201982,110.4,113.3,99.3,115.8,11.606032913963311,111.7,109.9,98.3,109.8,9.784341231443898,110.92,113.05999999999999,99.46000000000001,110.0,11.88836966675124,111.7,109.9,98.3,111.35346,112.65863
2023-11-25,108,136,108.3,114.0,117.1,116.1,104.8,102.8,1,0,113.0,11.22497216032178,108.3,117.1,104.8,119.4,6.426507605223887,114.0,116.1,102.8,114.2,9.211104409594205,109.58,115.34,103.32000000000001,117.2,7.913420387052767,113.97,115.35,102.88999999999999,120.10754,122.34113
2023-11-25,115,121,112.8,113.6,110.4,113.0,99.2,103.0,0,0,107.2,12.96919426949878,112.8,110.4,99.2,107.2,12.296340919151504,113.6,113.0,103.0,108.7,12.009718287009642,112.97999999999999,109.98000000000002,98.9,115.2,14.109098719148186,113.05999999999999,112.48999999999998,103.24000000000001,116.00482,112.25278
2023-11-25,105,100,112.0,115.0,116.7,110.6,102.6,99.9,0,1,123.4,11.0136279218067,112.0,116.7,102.6,110.8,6.140032573203489,115.0,110.6,99.9,120.9,11.929887770730291,112.21,115.77000000000001,102.78,110.3,7.0245600890337245,113.72,110.31999999999998,100.50000000000001,117.16947,118.49832
2023-11-25,107,88,116.1,115.2,112.8,113.0,99.4,102.2,1,0,114.2,10.134100848126602,116.1,112.8,99.4,122.4,12.421755109484291,115.2,113.0,102.2,117.2,11.02320784123712,114.62,112.44000000000001,99.76,121.7,10.078028907810596,115.11000000000001,113.13,101.84,117.80217,113.29732
2023-11-26,108,102,116.0,105.0,113.5,113.9,101.9,100.3,0,0,120.4,7.924645102463517,116.0,113.5,101.9,107.0,8.426149773176373,105.0,113.9,100.3,118.0,8.806563209081716,115.36000000000001,112.66,102.10000000000001,110.4,10.394442959795574,106.4,114.32000000000001,100.44,121.80126,109.64865
2023-11-26,113,103,120.2,114.0,108.9,116.1,99.6,102.8,0,1,124.8,17.00588133558504,120.2,108.9,99.6,124.6,7.368853370776247,114.0,116.1,102.8,120.7,14.197417605560066,118.85,109.02000000000001,99.84,120.1,8.99938269487907,113.98000000000002,115.6,102.85999999999999,128.95702,112.6901
2023-11-26,113,116,114.1,114.9,109.5,111.9,98.6,100.7,0,0,111.8,16.422545478700904,114.1,109.5,98.6,114.2,17.83816134022786,114.9,111.9,100.7,112.9,14.745620818851098,114.33999999999999,110.25,98.89999999999999,115.5,14.284801558144048,114.33999999999999,111.54,100.72,113.03402,110.44221
2023-11-26,130,117,110.6,107.1,108.6,117.4,99.4,99.3,0,0,115.4,8.64869932417587,110.6,108.6,99.4,112.0,13.416407864998774,107.1,117.4,99.3,113.9,9.768998583956003,110.28,109.17999999999999,99.86,114.0,14.007934259633815,106.93999999999998,115.52000000000001,100.86,116.701,108.219055
2023-11-26,97,119,104.2,113.1,111.1,106.6,101.0,99.3,0,0,104.0,3.7416573867739755,104.2,111.1,101.0,111.8,10.37786105129568,113.1,106.6,99.3,108.9,12.269655432995714,106.63,110.32000000000001,101.78,113.8,15.554920621962559,112.55999999999999,108.00999999999999,100.47,108.82709,112.42638
2023-11-26,118,109,110.4,112.4,113.3,113.9,99.3,98.4,1,0,107.6,11.01362792180668,110.4,113.3,99.3,105.8,4.658325879540842,112.4,113.9,98.4,110.9,9.29097531060232,110.66,113.17999999999999,99.38,104.3,6.961002482082298,112.26000000000002,113.2,98.74000000000001,111.74323,109.6337
2023-11-26,105,102,112.8,109.8,110.4,116.1,99.2,101.7,1,0,107.6,13.221195104830729,112.8,110.4,99.2,115.0,17.277152543171,109.8,116.1,101.7,108.7,12.009718287009642,112.89000000000001,110.19000000000001,99.05,108.3,13.944732179412993,110.28,115.01999999999998,101.34,113.97707,110.95976
2023-11-26,132,120,115.6,107.5,110.3,113.7,99.3,103.5,0,0,118.8,10.521406750050119,115.6,110.3,99.3,109.2,17.753872816937704,107.5,113.7,103.5,113.9,12.4405251764814,115.42,110.72,99.6,111.9,20.61525864229914,107.41,114.6,103.8,120.44163,108.968864
2023-11-27,107,126,107.2,108.3,116.1,117.1,102.1,104.8,0,0,107.4,6.655824516917494,107.2,116.1,102.1,115.0,15.52417469626002,108.3,117.1,104.8,109.3,6.667499947923072,107.38,116.04,101.95,117.4,11.246727919216662,108.62,116.66,104.42999999999999,119.24997,116.62601
2023-11-27,110,114,117.9,105.0,115.0,113.9,104.4,100.3,0,1,131.8,13.19848476151712,117.9,115.0,104.4,107.8,7.496665925596541,105.0,113.9,100.3,128.8,13.521998537363034,117.9,115.0,104.4,107.9,8.849984306326276,105.7,114.11000000000001,100.37,118.59132,110.11583
2023-11-27,138,94,113.8,113.6,110.7,113.0,100.2,103.0,0,0,121.6,18.582249594707314,113.8,110.7,100.2,110.0,13.747727084867508,113.6,113.0,103.0,119.4,14.377451481786098,113.96999999999998,110.75,100.06,113.9,12.71438380557855,113.23999999999998,112.66,103.16,118.139725,113.238594
2023-11-27,114,112,112.0,115.0,116.7,110.6,102.6,99.9,0,0,121.6,13.40895223348939,112.0,116.7,102.6,107.6,6.877499545619748,115.0,110.6,99.9,118.1,12.059574342958019,112.14000000000001,116.08,102.71999999999998,107.9,5.820461990063974,114.04,110.38999999999999,100.35,117.173004,119.36232
2023-11-27,104,113,116.1,115.6,112.8,110.3,99.4,99.3,0,1,114.4,9.939818911831358,116.1,112.8,99.4,105.6,10.853570840972099,115.6,110.3,99.3,116.9,11.278790321267234,114.98999999999998,112.53,99.67,107.4,12.562731479348932,115.54,110.44000000000001,99.4,115.25098,113.473694
2023-11-29,107,133,107.2,113.6,116.1,113.0,102.1,103.0,0,0,105.2,3.1937438845342623,107.2,116.1,102.1,103.4,11.238327277669026,113.6,113.0,103.0,108.3,6.111010100175195,107.32000000000001,116.05999999999999,101.99999999999999,109.8,11.726513169357476,113.42,112.83,103.08,115.71257,120.84303
2023-11-29,139,120,110.6,108.3,108.6,117.1,99.4,104.8,0,0,117.4,10.853570840972115,110.6,108.6,99.4,114.6,15.126136320951227,108.3,117.1,104.8,115.6,10.996969279457613,110.44000000000001,108.88999999999999,99.63000000000001,118.4,11.548929724341388,108.3,117.1,104.8,122.04332,108.76063
2023-11-29,112,105,109.8,114.9,116.1,111.9,101.7,100.7,1,0,117.2,19.562719647329185,109.8,116.1,101.7,118.4,14.310835055998645,114.9,111.9,100.7,113.7,15.268340519592208,110.03999999999999,115.56000000000002,101.52,114.3,13.605962745143088,114.62,111.72,100.71000000000001,112.60217,118.790955
2023-11-29,105,91,104.2,112.0,111.1,116.7,101.0,102.6,0,0,102.6,4.878524367060212,104.2,111.1,101.0,106.6,9.0719347440334,112.0,116.7,102.6,105.4,9.663217775553573,105.82000000000001,110.58,101.52000000000001,109.0,9.84321537348901,112.14000000000001,116.08,102.71999999999998,113.15507,117.074135
2023-11-29,124,114,115.0,113.8,110.6,110.7,99.9,100.2,0,0,119.0,9.02773504263386,115.0,110.6,99.9,115.6,10.47854951794382,113.8,110.7,100.2,116.4,11.89023876033526,115.0,110.6,99.9,119.2,12.062798643395704,114.30999999999999,110.85,99.78,114.90887,112.05971
2023-11-29,134,124,115.6,111.5,110.3,110.4,99.3,101.6,0,1,121.4,12.074767078498873,115.6,110.3,99.3,108.6,14.205632685663804,111.5,110.4,101.6,118.3,9.75306219718829,115.47999999999999,110.58,99.5,109.8,10.422198531126787,109.97999999999999,112.36000000000001,101.96000000000001,115.947296,109.736046
2023-11-29,117,131,113.8,116.1,112.1,112.8,101.5,99.4,1,0,124.6,7.668115805072302,113.8,112.1,101.5,109.6,14.825653442597387,116.1,112.8,99.4,119.5,12.085344660188879,115.08000000000001,113.02000000000001,101.86,113.3,11.508933728002507,115.35999999999999,112.62,99.58000000000001,117.05102,115.56732
2023-11-30,95,103,112.8,105.0,110.4,113.9,99.2,100.3,0,0,110.4,9.889388252060897,112.8,110.4,99.2,110.8,5.932958789676551,105.0,113.9,100.3,109.7,11.126045518911445,112.8,110.4,99.2,106.8,6.972963661329469,105.0,113.9,100.3,113.6545,106.83185
2023-11-30,128,129,110.4,107.1,113.3,117.4,99.3,99.3,0,0,106.2,8.378544026261348,110.4,113.3,99.3,117.2,6.496152707564761,107.1,117.4,99.3,112.2,9.283198682446546,110.4,113.3,99.3,116.1,12.502888555138906,106.97999999999999,115.99000000000001,100.47,114.0435,110.60917
2023-11-30,142,132,111.7,117.9,109.9,115.0,98.3,104.4,0,0,112.4,9.864076236526154,111.7,109.9,98.3,128.8,18.992103622295247,117.9,115.0,104.4,116.2,10.92194528867866,111.17999999999999,110.22,98.38,123.3,18.607346219526733,114.45,114.5,104.4,117.560005,110.97131
2023-11-30,118,112,114.1,107.2,109.5,116.1,98.6,102.1,0,1,113.6,15.836666315863308,114.1,109.5,98.6,113.4,3.847076812334204,107.2,116.1,102.1,114.1,14.145670715805657,114.26000000000002,110.0,98.8,107.4,10.875047892614855,107.25999999999999,116.08,102.04999999999998,121.66493,110.28126
2023-11-30,120,113,112.4,116.0,113.9,113.5,98.4,101.9,0,0,106.0,10.559356040971446,112.4,113.9,98.4,121.4,16.57709262808171,116.0,113.5,101.9,107.2,11.043348928452618,112.4,113.9,98.4,121.3,13.74408963882296,115.68000000000002,113.08,102.00000000000001,112.50239,109.44341
2023-11-30,101,90,113.1,112.0,106.6,116.7,99.3,102.6,0,1,117.6,4.827007354458797,113.1,106.6,99.3,104.4,11.48041811085295,112.0,116.7,102.6,113.4,5.853773711604115,112.92,107.07000000000001,99.69,107.1,11.347540115226208,112.07000000000001,116.39000000000001,102.66,121.87135,106.79788
2023-11-30,133,110,117.0,113.6,109.8,113.0,102.0,103.0,0,1,119.8,8.955445270895247,117.0,109.8,102.0,109.8,17.108477430794352,113.6,113.0,103.0,119.5,12.267844146385329,116.53,109.94000000000001,102.17,111.3,13.687382673266915,113.6,113.0,103.0,120.422806,118.02314
2023-11-30,135,137,107.5,114.0,113.7,116.1,103.5,102.8,0,0,107.6,7.162401831787973,107.5,113.7,103.5,119.8,11.861703081766986,114.0,116.1,102.8,114.4,10.101705026600419,107.47,114.0,103.6,118.1,10.39711498445603,113.99000000000001,115.85,102.83,117.20244,121.23313
2023-11-30,120,114,114.7,116.1,112.2,112.8,101.9,99.4,0,1,114.6,6.804410334481573,114.7,112.2,101.9,110.8,16.5287628091155,116.1,112.8,99.4,113.4,11.037310461440384,114.58,112.16,102.11000000000001,115.0,12.806248474865614,115.72999999999999,112.71,99.49,119.00741,115.09367
2023-12-01,130,125,110.6,108.3,108.6,117.1,99.4,104.8,0,0,124.8,10.329569206893389,110.6,108.6,99.4,112.2,12.377398757412637,108.3,117.1,104.8,120.1,10.365005225919315,110.6,108.6,99.4,119.0,11.45037602487836,108.3,117.1,104.8,122.64763,109.223946
2023-12-01,125,119,120.2,113.8,108.9,110.7,99.6,100.2,0,0,123.6,17.714400921284344,120.2,108.9,99.6,115.0,10.464224768228206,113.8,110.7,100.2,122.3,11.954078801814884,119.3,108.97999999999999,99.76,120.2,11.03328298075108,114.13999999999999,110.8,99.92,114.77994,111.59925
2023-12-01,106,119,109.8,114.1,116.1,109.5,101.7,98.6,0,1,121.4,13.992855319769419,109.8,116.1,101.7,109.0,10.246950765959648,114.1,109.5,98.6,112.8,15.053976957011104,109.8,116.1,101.7,108.8,12.227473619317767,114.17999999999999,109.75,98.7,112.62027,117.29418
2023-12-01,94,108,115.2,104.2,113.0,111.1,102.2,101.0,0,0,118.4,5.683308895353115,115.2,113.0,102.2,107.4,10.691117808723295,104.2,111.1,101.0,120.9,9.386160024206074,114.93000000000002,113.39000000000001,101.12,110.0,12.265579661982889,105.82000000000001,110.58,101.52000000000001,117.74309,110.55231
2023-12-01,121,106,115.0,107.5,110.6,113.7,99.9,103.5,0,1,122.8,4.549725266430865,115.0,110.6,99.9,116.6,10.212737145349408,107.5,113.7,103.5,115.7,11.116054455906,115.0,110.6,99.9,109.7,18.061930498519096,107.44000000000001,114.3,103.7,120.66538,109.76953
2023-12-01,111,119,114.9,115.6,111.9,110.3,100.7,99.3,0,0,118.0,12.609520212918511,114.9,111.9,100.7,110.4,5.813776741499439,115.6,110.3,99.3,118.8,8.916900308465564,114.33999999999999,111.54,100.72,107.3,12.508219519802084,115.6,110.3,99.3,114.66292,111.749985
2023-12-02,113,112,116.1,114.7,112.8,112.2,99.4,101.9,0,0,110.6,9.449867723941978,116.1,112.8,99.4,114.8,10.848963084092457,114.7,112.2,101.9,114.9,11.647126493498533,115.35999999999999,112.62,99.58000000000001,122.3,16.905291742199918,114.58000000000001,112.16,102.11000000000001,116.60765,114.993706
2023-12-02,117,123,107.1,113.1,117.4,106.6,99.3,99.3,0,0,116.6,5.319774431308125,107.1,117.4,99.3,116.8,3.193743884534245,113.1,106.6,99.3,111.1,8.319321553535028,107.05999999999999,116.92999999999999,99.69,115.7,14.8252787120138,112.73999999999998,107.53999999999999,100.08,109.99018,115.222664
2023-12-02,129,101,110.4,110.6,113.3,108.6,99.3,99.4,0,1,111.8,11.840608092492536,110.4,113.3,99.3,108.8,12.755391017134675,110.6,108.6,99.4,112.6,9.912954487268976,110.4,113.3,99.3,104.7,11.55710459702885,110.28,109.17999999999999,99.86000000000001,112.66742,112.11292
2023-12-02,101,110,107.2,112.8,116.1,110.4,102.1,99.2,0,0,106.4,2.1908902300206634,107.2,116.1,102.1,112.4,10.73778375643688,112.8,110.4,99.2,108.5,6.0231036665307816,107.25999999999999,116.08,102.04999999999998,114.9,7.880355321938019,112.97999999999999,109.98000000000002,98.9,110.41445,116.00875
2023-12-02,129,144,111.7,117.9,109.9,115.0,98.3,104.4,0,0,116.0,16.32482771731451,111.7,109.9,98.3,128.8,18.992103622295247,117.9,115.0,104.4,117.7,13.333749993489834,111.31000000000002,110.14000000000001,98.35999999999999,124.7,18.69075826296106,115.14000000000001,114.6,104.4,119.4986,111.18415
2023-12-02,124,118,112.4,115.0,113.9,110.6,98.4,99.9,0,1,107.0,11.789826122551602,112.4,113.9,98.4,107.8,7.014271166700062,115.0,110.6,99.9,108.5,11.759157188241756,112.4,113.9,98.4,108.2,5.959119994689882,114.36000000000001,110.46,100.2,111.078476,112.441696
2023-12-02,132,121,116.0,114.0,113.5,116.1,101.9,102.8,0,0,120.0,8.602325267042566,116.0,113.5,101.9,122.6,14.223220451079301,114.0,116.1,102.8,118.3,8.35397443669089,115.68000000000002,113.08,102.00000000000001,120.4,11.83403753773176,114.0,116.1,102.8,120.99722,120.25366
2023-12-02,120,126,115.2,117.0,113.0,109.8,102.2,102.0,1,0,112.2,11.054410884348377,115.2,113.0,102.2,122.2,11.84060809249254,117.0,109.8,102.0,118.0,12.596295751794234,115.02000000000001,113.25999999999999,101.47999999999999,117.5,12.349089035228394,116.05999999999999,110.08,102.34,116.07814,120.99539
2023-12-02,116,109,114.9,104.2,111.9,111.1,100.7,101.0,1,1,117.4,12.915107432770373,114.9,111.9,100.7,107.2,10.663020210053078,104.2,111.1,101.0,118.0,9.24962461700785,114.62,111.72,100.71000000000001,107.1,7.781031065639537,105.01000000000002,110.83999999999999,101.26,115.652275,110.46934
2023-12-02,118,113,112.0,105.0,116.7,113.9,102.6,100.3,0,0,120.4,13.849187701811255,112.0,116.7,102.6,109.4,6.913754406977461,105.0,113.9,100.3,119.7,9.978309810116373,112.07000000000001,116.39000000000001,102.66,107.2,6.579429222120107,105.0,113.9,100.3,117.682304,110.72553
2023-12-02,123,117,113.8,115.6,112.1,110.3,101.5,99.3,0,1,123.2,8.408329203831142,113.8,112.1,101.5,113.4,5.549774770204626,115.6,110.3,99.3,119.1,12.096372275282478,114.76000000000002,112.78999999999999,101.77000000000001,108.2,13.036700332352428,115.6,110.3,99.3,114.5591,115.30665
2023-12-02,107,97,113.6,111.5,113.0,110.4,103.0,101.6,0,0,112.4,11.326958991715307,113.6,113.0,103.0,110.4,15.709869509324378,111.5,110.4,101.6,116.1,13.44494948546348,113.41999999999999,112.83,103.08,110.7,11.274849099753904,110.35999999999999,111.87,101.86999999999999,118.09099,115.87434
2023-12-11,114,116,107.1,111.7,117.4,109.9,99.3,98.3,0,0,115.8,4.764451699828605,107.1,117.4,99.3,111.8,14.237275020171511,111.7,109.9,98.3,111.9,8.478076301719586,107.1,117.4,99.3,109.9,12.004165943538005,111.7,109.9,98.3,110.73764,114.09895
2023-12-11,123,131,107.2,117.9,116.1,115.0,102.1,104.4,0,0,105.4,3.286335345030997,107.2,116.1,102.1,126.2,14.53272169966797,117.9,115.0,104.4,107.8,6.477310827461847,107.2,116.1,102.1,129.6,16.31086890525603,115.83,114.7,104.4,115.34865,123.01702
2023-12-11,104,94,110.6,112.8,108.6,110.4,99.4,99.2,0,0,127.0,9.949874371066205,110.6,108.6,99.4,115.4,5.458937625582444,112.8,110.4,99.2,120.5,10.690078473883116,110.6,108.6,99.4,114.2,7.983315935958599,112.89000000000001,110.19000000000001,99.05,112.07866,109.30805
2023-12-11,146,101,113.8,108.3,110.7,117.1,100.2,104.8,0,0,126.8,18.860010604450892,113.8,110.7,100.2,118.4,7.956129712366424,108.3,117.1,104.8,123.1,13.868028779254287,113.8,110.7,100.2,118.7,11.225467077636871,108.3,117.1,104.8,127.07999,112.699356
2023-12-11,122,129,114.0,115.6,116.1,110.3,102.8,99.3,0,0,125.4,14.90972836774703,114.0,116.1,102.8,115.0,5.099019513592765,115.6,110.3,99.3,128.0,13.952299690970902,113.97999999999999,115.59999999999998,102.85999999999999,111.3,10.635893108819046,115.6,110.3,99.3,115.71955,120.21466
2023-12-11,136,130,114.1,109.8,109.5,116.1,98.6,101.7,0,0,119.4,7.893034904268418,114.1,109.5,98.6,115.6,16.622274212634082,109.8,116.1,101.7,114.1,14.145670715805657,114.17999999999999,109.75,98.7,109.2,13.113182510571413,110.03999999999999,115.56000000000002,101.52,116.67155,109.87253
2023-12-11,93,82,111.5,107.5,110.4,113.7,101.6,103.5,0,0,115.0,9.513148795220198,111.5,110.4,101.6,114.8,11.3004424692133,107.5,113.7,103.5,113.1,11.532080856848346,111.12,110.89000000000001,101.69,110.9,17.284868141431318,107.47,114.00000000000003,103.6,119.76083,111.85502
2023-12-11,113,120,104.2,115.2,111.1,113.0,101.0,102.2,0,0,102.8,4.969909455915696,104.2,111.1,101.0,116.6,20.019990009987495,115.2,113.0,102.2,105.1,9.620002310001864,105.00999999999999,110.84,101.26,117.5,14.159802258506293,115.2,113.0,102.2,111.94225,120.144226
2023-12-11,133,129,116.0,112.4,113.5,113.9,101.9,98.4,0,0,122.0,10.198039027185525,116.0,113.5,101.9,105.2,3.7682887362833486,112.4,113.9,98.4,120.1,9.218941852993986,116.0,113.5,101.9,106.0,5.5577773335109875,112.33,113.55,98.57000000000001,118.47784,112.93892
2023-12-11,121,107,115.0,113.1,110.6,106.6,99.9,99.3,0,0,122.2,4.549725266430865,115.0,110.6,99.9,118.8,3.3466401061362867,113.1,106.6,99.3,116.3,11.235360845710941,115.0,110.6,99.9,117.3,14.644301128956492,112.92,107.07000000000001,99.69,114.184265,112.2879
2023-12-11,134,120,117.0,112.0,109.8,116.7,102.0,102.6,0,0,125.2,6.300793600809349,117.0,109.8,102.0,103.4,12.660963628413139,112.0,116.7,102.6,121.3,12.84133949399365,117.0,109.8,102.0,104.4,11.927559124425574,112.0,116.7,102.6,127.42162,114.71815
2023-12-11,131,118,113.8,110.4,112.1,113.3,101.5,99.3,0,0,125.0,6.745368781615995,113.8,112.1,101.5,124.4,14.5189531303052,110.4,113.3,99.3,119.9,12.059574342958111,114.43999999999998,112.55999999999999,101.68,119.6,12.971764207950692,111.17999999999999,112.93999999999998,99.53999999999999,118.00828,113.224236
2023-12-11,132,127,116.1,105.0,112.8,113.9,99.4,100.3,0,0,108.6,6.8774995456197825,116.1,112.8,99.4,108.4,5.594640292279769,105.0,113.9,100.3,113.7,11.096045341572005,115.72999999999999,112.71,99.49,107.8,6.828046735503602,105.0,113.9,100.3,119.169846,108.27339
2023-12-12,120,113,120.2,112.8,108.9,110.4,99.6,99.2,0,1,117.6,4.774934554525283,120.2,108.9,99.6,110.2,10.256705123966455,112.8,110.4,99.2,122.7,11.97265402675799,119.75000000000003,108.94000000000001,99.67999999999999,111.8,10.053191864610213,112.8,110.4,99.2,116.9883,110.318
2023-12-12,127,125,115.2,113.6,113.0,113.0,102.2,103.0,1,0,113.4,11.610340218959989,115.2,113.0,102.2,110.4,17.03819239238716,113.6,113.0,103.0,118.8,12.425779653607382,115.10999999999999,113.13,101.84,110.1,13.160969231447746,113.6,113.0,103.0,118.04236,120.4915
2023-12-12,106,114,112.4,115.6,113.9,110.3,98.4,99.3,1,1,108.0,13.190905958272925,112.4,113.9,98.4,119.4,5.899152481501032,115.6,110.3,99.3,111.2,11.92383234441753,112.4,113.9,98.4,113.4,11.90891356179162,115.6,110.3,99.3,110.10233,112.13588
2023-12-12,119,116,114.9,114.7,111.9,112.2,100.7,101.9,0,0,116.4,12.759310326189286,114.9,111.9,100.7,111.2,6.7601775124622945,114.7,112.2,101.9,118.2,9.174844836714126,114.9,111.9,100.7,117.8,11.886500279261808,114.7,112.2,101.9,115.39946,114.1998
2023-12-12,119,99,116.1,113.8,112.8,112.1,99.4,101.5,1,1,111.4,12.340988615179914,116.1,112.8,99.4,111.2,16.130716041143344,113.8,112.1,101.5,113.3,10.242070103255466,116.1,112.8,99.4,112.9,16.475233938652686,113.8,112.1,101.5,116.9774,114.027596
2023-12-13,111,129,107.2,113.8,116.1,110.7,102.1,100.2,0,0,108.2,8.67179335547152,107.2,116.1,102.1,116.0,10.583005244258393,113.8,110.7,100.2,109.5,8.003471469028554,107.2,116.1,102.1,118.5,9.536479667279881,113.97,110.75,100.06,110.59052,116.50375
2023-12-13,122,142,108.3,115.0,117.1,110.6,104.8,99.9,0,0,114.8,8.89943818451474,108.3,117.1,104.8,109.4,8.41427358718504,115.0,110.6,99.9,114.1,9.27900856772971,109.25999999999999,115.78,103.68999999999998,109.3,6.684143758012625,114.68000000000002,110.53,100.05000000000001,114.64958,120.45435
2023-12-13,115,104,111.7,107.1,109.9,117.4,98.3,99.3,0,0,121.2,15.254507530562892,111.7,109.9,98.3,119.2,8.438009243891653,107.1,117.4,99.3,120.6,12.15821624343899,111.44000000000001,110.06000000000002,98.34,117.3,13.157591809378488,107.02000000000001,116.46000000000001,100.08000000000001,113.94912,108.48757
2023-12-13,135,128,109.8,114.0,116.1,116.1,101.7,102.8,0,0,116.6,14.41526968183389,109.8,116.1,101.7,123.4,13.939153489362276,114.0,116.1,102.8,112.9,14.999629625057013,109.8,116.1,101.7,119.9,11.675710780171896,114.0,116.1,102.8,118.39799,120.26826
2023-12-13,117,104,111.5,104.2,110.4,111.1,101.6,101.0,0,0,112.2,13.62717872488651,111.5,110.4,101.6,106.6,10.406728592598176,104.2,111.1,101.0,110.0,12.409673645990837,111.5,110.4,101.6,108.0,7.378647873726445,104.2,111.1,101.0,114.88302,110.18741
2023-12-13,140,126,116.0,117.9,113.5,115.0,101.9,104.4,0,0,124.6,11.171392035015117,116.0,113.5,101.9,127.4,14.656056768449016,117.9,115.0,104.4,122.4,9.287985070329357,116.0,113.5,101.9,129.7,16.316658154577393,116.52000000000001,114.8,104.4,123.582214,121.58401
2023-12-13,119,122,107.5,113.6,113.7,113.0,103.5,103.0,0,1,111.4,14.258330898110046,107.5,113.7,103.5,116.6,15.109599597606804,113.6,113.0,103.0,114.8,10.881176406988342,107.5,113.7,103.5,111.9,13.90003996796822,113.6,113.0,103.0,115.47414,121.375046
2023-12-13,112,116,114.9,110.4,111.9,113.3,100.7,99.3,1,0,120.4,8.29457654133112,114.9,111.9,100.7,124.0,14.696938456699039,110.4,113.3,99.3,118.2,9.174844836714126,114.9,111.9,100.7,118.5,12.545472844372682,110.92,113.05999999999999,99.46000000000001,119.53266,111.09885
2023-12-13,117,113,112.0,114.1,116.7,109.5,102.6,98.6,0,0,117.4,11.928956366757326,112.0,116.7,102.6,111.0,11.180339887498993,114.1,109.5,98.6,119.7,9.978309810116373,112.0,116.7,102.6,110.2,12.541486709672427,114.1,109.5,98.6,114.696205,116.39836
2023-12-14,116,107,120.2,112.8,108.9,110.4,99.6,99.2,0,0,118.2,4.8682645778551885,120.2,108.9,99.6,109.2,9.523654760647288,112.8,110.4,99.2,122.7,11.97265402675799,120.2,108.9,99.6,111.5,9.958246164193026,112.8,110.4,99.2,115.55602,110.74641
2023-12-14,116,124,111.7,112.4,109.9,113.9,98.3,98.4,1,0,123.2,13.103434664239753,111.7,109.9,98.3,110.0,11.269427669584642,112.4,113.9,98.4,119.2,11.886500279261774,111.57000000000001,109.97999999999999,98.32,107.4,8.859395514869389,112.4,113.9,98.4,113.67712,110.752045
2023-12-14,101,119,115.2,113.1,113.0,106.6,102.2,99.3,0,0,114.0,12.349089035228465,115.2,113.0,102.2,117.0,6.324555320336751,113.1,106.6,99.3,119.8,12.664912159190196,115.2,113.0,102.2,112.9,8.86253036352739,113.1,106.6,99.3,114.65166,114.009094
2023-12-14,124,101,115.6,110.4,110.3,113.3,99.3,99.3,0,1,126.2,11.144505372604034,115.6,110.3,99.3,120.6,14.046351839534667,110.4,113.3,99.3,120.5,10.617072205755376,115.54,110.44000000000001,99.4,119.5,11.815714583177567,110.66,113.17999999999999,99.38,118.165726,111.13183
2023-12-14,114,122,105.0,112.0,113.9,116.7,100.3,102.6,0,1,100.8,11.755849607748493,105.0,113.9,100.3,104.8,14.272350892547466,112.0,116.7,102.6,100.9,12.449453357031004,107.1,114.53000000000002,100.50999999999999,103.7,10.583530181896405,112.0,116.7,102.6,112.17465,112.841194
2023-12-14,128,123,113.8,117.0,112.1,109.8,101.5,102.0,0,0,124.8,6.49615270756466,113.8,112.1,101.5,125.8,8.786353054595507,117.0,109.8,102.0,119.6,11.701851705321412,114.12,112.33,101.59,117.6,12.420413304985658,116.53000000000002,109.93999999999998,102.17,114.52771,119.25998
2023-12-14,121,113,116.1,114.7,112.8,112.2,99.4,101.9,0,0,115.0,11.113055385446446,116.1,112.8,99.4,113.6,5.594640292279826,114.7,112.2,101.9,114.6,10.0354925694313,116.1,112.8,99.4,115.3,8.654478609367592,114.7,112.2,101.9,116.656265,113.050865
2023-12-15,107,112,107.1,115.0,117.4,110.6,99.3,99.9,0,0,115.4,4.827007354458836,107.1,117.4,99.3,114.6,17.082154430867316,115.0,110.6,99.9,112.8,8.134972512416951,107.1,117.4,99.3,112.7,12.266032592307754,115.0,110.6,99.9,111.35979,115.352325
2023-12-15,124,92,113.8,107.2,110.7,116.1,100.2,102.1,0,0,126.8,18.860010604450892,113.8,110.7,100.2,113.4,3.847076812334204,107.2,116.1,102.1,125.1,15.659218087475326,113.8,110.7,100.2,110.5,5.700877125495744,107.2,116.1,102.1,120.619415,110.16352
2023-12-15,137,123,108.3,117.9,117.1,115.0,104.8,104.4,0,0,116.6,9.34344690143841,108.3,117.1,104.8,131.8,7.362064927722381,117.9,115.0,104.4,113.5,8.436033823229252,108.94000000000001,116.22,104.05999999999999,131.8,13.966626889362754,117.21,114.9,104.4,121.97717,126.02428
2023-12-15,128,111,120.2,110.6,108.9,108.6,99.6,99.4,1,0,118.6,4.505552130427474,120.2,108.9,99.6,108.4,13.011533345459329,110.6,108.6,99.4,122.2,12.15456018675021,120.2,108.9,99.6,106.4,9.179687721631128,110.43999999999998,108.89000000000001,99.63000000000001,113.66815,110.07313
2023-12-15,104,125,109.8,114.0,116.1,116.1,101.7,102.8,0,0,121.4,15.993748778819784,109.8,116.1,101.7,125.0,13.910427743243574,114.0,116.1,102.8,114.3,16.425251562423263,109.8,116.1,101.7,122.2,10.633281086600997,114.0,116.1,102.8,118.96757,120.936775
2023-12-15,129,115,107.5,113.6,113.7,113.0,103.5,103.0,0,0,112.6,14.673104647619729,107.5,113.7,103.5,116.8,15.188811671753644,113.6,113.0,103.0,115.7,10.812030336620394,107.5,113.7,103.5,113.4,14.120119609188173,113.6,113.0,103.0,116.77224,121.26522
2023-12-15,96,103,104.2,111.5,111.1,110.4,101.0,101.6,0,0,103.4,6.107372593841006,104.2,111.1,101.0,112.6,11.696153213770746,111.5,110.4,101.6,104.5,8.809716857601488,104.2,111.1,101.0,109.0,11.98146717040758,110.74000000000001,111.38,101.78,107.95999,114.44013
2023-12-15,122,139,114.9,114.1,111.9,109.5,100.7,98.6,0,0,116.2,4.969909455915726,114.9,111.9,100.7,114.0,8.514693182963258,114.1,109.5,98.6,117.4,9.347608131376697,114.9,111.9,100.7,111.0,12.427567921538222,114.1,109.5,98.6,113.194435,111.17975
2023-12-16,146,114,116.0,107.2,113.5,116.1,101.9,102.1,0,1,129.0,12.206555615733683,116.0,113.5,101.9,108.6,9.939818911831315,107.2,116.1,102.1,123.3,10.562512327408694,116.0,113.5,101.9,109.7,7.587270040447168,107.2,116.1,102.1,120.91147,117.060074
2023-12-16,82,135,107.1,113.8,117.4,110.7,99.3,100.2,1,1,115.2,5.215361924162088,107.1,117.4,99.3,117.6,12.033287165193087,113.8,110.7,100.2,113.6,6.931409989637472,107.1,117.4,99.3,118.0,8.730533902472425,113.8,110.7,100.2,111.42512,115.69265
2023-12-16,127,119,112.8,114.0,110.4,116.1,99.2,102.8,0,1,106.4,11.480418110852936,112.8,110.4,99.2,122.8,12.537942414926002,114.0,116.1,102.8,108.4,12.066482503198705,112.8,110.4,99.2,123.7,9.741663102366026,114.0,116.1,102.8,116.852295,111.51396
2023-12-16,118,116,111.7,112.4,109.9,113.9,98.3,98.4,0,0,124.8,11.122050170719424,111.7,109.9,98.3,114.6,11.371015785759862,112.4,113.9,98.4,118.5,11.843892002959969,111.7,109.9,98.3,109.0,10.306416555826786,112.4,113.9,98.4,112.64348,111.0285
2023-12-16,127,109,113.1,117.9,106.6,115.0,99.3,104.4,0,1,113.2,7.791020472312938,113.1,106.6,99.3,131.2,8.043631020876076,117.9,115.0,104.4,112.2,7.052186422190947,113.1,106.6,99.3,130.0,13.808210118138785,117.9,115.0,104.4,119.517395,110.42562
2023-12-16,124,120,114.7,110.4,112.2,113.3,101.9,99.3,0,0,116.6,6.580273550544813,114.7,112.2,101.9,119.0,16.01561737804693,110.4,113.3,99.3,111.8,8.189424074174319,114.7,112.2,101.9,117.3,13.072872675888913,110.4,113.3,99.3,117.95702,112.766846
2023-12-16,117,118,115.6,117.0,110.3,109.8,99.3,102.0,0,0,126.4,11.081516141756062,115.6,110.3,99.3,128.2,4.14728827066552,117.0,109.8,102.0,122.0,9.843215373488993,115.6,110.3,99.3,118.5,12.45659129403644,117.0,109.8,102.0,114.01148,115.145134
2023-12-16,120,131,105.0,115.2,113.9,113.0,100.3,102.2,0,0,104.2,12.79453008124958,105.0,113.9,100.3,113.4,17.227884373886393,115.2,113.0,102.2,104.3,10.614978934401048,106.4,114.32000000000001,100.44,118.1,14.122086720217137,115.2,113.0,102.2,111.43091,115.7703
2023-12-16,125,104,113.8,112.0,112.1,116.7,101.5,102.6,0,0,126.2,6.220932405998289,113.8,112.1,101.5,105.6,15.274161188098038,112.0,116.7,102.6,122.7,8.794569031194436,113.8,112.1,101.5,106.0,11.869662543176624,112.0,116.7,102.6,121.86638,116.967995
2023-12-16,144,122,116.1,114.1,112.8,109.5,99.4,98.6,0,1,117.8,10.329569206893394,116.1,112.8,99.4,118.6,14.188023118109198,114.1,109.5,98.6,116.1,9.72339675444978,116.1,112.8,99.4,112.9,15.117686477912098,114.1,109.5,98.6,115.09013,113.67887
2023-12-17,114,97,120.2,110.6,108.9,108.6,99.6,99.4,0,0,120.4,6.188699378706283,120.2,108.9,99.6,110.2,12.517987058628874,110.6,108.6,99.4,122.6,12.285492799775401,120.2,108.9,99.6,106.5,9.22857879993801,110.6,108.6,99.4,115.019455,110.36269
2023-12-17,110,146,107.5,115.0,113.7,110.6,103.5,99.9,0,0,116.8,15.974980438172677,107.5,113.7,103.5,116.8,15.530614926653737,115.0,110.6,99.9,116.6,11.558546621439898,107.5,113.7,103.5,113.8,11.573917035971691,115.0,110.6,99.9,110.93798,119.56235
2023-12-17,128,119,116.0,111.5,113.5,110.4,101.9,101.6,1,0,131.8,14.463747785411622,116.0,113.5,101.9,108.8,10.940749517286267,111.5,110.4,101.6,126.1,12.52952069669393,116.0,113.5,101.9,108.1,12.0687843445624,111.12,110.89000000000001,101.69,116.64403,115.162056
2023-12-17,112,108,114.9,108.3,111.9,117.1,100.7,104.8,0,0,116.0,4.6368092477479115,114.9,111.9,100.7,117.2,10.23230179382918,108.3,117.1,104.8,117.0,9.018499505645895,114.9,111.9,100.7,116.8,12.514880032274421,108.3,117.1,104.8,126.14172,112.54853
2023-12-17,114,118,105.0,114.7,113.9,112.2,100.3,101.9,1,1,108.2,14.202112518917753,105.0,113.9,100.3,112.2,4.324349662088033,114.7,112.2,101.9,104.9,11.367106540853353,105.7,114.11000000000001,100.36999999999999,114.3,8.23340080944015,114.7,112.2,101.9,109.97028,112.605354
2023-12-18,135,130,112.8,111.5,110.4,110.4,99.2,101.6,0,1,107.6,13.520355024924463,112.8,110.4,99.2,111.8,11.34460224071341,111.5,110.4,101.6,108.3,11.888836967695575,112.8,110.4,99.2,108.6,12.438292129995585,111.5,110.4,101.6,113.59698,110.284096
2023-12-18,127,151,117.9,116.1,115.0,112.8,104.4,99.4,0,0,123.4,10.139033484509254,117.9,115.0,104.4,114.2,14.618481453283707,116.1,112.8,99.4,127.7,14.629118603357975,117.9,115.0,104.4,114.5,12.730104302618793,116.1,112.8,99.4,117.386314,124.327286
2023-12-18,104,108,113.8,112.4,110.7,113.9,100.2,98.4,0,0,130.4,15.274161188098027,113.8,110.7,100.2,116.0,10.931605554537724,112.4,113.9,98.4,125.6,15.522027358993306,113.8,110.7,100.2,110.9,9.573690801125393,112.4,113.9,98.4,117.97627,110.67246
2023-12-18,130,124,114.0,107.2,116.1,116.1,102.8,102.1,0,0,124.4,14.943225890014526,114.0,116.1,102.8,107.8,9.121403400793074,107.2,116.1,102.1,126.8,13.894843168120568,113.99000000000001,115.85,102.83,109.8,7.641989269817154,107.2,116.1,102.1,119.737366,117.87462
2023-12-18,108,112,111.7,113.1,109.9,106.6,98.3,99.3,0,0,124.0,11.510864433221336,111.7,109.9,98.3,117.8,6.260990336999403,113.1,106.6,99.3,118.2,11.81148217249268,111.7,109.9,98.3,113.1,8.987027688099507,113.1,106.6,99.3,112.118225,109.9792
2023-12-18,114,99,109.8,107.1,116.1,117.4,101.7,99.3,0,0,119.8,17.498571370257608,109.8,116.1,101.7,115.0,9.924716620639652,107.1,117.4,99.3,115.0,15.74095860415676,109.8,116.1,101.7,114.0,11.728408057172807,107.05999999999999,116.92999999999999,99.69,115.23466,111.04174
2023-12-18,116,97,117.0,104.2,109.8,111.1,102.0,101.0,0,0,126.8,7.463243262818118,117.0,109.8,102.0,106.4,10.454664030948122,104.2,111.1,101.0,120.8,12.154560186750253,117.0,109.8,102.0,107.1,7.248754682319409,104.2,111.1,101.0,119.332405,109.40108
2023-12-18,130,104,115.6,115.2,110.3,113.0,99.3,102.2,0,0,123.0,10.770329614269016,115.6,110.3,99.3,113.6,17.472836060582697,115.2,113.0,102.2,121.2,9.897249898611063,115.6,110.3,99.3,120.2,14.343407312536756,115.2,113.0,102.2,119.0857,112.46459
2023-12-18,125,108,112.0,110.4,116.7,113.3,102.6,99.3,0,0,118.2,11.691877522451222,112.0,116.7,102.6,120.0,15.85875152715367,110.4,113.3,99.3,119.9,9.893319856235102,112.0,116.7,102.6,118.4,12.755826555386935,110.4,113.3,99.3,115.94623,114.468445
2023-12-18,143,131,113.8,108.3,112.1,117.1,101.5,104.8,0,1,124.8,5.31036721894067,113.8,112.1,101.5,116.0,11.022703842524294,108.3,117.1,104.8,124.7,6.219146064997773,113.8,112.1,101.5,115.5,12.703892666772973,108.3,117.1,104.8,125.78309,114.73409
2023-12-18,109,114,113.6,114.1,113.0,109.5,103.0,98.6,0,0,107.8,5.630275304103723,113.6,113.0,103.0,118.6,14.188023118109198,114.1,109.5,98.6,114.0,13.012814197295363,113.6,113.0,103.0,112.5,14.781745499094542,114.1,109.5,98.6,114.75594,113.79341
2023-12-19,113,115,115.0,104.2,110.6,111.1,99.9,101.0,0,1,122.4,4.4497190922573315,115.0,110.6,99.9,101.8,7.661592523751209,104.2,111.1,101.0,118.8,8.715248450592652,115.0,110.6,99.9,106.1,7.922541679705415,104.2,111.1,101.0,116.11375,105.781715
2023-12-19,132,119,116.0,107.5,113.5,113.7,101.9,103.5,0,0,135.8,7.155417527999313,116.0,113.5,101.9,104.8,14.060583202698227,107.5,113.7,103.5,127.9,11.179842972460783,116.0,113.5,101.9,105.3,16.58680868106412,107.5,113.7,103.5,122.99568,114.4327
2023-12-19,132,126,114.7,120.2,112.2,108.9,101.9,99.6,0,0,119.4,6.024948132556798,114.7,112.2,101.9,109.8,7.529940238806665,120.2,108.9,99.6,114.1,8.047774019358751,114.7,112.2,101.9,111.1,9.837004964249374,120.2,108.9,99.6,113.88575,116.24318
2023-12-19,109,104,105.0,114.9,113.9,111.9,100.3,100.7,0,0,112.0,12.186057606953954,105.0,113.9,100.3,119.4,12.798437404620914,114.9,111.9,100.7,106.2,11.61225406389491,105.0,113.9,100.3,114.1,13.739238212749138,114.9,111.9,100.7,109.36726,113.3515
2023-12-20,124,116,112.8,112.0,110.4,116.7,99.2,102.6,0,0,115.4,16.149303390549086,112.8,110.4,99.2,105.4,15.290519938837935,112.0,116.7,102.6,111.3,14.468740250776673,112.8,110.4,99.2,106.0,11.869662543176624,112.0,116.7,102.6,120.16108,110.427025
2023-12-20,144,113,117.9,107.1,115.0,117.4,104.4,99.3,0,0,122.0,8.689073598491376,117.9,115.0,104.4,111.2,11.924764148611116,107.1,117.4,99.3,126.8,14.33565872609676,117.9,115.0,104.4,113.3,12.445882853377665,107.1,117.4,99.3,118.092476,110.940475
2023-12-20,106,115,110.6,111.7,108.6,109.9,99.4,98.3,0,0,125.4,13.10724990224876,110.6,108.6,99.4,111.4,14.046351839534694,111.7,109.9,98.3,119.6,11.720826667849803,110.6,108.6,99.4,110.4,12.158216243438831,111.7,109.9,98.3,111.5396,110.750755
2023-12-20,127,113,113.8,113.1,110.7,106.6,100.2,99.3,0,0,123.8,18.49864859928963,113.8,110.7,100.2,116.0,6.4031242374328405,113.1,106.6,99.3,123.4,16.95222043797746,113.8,110.7,100.2,113.9,8.425490424235816,113.1,106.6,99.3,113.53411,111.37562
2023-12-20,102,121,110.4,114.1,113.3,109.5,99.3,98.6,0,0,117.2,12.397580409095951,110.4,113.3,99.3,121.4,10.50238068249295,114.1,109.5,98.6,114.0,11.195237082497748,110.4,113.3,99.3,115.2,11.764352935882293,114.1,109.5,98.6,111.536995,113.116196
2023-12-20,104,113,109.8,115.6,116.1,110.3,101.7,99.3,0,0,114.2,12.336936410632877,109.8,116.1,101.7,118.4,6.387487769068509,115.6,110.3,99.3,115.7,15.49946235626682,109.8,116.1,101.7,112.0,10.77032961426911,115.6,110.3,99.3,112.19668,119.74555
2023-12-20,124,108,112.4,113.6,113.9,113.0,98.4,103.0,0,0,110.4,10.899541274750979,112.4,113.9,98.4,121.0,8.916277250063489,113.6,113.0,103.0,111.4,11.805836597961944,112.4,113.9,98.4,112.2,13.323329580518298,113.6,113.0,103.0,116.29026,110.15187
2023-12-20,127,134,111.5,114.0,110.4,116.1,101.6,102.8,0,0,111.2,12.891857895586638,111.5,110.4,101.6,126.0,7.071067811865509,114.0,116.1,102.8,111.3,12.39220184901239,111.5,110.4,101.6,122.9,9.768998583955936,114.0,116.1,102.8,118.96356,118.49561
2023-12-20,111,120,115.2,116.1,113.0,112.8,102.2,99.4,0,0,111.0,13.509256086106292,115.2,113.0,102.2,125.8,16.483324907311623,116.1,112.8,99.4,115.5,10.679679562400604,115.2,113.0,102.2,117.0,16.983652270475925,116.1,112.8,99.4,117.46337,114.66348
2023-12-20,119,144,113.8,120.2,112.1,108.9,101.5,99.6,0,1,130.0,7.874007874011791,113.8,112.1,101.5,113.2,10.377861051295675,120.2,108.9,99.6,126.6,8.474799243770997,113.8,112.1,101.5,112.9,10.80586260632007,120.2,108.9,99.6,115.673935,115.76658
2023-12-21,111,119,107.2,112.0,116.1,116.7,102.1,102.6,0,1,109.8,8.197560612767678,107.2,116.1,102.1,110.4,13.37161172035744,112.0,116.7,102.6,108.6,7.152311203768631,107.2,116.1,102.1,107.4,12.167351578895296,112.0,116.7,102.6,115.808716,119.2335
2023-12-21,104,123,112.8,115.0,110.4,110.6,99.2,99.9,1,0,117.2,16.589153082662182,112.8,110.4,99.2,126.0,16.673332000533062,115.0,110.6,99.9,112.4,15.01998668441489,112.8,110.4,99.2,116.8,15.447401795195905,115.0,110.6,99.9,112.33427,111.99373
2023-12-21,114,95,112.4,107.5,113.9,113.7,98.4,103.5,1,0,114.8,11.099549540409296,112.4,113.9,98.4,106.4,15.339491516996237,107.5,113.7,103.5,113.4,12.103259432437559,112.4,113.9,98.4,108.5,15.728600983205407,107.5,113.7,103.5,118.476814,112.991264
2023-12-21,116,103,104.2,117.9,111.1,115.0,101.0,104.4,0,1,102.2,6.978538528947177,104.2,111.1,101.0,126.6,12.70039369468521,117.9,115.0,104.4,102.0,6.960204339273462,104.2,111.1,101.0,127.7,15.275616008673676,117.9,115.0,104.4,110.5952,122.6184
2023-12-21,118,114,116.0,110.6,113.5,108.6,101.9,99.4,0,1,135.8,7.155417527999313,116.0,113.5,101.9,106.6,13.352902306240392,110.6,108.6,99.4,128.9,11.03982689075192,116.0,113.5,101.9,105.8,9.693067396627047,110.6,108.6,99.4,115.23895,112.8134
2023-12-21,134,115,117.0,116.1,109.8,112.8,102.0,99.4,0,1,124.4,8.79204185613331,117.0,109.8,102.0,125.0,16.68831926827863,116.1,112.8,99.4,120.1,12.215200002910798,117.0,109.8,102.0,118.2,16.69863600550781,116.1,112.8,99.4,118.34091,113.468376
2023-12-21,118,111,113.1,113.6,106.6,113.0,99.3,103.0,1,1,115.8,9.984988733093259,113.1,106.6,99.3,116.0,7.382411530116683,113.6,113.0,103.0,113.8,8.430104783848618,113.1,106.6,99.3,112.9,12.844800071970429,113.6,113.0,103.0,117.90241,109.38208
2023-12-21,117,118,105.0,108.3,113.9,117.1,100.3,104.8,0,0,115.6,4.929503017546528,105.0,113.9,100.3,117.0,12.308533625091163,108.3,117.1,104.8,105.6,11.25660300051089,105.0,113.9,100.3,115.8,13.062244149541126,108.3,117.1,104.8,113.27725,112.79939
2023-12-22,121,111,113.8,109.8,110.7,116.1,100.2,101.7,0,0,127.8,15.943650773897431,113.8,110.7,100.2,117.0,17.663521732655695,109.8,116.1,101.7,124.7,16.6469883829546,113.8,110.7,100.2,112.0,14.337208778404365,109.8,116.1,101.7,118.84967,111.10902
2023-12-22,117,122,110.4,115.6,113.3,110.3,99.3,99.3,0,0,117.8,11.322543883774516,110.4,113.3,99.3,118.4,6.387487769068509,115.6,110.3,99.3,112.9,11.82699360690523,110.4,113.3,99.3,114.4,7.136759301905554,115.6,110.3,99.3,112.471725,113.21073
2023-12-22,122,113,111.7,114.0,109.9,116.1,98.3,102.8,0,0,117.2,7.596051605933174,111.7,109.9,98.3,125.4,5.941380311005219,114.0,116.1,102.8,116.6,12.02035310999182,111.7,109.9,98.3,124.0,10.381607668264941,114.0,116.1,102.8,119.234955,110.07527
2023-12-22,122,96,111.5,115.2,110.4,113.0,101.6,102.2,0,0,111.0,12.569805089976517,111.5,110.4,101.6,109.4,16.546903033498413,115.2,113.0,102.2,113.5,13.083067937860214,111.5,110.4,101.6,118.0,15.025903559446188,115.2,113.0,102.2,118.33019,119.47028
2023-12-22,129,118,114.7,108.3,112.2,117.1,101.9,104.8,0,1,124.0,4.743416490252529,114.7,112.2,101.9,116.6,12.218837915284736,108.3,117.1,104.8,115.5,9.823441352194195,114.7,112.2,101.9,114.4,11.824644697504521,108.3,117.1,104.8,125.87674,115.21285
2023-12-22,120,105,113.8,114.9,112.1,111.9,101.5,100.7,0,0,129.2,8.899438184514775,113.8,112.1,101.5,116.2,14.498275759551538,114.9,111.9,100.7,127.1,7.766738197095444,113.8,112.1,101.5,111.4,12.659647177811353,114.9,111.9,100.7,114.29301,114.68772
2023-12-23,111,130,114.1,116.0,109.5,113.5,98.6,101.9,0,0,124.4,9.071934744033355,114.1,109.5,98.6,119.2,16.87305544351707,116.0,113.5,101.9,114.1,14.145670715805657,114.1,109.5,98.6,122.1,12.896597311780464,116.0,113.5,101.9,115.04468,111.161736
2023-12-23,108,145,116.1,120.2,112.8,108.9,99.4,99.6,0,0,125.8,12.275992831539137,116.1,112.8,99.4,121.4,15.323185047502353,120.2,108.9,99.6,118.2,13.070747662029323,116.1,112.8,99.4,117.7,12.918978287774866,120.2,108.9,99.6,113.82726,114.336525
2023-12-23,95,102,107.1,115.6,117.4,110.3,99.3,99.3,0,1,107.4,14.774978849392635,107.1,117.4,99.3,119.0,6.595452979136445,115.6,110.3,99.3,110.2,12.06279864339583,107.1,117.4,99.3,116.2,6.460134157533835,115.6,110.3,99.3,108.83033,116.2593
2023-12-23,110,117,117.9,110.6,115.0,108.6,104.4,99.4,0,0,125.6,13.277801022759752,117.9,115.0,104.4,110.2,12.153188881935472,110.6,108.6,99.4,126.9,14.464131882388042,117.9,115.0,104.4,106.9,9.960477453973263,110.6,108.6,99.4,114.47645,113.762314
2023-12-23,104,106,115.0,111.5,110.6,110.4,99.9,101.6,0,1,119.2,4.266145801540241,115.0,110.6,99.9,114.6,14.046351839534697,111.5,110.4,101.6,119.9,6.854844191438002,115.0,110.6,99.9,111.6,13.688600285557946,111.5,110.4,101.6,116.28405,111.58866
2023-12-23,119,125,114.0,104.2,116.1,111.1,102.8,101.0,1,0,124.4,14.943225890014526,114.0,116.1,102.8,106.6,6.655824516917528,104.2,111.1,101.0,126.7,13.864823595463934,114.0,116.1,102.8,107.0,8.406346808612511,104.2,111.1,101.0,118.28337,111.21153
2023-12-23,126,115,110.4,107.2,113.3,116.1,99.3,102.1,1,0,118.8,10.894952959971866,110.4,113.3,99.3,111.0,11.661903789690578,107.2,116.1,102.1,113.2,11.895844279037554,110.4,113.3,99.3,112.0,8.286535263104089,107.2,116.1,102.1,116.22898,112.79636
2023-12-23,119,126,109.8,112.0,116.1,116.7,101.7,102.6,1,0,112.6,13.183322798141567,109.8,116.1,101.7,116.2,7.155417527999354,112.0,116.7,102.6,117.0,13.630032200173869,109.8,116.1,101.7,109.8,11.811482172492694,112.0,116.7,102.6,118.35198,119.39953
2023-12-23,95,109,112.4,112.8,113.9,110.4,98.4,99.2,0,0,117.6,7.668115805072339,112.4,113.9,98.4,106.6,7.3688533707762,112.8,110.4,99.2,111.8,10.633281086601,112.4,113.9,98.4,110.0,9.309493362512583,112.8,110.4,99.2,111.46875,111.42432
2023-12-23,120,129,117.0,113.6,109.8,113.0,102.0,103.0,0,0,128.0,8.154753215150047,117.0,109.8,102.0,116.2,7.190271204899002,113.6,113.0,103.0,124.0,9.15302014516407,117.0,109.8,102.0,113.3,12.702143301208936,113.6,113.0,103.0,123.44972,118.00642
2023-12-23,144,119,115.2,107.5,113.0,113.7,102.2,103.5,1,0,110.6,13.464768843169937,115.2,113.0,102.2,104.4,16.195678435928503,107.5,113.7,103.5,114.5,10.575128052810259,115.2,113.0,102.2,106.8,16.21933003137516,107.5,113.7,103.5,119.67072,114.5354
2023-12-23,126,106,114.7,105.0,112.2,113.9,101.9,100.3,1,0,125.2,5.167204273105488,114.7,112.2,101.9,111.8,10.1341008481266,105.0,113.9,100.3,118.0,9.752492558885127,114.7,112.2,101.9,109.4,9.14330356052993,105.0,113.9,100.3,117.98259,109.23435
2023-12-23,98,110,113.8,113.1,112.1,106.6,101.5,99.3,1,0,127.0,9.669539802906838,113.8,112.1,101.5,114.8,6.260990336999403,113.1,106.6,99.3,125.9,7.852105167122695,113.8,112.1,101.5,115.8,4.802776974487509,113.1,106.6,99.3,113.05366,111.90741
2023-12-25,129,122,114.1,116.0,109.5,113.5,98.6,101.9,0,0,121.4,10.73778375643687,114.1,109.5,98.6,125.8,11.67047556871617,116.0,113.5,101.9,115.2,13.331666562487047,114.1,109.5,98.6,122.1,12.896597311780464,116.0,113.5,101.9,115.97846,111.800354
2023-12-25,120,114,115.6,114.7,110.3,112.2,99.3,101.9,0,0,127.4,6.913754406977454,115.6,110.3,99.3,114.8,2.3874672772628487,114.7,112.2,101.9,123.1,9.538809615926409,115.6,110.3,99.3,113.9,7.908504564356343,114.7,112.2,101.9,117.38578,113.01398
2023-12-25,115,126,113.6,120.2,113.0,108.9,103.0,99.6,0,0,106.4,3.5777087639996994,113.6,113.0,103.0,127.0,18.165902124584942,120.2,108.9,99.6,111.5,10.987366482566294,113.6,113.0,103.0,121.4,14.968114258130242,120.2,108.9,99.6,114.61478,118.85298
2023-12-25,119,113,111.7,113.8,109.9,110.7,98.3,100.2,0,0,115.8,5.118593556827888,111.7,109.9,98.3,124.8,8.318653737234213,113.8,110.7,100.2,118.5,11.098047876391052,111.7,109.9,98.3,120.1,10.08243797677693,113.8,110.7,100.2,112.376686,110.3728
2023-12-25,114,128,114.9,115.2,111.9,113.0,100.7,102.2,0,0,116.2,4.3817804600413925,114.9,111.9,100.7,107.8,17.555625878902724,115.2,113.0,102.2,116.8,9.114091653405103,114.9,111.9,100.7,115.1,16.271652241449452,115.2,113.0,102.2,119.13583,115.40615
2023-12-26,112,118,107.2,110.4,116.1,113.3,102.1,99.3,0,0,110.6,8.049844718999243,107.2,116.1,102.1,112.6,7.924645102463479,110.4,113.3,99.3,107.9,6.4368729468067185,107.2,116.1,102.1,118.5,12.660086009888767,110.4,113.3,99.3,112.93593,114.20566
2023-12-26,119,127,108.3,110.6,117.1,108.6,104.8,99.4,0,0,122.6,11.104053313993006,108.3,117.1,104.8,108.0,8.602325267042627,110.6,108.6,99.4,115.8,11.252654007931806,108.62,116.66,104.42999999999999,108.4,10.265367883216667,110.6,108.6,99.4,112.32701,115.68229
2023-12-26,118,113,112.4,114.0,113.9,116.1,98.4,102.8,0,0,112.6,12.401612798342002,112.4,113.9,98.4,123.8,8.105553651663804,114.0,116.1,102.8,109.8,11.783227250819035,112.4,113.9,98.4,123.6,10.751744044572476,114.0,116.1,102.8,117.7723,109.42042
2023-12-26,117,123,111.5,117.9,110.4,115.0,101.6,104.4,0,0,114.0,13.152946437965888,111.5,110.4,101.6,118.4,11.865917579353056,117.9,115.0,104.4,116.2,11.535452599125257,111.5,110.4,101.6,122.3,13.166033740061817,117.9,115.0,104.4,121.50516,119.206474
2023-12-26,115,116,115.0,104.2,110.6,111.1,99.9,101.0,0,0,116.6,8.142481194328877,115.0,110.6,99.9,110.0,10.677078252031333,104.2,111.1,101.0,117.8,8.20298048814518,115.0,110.6,99.9,108.6,10.16748630575824,104.2,111.1,101.0,115.43469,106.21034
2023-12-26,129,106,117.0,113.1,109.8,106.6,102.0,99.3,0,0,127.4,8.706319543871569,117.0,109.8,102.0,112.2,4.438468204234417,113.1,106.6,99.3,123.6,9.24000962000469,117.0,109.8,102.0,115.5,5.082650227325704,113.1,106.6,99.3,114.41386,112.00883
2023-12-26,118,130,107.5,112.0,113.7,116.7,103.5,102.6,0,0,119.0,13.472193585307469,107.5,113.7,103.5,117.4,8.354639429682193,112.0,116.7,102.6,115.7,11.70042734262299,107.5,113.7,103.5,111.1,12.870724748651774,112.0,116.7,102.6,117.350395,119.69027
2023-12-26,130,113,105.0,113.8,113.9,112.1,100.3,101.5,0,0,114.8,4.086563348340549,105.0,113.9,100.3,111.6,15.709869509324358,113.8,112.1,101.5,107.8,11.103552984918283,105.0,113.9,100.3,109.9,15.940514420808377,113.8,112.1,101.5,111.718796,112.44027
2023-12-26,113,104,116.1,107.1,112.8,117.4,99.4,99.3,0,0,124.8,13.700364958642535,116.1,112.8,99.4,112.4,11.696153213770799,107.1,117.4,99.3,116.7,13.317073418902693,116.1,112.8,99.4,112.2,11.86779020898348,107.1,117.4,99.3,119.16791,110.37913
2023-12-27,92,112,110.6,113.8,108.6,110.7,99.4,100.2,1,0,121.8,15.786069808536897,110.6,108.6,99.4,122.0,9.643650760992992,113.8,110.7,100.2,118.6,12.465062285354978,110.6,108.6,99.4,118.8,10.075272259899942,113.8,110.7,100.2,112.71086,111.46036
2023-12-27,102,132,108.3,109.8,117.1,116.1,104.8,101.7,1,0,123.0,10.885770528538577,108.3,117.1,104.8,113.8,16.828547174370104,109.8,116.1,101.7,116.8,11.023207841237173,108.3,117.1,104.8,112.4,14.237665226823907,109.8,116.1,101.7,116.50643,116.70764
2023-12-27,122,144,110.4,116.0,113.3,113.5,99.3,101.9,1,0,120.4,11.326958991715284,110.4,113.3,99.3,124.6,11.696153213770799,116.0,113.5,101.9,113.3,12.009718287009596,110.4,113.3,99.3,121.2,12.514880032274492,116.0,113.5,101.9,114.52973,113.93884
2023-12-27,113,129,111.5,114.9,110.4,111.9,101.6,100.7,1,0,115.2,13.084341787036884,111.5,110.4,101.6,114.0,15.346009253222798,114.9,111.9,100.7,115.1,10.785278031753347,111.5,110.4,101.6,110.9,12.818822965554313,114.9,111.9,100.7,114.80448,114.148315
2023-12-27,129,120,117.0,114.1,109.8,109.5,102.0,98.6,1,0,126.6,8.234075540095565,117.0,109.8,102.0,121.8,10.425929215182745,114.1,109.5,98.6,125.9,6.951418720104849,117.0,109.8,102.0,116.4,11.673331429659198,114.1,109.5,98.6,115.597595,111.46754
2023-12-27,110,113,115.2,112.8,113.0,110.4,102.2,99.2,0,0,120.6,16.318700928689143,115.2,113.0,102.2,106.6,7.3688533707762,112.8,110.4,99.2,116.4,13.866025626208422,115.2,113.0,102.2,109.5,9.204467514322685,112.8,110.4,99.2,114.662994,113.979065
2023-12-28,128,122,120.2,107.2,108.9,116.1,99.6,102.1,0,0,120.6,5.899152481501009,120.2,108.9,99.6,111.4,11.781341180018488,107.2,116.1,102.1,122.1,12.547244053310404,120.2,108.9,99.6,112.4,8.329332372872312,107.2,116.1,102.1,124.23025,109.90592
2023-12-28,104,120,112.4,117.9,113.9,115.0,98.4,104.4,0,0,111.4,11.260550608207403,112.4,113.9,98.4,116.8,10.15874007936023,117.9,115.0,104.4,109.7,11.700427342623,112.4,113.9,98.4,122.1,13.13561739867777,117.9,115.0,104.4,117.96109,110.69956
2023-12-28,118,110,113.1,115.2,106.6,113.0,99.3,102.2,0,1,115.0,9.513148795220188,113.1,106.6,99.3,115.8,15.238110119040321,115.2,113.0,102.2,115.0,8.041558721209904,113.1,106.6,99.3,116.2,16.778292854492417,115.2,113.0,102.2,117.283936,109.81798
2023-12-28,112,105,115.0,112.0,110.6,116.7,99.9,102.6,0,0,114.8,7.01427116670003,115.0,110.6,99.9,119.0,10.04987562112091,112.0,116.7,102.6,118.8,6.988880056521679,115.0,110.6,99.9,112.3,14.087425440993728,112.0,116.7,102.6,120.74997,114.09733
2023-12-28,142,105,115.6,104.2,110.3,111.1,99.3,101.0,0,0,125.0,7.000000000000012,115.6,110.3,99.3,111.4,10.968135666557032,104.2,111.1,101.0,123.2,9.49619806963708,115.6,110.3,99.3,109.0,10.392304845413442,104.2,111.1,101.0,116.05813,107.27155
2023-12-28,102,114,114.7,111.7,112.2,109.9,101.9,98.3,0,0,126.2,4.604345773288493,114.7,112.2,101.9,115.0,11.510864433221323,111.7,109.9,98.3,120.4,8.208396784864643,114.7,112.2,101.9,112.9,9.848293704438657,111.7,109.9,98.3,114.98358,112.17233
2023-12-28,105,118,105.0,107.5,113.9,113.7,100.3,103.5,0,0,118.0,7.842193570679082,105.0,113.9,100.3,104.2,15.959323293924449,107.5,113.7,103.5,111.1,12.368867728651901,105.0,113.9,100.3,110.4,14.22204861005149,107.5,113.7,103.5,111.87261,110.62052
2023-12-28,133,112,113.6,107.1,113.0,117.4,103.0,99.3,0,0,107.4,5.176871642217939,113.6,113.0,103.0,109.8,11.86170308176701,107.1,117.4,99.3,109.9,8.774331250237152,113.6,113.0,103.0,113.5,9.823441352194264,107.1,117.4,99.3,117.83466,111.47445
2023-12-29,117,108,110.6,114.1,108.6,109.5,99.4,98.6,0,0,114.2,19.549936061276522,110.6,108.6,99.4,123.2,9.364827814754584,114.1,109.5,98.6,115.8,15.00222205763759,110.6,108.6,99.4,118.6,9.731963373909405,114.1,109.5,98.6,110.444275,111.16825
2023-12-29,110,104,108.3,110.4,117.1,113.3,104.8,99.3,0,0,117.6,13.538833036861007,108.3,117.1,104.8,112.6,7.924645102463479,110.4,113.3,99.3,115.3,11.972654026758057,108.3,117.1,104.8,118.3,12.649549838279404,110.4,113.3,99.3,115.92315,115.4709
2023-12-29,110,117,114.0,113.8,116.1,112.1,102.8,101.5,0,0,126.4,12.895735729302174,114.0,116.1,102.8,109.2,13.971399357258354,113.8,112.1,101.5,127.0,13.63818169698586,114.0,116.1,102.8,108.8,15.222789932641556,113.8,112.1,101.5,118.1505,119.91128
2023-12-29,120,118,120.2,109.8,108.9,116.1,99.6,101.7,1,0,121.2,6.572670690061956,120.2,108.9,99.6,121.4,13.992855319769442,109.8,116.1,101.7,119.4,5.738757124442006,120.2,108.9,99.6,115.3,15.041054927541882,109.8,116.1,101.7,122.142044,110.10613
2023-12-29,111,119,112.8,116.0,110.4,113.5,99.2,101.9,0,0,117.0,16.77796173556252,112.8,110.4,99.2,125.0,12.449899597988772,116.0,113.5,101.9,113.7,13.441643418041503,112.8,110.4,99.2,124.5,13.810221657244462,116.0,113.5,101.9,116.98717,113.8643
2023-12-29,127,131,111.5,113.8,110.4,110.7,101.6,100.2,0,0,119.2,5.403702434442474,111.5,110.4,101.6,121.6,10.089598604503585,113.8,110.7,100.2,115.7,10.44615825182738,111.5,110.4,101.6,118.3,10.296169730103971,113.8,110.7,100.2,115.566444,113.1394
2023-12-29,93,119,115.6,117.0,110.3,109.8,99.3,102.0,1,0,126.6,9.889388252060904,115.6,110.3,99.3,126.2,6.180614856144961,117.0,109.8,102.0,126.4,9.935346552139613,115.6,110.3,99.3,120.5,10.200762498732754,117.0,109.8,102.0,112.73753,113.71189
2023-12-29,133,119,114.9,107.1,111.9,117.4,100.7,99.3,0,1,115.8,4.494441010848909,114.9,111.9,100.7,106.4,5.941380311005259,107.1,117.4,99.3,116.1,9.024041962077478,114.9,111.9,100.7,112.8,9.635582205785203,107.1,117.4,99.3,120.01951,107.50979
2023-12-29,134,128,105.0,107.5,113.9,113.7,100.3,103.5,1,1,115.0,9.565563234854512,105.0,113.9,100.3,106.6,17.155174146594945,107.5,113.7,103.5,111.6,11.964763079791966,105.0,113.9,100.3,110.7,14.360826345769038,107.5,113.7,103.5,112.69822,110.63948
2023-12-29,117,106,116.1,104.2,112.8,111.1,99.4,101.0,0,1,121.0,13.838352503098056,116.1,112.8,99.4,111.6,10.807404868885056,104.2,111.1,101.0,116.2,13.356646285651204,116.1,112.8,99.4,109.0,10.392304845413442,104.2,111.1,101.0,115.821495,109.16135
2023-12-30,117,109,112.0,111.7,116.7,109.9,102.6,98.3,0,0,115.8,7.2594765651526245,112.0,116.7,102.6,114.2,11.388590782006334,111.7,109.9,98.3,119.6,9.663217775553637,112.0,116.7,102.6,112.9,9.848293704438657,111.7,109.9,98.3,114.22115,115.38976
2023-12-30,129,127,107.2,109.8,116.1,116.1,102.1,101.7,0,1,111.6,7.79743547584717,107.2,116.1,102.1,118.6,12.680693987317888,109.8,116.1,101.7,109.0,6.0553007081948715,107.2,116.1,102.1,116.8,14.412957133542426,109.8,116.1,101.7,113.79401,116.39327
2023-12-30,140,126,117.9,114.1,115.0,109.5,104.4,98.6,0,1,124.4,14.570518178843193,117.9,115.0,104.4,117.0,5.916079783099709,114.1,109.5,98.6,127.4,13.68860028555809,117.9,115.0,104.4,117.8,10.282671507606192,114.1,109.5,98.6,116.52301,118.49117
2023-12-30,105,92,112.4,113.8,113.9,110.7,98.4,100.2,0,1,111.0,11.5325625946708,112.4,113.9,98.4,124.0,10.723805294763642,113.8,110.7,100.2,110.7,10.583530181896352,112.4,113.9,98.4,120.0,10.893423092245376,113.8,110.7,100.2,111.59452,111.58762
2023-12-30,108,106,113.1,113.6,106.6,113.0,99.3,103.0,0,0,115.2,9.576011695899254,113.1,106.6,99.3,117.0,8.514693182963187,113.6,113.0,103.0,116.2,7.420691791650345,113.1,106.6,99.3,116.8,11.564312920936343,113.6,113.0,103.0,117.13589,110.46304
2023-12-30,122,132,114.7,115.2,112.2,113.0,101.9,102.2,0,0,122.6,11.907980517283338,114.7,112.2,101.9,113.8,15.205262246998538,115.2,113.0,102.2,119.6,9.60555394897479,114.7,112.2,101.9,113.6,15.32028430255495,115.2,113.0,102.2,118.96958,119.53365
2023-12-31,126,130,108.3,114.0,117.1,116.1,104.8,102.8,0,0,118.0,13.20984481362287,108.3,117.1,104.8,120.8,8.89943818451482,114.0,116.1,102.8,116.4,10.751744044572563,108.3,117.1,104.8,122.9,11.229425630903826,114.0,116.1,102.8,120.25783,122.35236
2023-12-31,129,109,115.0,113.6,110.6,113.0,99.9,103.0,0,1,113.0,6.123724356957895,115.0,110.6,99.9,113.8,9.14877040918613,113.6,113.0,103.0,117.6,7.026932316294169,115.0,110.6,99.9,115.3,11.926161718396054,113.6,113.0,103.0,118.23982,112.1834
2023-12-31,124,108,117.0,110.4,109.8,113.3,102.0,99.3,0,0,125.6,7.36885337077622,117.0,109.8,102.0,110.2,8.438009243891493,110.4,113.3,99.3,126.2,7.02060459568055,117.0,109.8,102.0,115.4,12.222020200350675,110.4,113.3,99.3,119.60498,111.91015
2023-12-31,101,134,107.5,120.2,113.7,108.9,103.5,99.6,0,0,122.2,9.833615815151603,107.5,113.7,103.5,131.8,12.049896265113642,120.2,108.9,99.6,114.9,11.179842972461133,107.5,113.7,103.5,121.4,14.968114258130242,120.2,108.9,99.6,111.72368,123.241554
2023-12-31,92,123,104.2,113.8,111.1,112.1,101.0,101.5,0,0,105.4,9.071934744033392,104.2,111.1,101.0,106.8,10.256705123966427,113.8,112.1,101.5,104.7,6.583649781423766,104.2,111.1,101.0,107.5,13.689006132254036,113.8,112.1,101.5,109.470146,115.02974
2023-12-31,112,107,114.9,110.6,111.9,108.6,100.7,99.4,0,0,118.6,9.044335243676043,114.9,111.9,100.7,113.2,10.871982339941507,110.6,108.6,99.4,119.5,8.23609940040403,114.9,111.9,100.7,110.8,11.583513188052063,110.6,108.6,99.4,114.50344,111.07185
2024-01-01,112,106,114.1,113.1,109.5,106.6,98.6,99.3,0,0,121.4,10.73778375643687,114.1,109.5,98.6,112.0,4.743416490252557,113.1,106.6,99.3,116.6,14.025373831421147,114.1,109.5,98.6,114.5,5.89255650988795,113.1,106.6,99.3,111.60745,108.67144
2024-01-01,124,121,109.8,112.8,116.1,110.4,101.7,99.2,0,0,115.2,12.833549781724432,109.8,116.1,101.7,107.2,7.8230428862431625,112.8,110.4,99.2,115.9,12.88797889507889,109.8,116.1,101.7,111.3,7.689097620801857,112.8,110.4,99.2,113.089455,117.16676
2024-01-01,136,113,111.5,107.2,110.4,116.1,101.6,102.1,0,0,121.2,6.180614856144938,111.5,110.4,101.6,113.4,12.720062892926254,107.2,116.1,102.1,116.2,10.891382934330297,111.5,110.4,101.6,113.4,8.85939551486951,107.2,116.1,102.1,120.32477,111.77875
2024-01-01,113,122,116.0,117.9,113.5,115.0,101.9,104.4,0,0,132.8,10.82589488217947,116.0,113.5,101.9,115.6,9.099450532861855,117.9,115.0,104.4,128.7,11.235360845710513,116.0,113.5,101.9,123.7,11.566714697306708,117.9,115.0,104.4,124.12285,120.54431
2024-01-01,111,93,115.6,107.1,110.3,117.4,99.3,99.3,0,0,120.4,18.17415747703316,115.6,110.3,99.3,109.4,7.8930349042685055,107.1,117.4,99.3,123.4,14.538836878436287,115.6,110.3,99.3,112.2,8.954204474869755,107.1,117.4,99.3,120.020294,108.00981
2024-01-01,109,88,114.9,105.0,111.9,113.9,100.7,100.3,1,0,118.6,9.044335243676043,114.9,111.9,100.7,112.6,9.289779329994888,105.0,113.9,100.3,117.4,6.995236474439971,114.9,111.9,100.7,110.2,8.350648677398224,105.0,113.9,100.3,118.75091,109.21843
2024-01-01,127,90,112.0,115.2,116.7,113.0,102.6,102.2,0,0,118.2,4.086563348340531,112.0,116.7,102.6,114.0,15.491933384829636,115.2,113.0,102.2,119.9,9.515484456633958,112.0,116.7,102.6,113.8,15.569200364822867,115.2,113.0,102.2,118.76818,123.01214
2024-01-01,121,104,116.1,111.7,112.8,109.9,99.4,98.3,0,0,120.6,13.939153489362266,116.1,112.8,99.4,110.2,7.854934754662171,111.7,109.9,98.3,117.8,12.24563414264676,116.1,112.8,99.4,113.0,9.797958971132568,111.7,109.9,98.3,115.00168,110.29223
2024-01-02,110,97,113.8,112.4,110.7,113.9,100.2,98.4,0,0,124.4,15.009996668887045,113.8,110.7,100.2,117.2,9.203260291874832,112.4,113.9,98.4,125.6,16.119001899070103,113.8,110.7,100.2,111.5,9.131751687868325,112.4,113.9,98.4,117.97627,110.74228
2024-01-02,106,98,104.2,107.5,111.1,113.7,101.0,103.5,0,0,104.4,10.406728592598167,104.2,111.1,101.0,115.8,12.316655390161715,107.5,113.7,103.5,103.5,7.720823214600103,104.2,111.1,101.0,110.3,13.744089638822969,107.5,113.7,103.5,110.46787,112.25942
2024-01-02,112,85,115.0,110.4,110.6,113.3,99.9,99.3,0,0,114.6,9.071934744033348,115.0,110.6,99.9,111.6,6.985699678629075,110.4,113.3,99.3,118.5,7.891627067834597,115.0,110.6,99.9,115.3,12.284136111261635,110.4,113.3,99.3,119.66988,110.72738
2024-01-02,127,123,117.0,120.2,109.8,108.9,102.0,99.6,0,0,127.2,5.357238094391557,117.0,109.8,102.0,135.0,9.273618495495684,120.2,108.9,99.6,125.8,7.020604595680544,117.0,109.8,102.0,122.4,15.486194568783494,120.2,108.9,99.6,115.8058,113.793236
2024-01-02,121,115,114.7,110.6,112.2,108.6,101.9,99.4,0,0,122.2,11.88276062201034,114.7,112.2,101.9,112.4,11.216059914247962,110.6,108.6,99.4,120.8,9.003702941938114,114.7,112.2,101.9,111.3,11.264990013311074,110.6,108.6,99.4,114.55153,112.82826
2024-01-02,104,111,113.8,107.1,112.1,117.4,101.5,99.3,0,1,121.0,16.077935190813516,113.8,112.1,101.5,108.2,10.034938963441727,107.1,117.4,99.3,123.6,11.815244390193534,113.8,112.1,101.5,109.7,10.509783801561019,107.1,117.4,99.3,121.49759,109.04841
2024-01-03,140,101,112.8,108.3,110.4,117.1,99.2,104.8,0,0,120.2,12.517987058628881,112.8,110.4,99.2,115.2,11.388590782006341,108.3,117.1,104.8,113.3,13.458165633630124,112.8,110.4,99.2,116.8,9.413937657655325,108.3,117.1,104.8,122.58615,111.20959
2024-01-03,142,130,117.9,116.0,115.0,113.5,104.4,101.9,0,0,126.2,16.06860292620363,117.9,115.0,104.4,125.6,11.970797801316374,116.0,113.5,101.9,129.0,14.173527750312994,117.9,115.0,104.4,123.5,13.81022165724445,116.0,113.5,101.9,118.94089,127.26433
2024-01-03,141,138,114.0,117.0,116.1,109.8,102.8,102.0,0,1,125.6,13.939153489362278,114.0,116.1,102.8,124.0,6.442049363362548,117.0,109.8,102.0,122.8,11.360751148875107,114.0,116.1,102.8,122.1,8.211780156173788,117.0,109.8,102.0,119.43626,123.18465
2024-01-03,116,100,114.1,112.4,109.5,113.9,98.6,98.4,0,1,121.2,10.94074951728626,114.1,109.5,98.6,114.8,12.755391017134675,112.4,113.9,98.4,117.4,13.442883288607144,114.1,109.5,98.6,110.0,10.208928554075595,112.4,113.9,98.4,115.24964,110.170456
2024-01-03,112,101,111.5,110.4,110.4,113.3,101.6,99.3,0,1,123.0,8.972179222463154,111.5,110.4,101.6,104.6,12.116104984688684,110.4,113.3,99.3,117.0,12.083045973594528,111.5,110.4,101.6,112.3,15.585249436566643,110.4,113.3,99.3,116.62165,111.97619
2024-01-03,111,116,104.2,109.8,111.1,116.1,101.0,101.7,1,0,104.6,10.430723848324249,104.2,111.1,101.0,123.6,8.848728722251579,109.8,116.1,101.7,103.7,7.761013679496389,104.2,111.1,101.0,119.6,13.243027515556065,109.8,116.1,101.7,109.041595,110.75588
2024-01-03,106,117,113.1,115.0,106.6,110.6,99.3,99.9,0,1,114.4,10.06479011206887,113.1,106.6,99.3,128.2,15.006665185843252,115.0,110.6,99.9,116.0,7.6303487615064105,113.1,106.6,99.3,118.0,15.412837362262495,115.0,110.6,99.9,113.688644,108.41032
2024-01-03,126,97,115.2,105.0,113.0,113.9,102.2,100.3,0,0,118.6,17.00882124075622,115.2,113.0,102.2,107.4,14.258330898110069,105.0,113.9,100.3,116.0,14.000000000000066,115.2,113.0,102.2,109.1,10.450412006763676,105.0,113.9,100.3,119.98369,110.19863
2024-01-03,122,131,114.9,116.1,111.9,112.8,100.7,99.4,0,0,116.0,9.669539802906888,114.9,111.9,100.7,126.2,15.417522498767424,116.1,112.8,99.4,116.0,7.149203529842535,114.9,111.9,100.7,117.9,16.72954804463573,116.1,112.8,99.4,120.40513,111.27236
2024-01-03,154,148,112.0,107.2,116.7,116.1,102.6,102.1,0,0,120.8,4.816637831516936,112.0,116.7,102.6,117.6,5.029910535983653,107.2,116.1,102.1,120.6,9.777525249264151,112.0,116.7,102.6,113.1,8.812238963825063,107.2,116.1,102.1,119.93167,115.65541
2024-01-03,96,110,113.6,111.7,113.0,109.9,103.0,98.3,0,0,113.0,12.247448713915901,113.6,113.0,103.0,111.6,5.029910535983681,111.7,109.9,98.3,113.2,10.643725329455267,113.6,113.0,103.0,111.7,10.066997787048619,111.7,109.9,98.3,114.30465,112.44259
2024-01-03,138,135,113.8,110.6,112.1,108.6,101.5,99.4,1,1,116.8,17.455658108475877,113.8,112.1,101.5,116.0,7.2111025509279765,110.6,108.6,99.4,120.8,12.873745893613624,113.8,112.1,101.5,111.3,11.264990013311074,110.6,108.6,99.4,114.100105,113.03533
2024-01-04,121,125,107.5,116.0,113.7,113.5,103.5,101.9,0,1,115.4,10.502380682492888,107.5,113.7,103.5,129.0,9.695359714832708,116.0,113.5,101.9,113.4,11.99259030494338,107.5,113.7,103.5,124.1,13.96384219650489,116.0,113.5,101.9,114.10358,122.19796
2024-01-04,127,130,114.7,115.6,112.2,110.3,101.9,99.3,0,0,120.0,10.559356040971416,114.7,112.2,101.9,116.0,10.173494974687893,115.6,110.3,99.3,122.0,7.99999999999989,114.7,112.2,101.9,115.5,7.604823031033359,115.6,110.3,99.3,115.29755,115.22838
2024-01-05,126,97,120.2,112.0,108.9,116.7,99.6,102.6,0,0,121.2,6.572670690061956,120.2,108.9,99.6,119.2,9.67987603226407,112.0,116.7,102.6,119.7,5.67744073798519,120.2,108.9,99.6,112.3,14.087425440993728,112.0,116.7,102.6,126.35848,112.88468
2024-01-05,150,116,117.9,114.0,115.0,116.1,104.4,102.8,0,0,132.6,14.275853739794336,117.9,115.0,104.4,121.8,9.731392500562313,114.0,116.1,102.8,128.0,12.640323483905828,117.9,115.0,104.4,122.3,10.594023472379753,114.0,116.1,102.8,126.55835,122.47555
2024-01-05,124,115,110.4,117.0,113.3,109.8,99.3,102.0,0,0,119.2,10.616025621672158,110.4,113.3,99.3,124.8,8.04363102087607,117.0,109.8,102.0,115.5,11.296508801886993,110.4,113.3,99.3,123.5,9.64076990931949,117.0,109.8,102.0,113.88361,113.46076
2024-01-05,114,90,112.8,108.3,110.4,117.1,99.2,104.8,0,0,122.8,15.319921670818038,112.8,110.4,99.2,115.2,11.388590782006341,108.3,117.1,104.8,115.2,15.8029533104839,112.8,110.4,99.2,116.2,10.261037417770575,108.3,117.1,104.8,124.360954,111.192184
2024-01-05,92,128,113.8,114.1,110.7,109.5,100.2,98.6,0,0,117.2,9.782637681116489,113.8,110.7,100.2,117.8,6.942621983083993,114.1,109.5,98.6,122.0,15.040685563571389,113.8,110.7,100.2,118.2,10.538817137927275,114.1,109.5,98.6,113.50434,111.869865
2024-01-05,104,91,112.4,107.1,113.9,117.4,98.4,99.3,0,0,107.2,9.03880523078134,112.4,113.9,98.4,107.8,9.833615815151665,107.1,117.4,99.3,111.0,10.34944979750668,112.4,113.9,98.4,110.1,10.471654862320213,107.1,117.4,99.3,110.41089,107.72737
2024-01-05,95,122,111.5,113.1,110.4,106.6,101.6,99.3,0,0,121.0,10.271319292087044,111.5,110.4,101.6,109.4,3.2863353450309805,113.1,106.6,99.3,117.5,11.72130064834478,111.5,110.4,101.6,113.6,6.467010300148191,113.1,106.6,99.3,112.94976,112.799706
2024-01-05,95,111,115.0,116.1,110.6,112.8,99.9,99.4,0,0,114.4,9.126883367283677,115.0,110.6,99.9,126.2,15.417522498767424,116.1,112.8,99.4,116.8,7.177124153246365,115.0,110.6,99.9,118.5,17.115619896586914,116.1,112.8,99.4,119.66988,112.94018
2024-01-05,139,103,115.2,105.0,113.0,113.9,102.2,100.3,0,0,118.4,16.890825912311097,115.2,113.0,102.2,106.2,14.956603892595414,105.0,113.9,100.3,116.2,14.140564188021546,115.2,113.0,102.2,107.8,11.113555286725768,105.0,113.9,100.3,119.91343,110.71304
2024-01-05,120,122,115.6,110.6,110.3,108.6,99.3,99.4,1,0,119.2,18.646715528478474,115.6,110.3,99.3,120.2,10.917875251164944,110.6,108.6,99.4,121.1,14.49482666333065,115.6,110.3,99.3,115.2,12.099586769803253,110.6,108.6,99.4,112.79276,111.567764
2024-01-05,113,97,114.9,111.7,111.9,109.9,100.7,98.3,0,0,118.0,9.669539802906888,114.9,111.9,100.7,110.4,4.393176527297717,111.7,109.9,98.3,117.1,7.14065045278726,114.9,111.9,100.7,110.9,9.82570325444657,111.7,109.9,98.3,113.302734,110.569885
2024-01-05,113,109,114.7,107.2,112.2,116.1,101.9,102.1,1,0,119.6,10.163660757817508,114.7,112.2,101.9,124.4,13.974977638622516,107.2,116.1,102.1,122.4,8.154071920757572,114.7,112.2,101.9,116.1,14.153523314787163,107.2,116.1,102.1,119.68357,112.50315
2024-01-05,113,127,113.6,104.2,113.0,111.1,103.0,101.0,0,0,112.0,13.601470508735453,113.6,113.0,103.0,113.4,8.203657720797501,104.2,111.1,101.0,112.2,11.802071381282516,113.6,113.0,103.0,107.6,9.663217775553909,104.2,111.1,101.0,117.940384,111.877525
2024-01-05,135,130,113.8,109.8,112.1,116.1,101.5,101.7,0,0,115.8,15.626899884494033,113.8,112.1,101.5,120.8,8.526429498916885,109.8,116.1,101.7,122.9,13.860014430006915,113.8,112.1,101.5,118.9,13.228336588131041,109.8,116.1,101.7,117.815575,110.96566
2024-01-06,101,118,117.9,120.2,115.0,108.9,104.4,99.6,1,1,137.2,15.658863304850707,117.9,115.0,104.4,134.4,10.064790112068888,120.2,108.9,99.6,129.6,14.377451481786155,117.9,115.0,104.4,123.8,14.755789824110742,120.2,108.9,99.6,113.854675,125.28222
2024-01-06,105,121,108.3,114.1,117.1,109.5,104.8,98.6,1,1,118.8,13.627178724886493,108.3,117.1,104.8,120.6,7.7974354758472435,114.1,109.5,98.6,117.7,11.07600008025368,108.3,117.1,104.8,121.0,8.730533902472734,114.1,109.5,98.6,116.84094,118.065895
2024-01-06,109,120,113.8,112.0,110.7,116.7,100.2,102.6,1,1,110.8,13.845576911057199,113.8,110.7,100.2,115.4,14.01071018899472,112.0,116.7,102.6,120.6,17.19302184027003,113.8,110.7,100.2,112.9,13.177843357528475,112.0,116.7,102.6,121.88726,112.96136
2024-01-06,112,108,111.5,116.0,110.4,113.5,101.6,101.9,1,0,116.6,15.693947878083433,111.5,110.4,101.6,128.0,9.8234413521943,116.0,113.5,101.9,115.9,13.641847382227931,111.5,110.4,101.6,126.9,10.235558932792546,116.0,113.5,101.9,117.65341,117.45586
2024-01-07,117,115,112.8,107.5,110.4,113.7,99.2,103.5,0,0,118.6,13.957077057894326,112.8,110.4,99.2,111.6,14.36314728741579,107.5,113.7,103.5,117.0,14.32945684013648,112.8,110.4,99.2,109.0,14.275075403575944,107.5,113.7,103.5,119.46822,109.39416
2024-01-07,127,134,110.4,105.0,113.3,113.9,99.3,100.3,0,0,118.2,9.654014708917723,110.4,113.3,99.3,104.2,14.481022063376615,105.0,113.9,100.3,117.7,10.488618169764313,110.4,113.3,99.3,106.3,10.58353018189631,105.0,113.9,100.3,115.7439,108.47346
2024-01-07,117,110,110.6,114.0,108.6,116.1,99.4,102.8,0,0,109.8,14.359665734271122,110.6,108.6,99.4,121.2,10.034938963441702,114.0,116.1,102.8,117.3,14.197417605560101,110.6,108.6,99.4,123.6,8.566082989195088,114.0,116.1,102.8,118.348526,111.42582
2024-01-07,100,133,113.8,115.0,112.1,110.6,101.5,99.9,0,0,119.0,17.916472867168906,113.8,112.1,101.5,128.0,15.182226450688974,115.0,110.6,99.9,124.1,14.379383389654313,113.8,112.1,101.5,118.7,15.166117206164209,115.0,110.6,99.9,113.88721,113.54181
2024-01-07,115,108,115.2,113.1,113.0,106.6,102.2,99.3,0,0,126.0,15.604486534327233,115.2,113.0,102.2,111.4,6.61815684310971,113.1,106.6,99.3,118.5,15.869257491556949,115.2,113.0,102.2,113.7,6.600505031182632,113.1,106.6,99.3,114.12688,114.12513
2024-01-07,131,114,115.6,107.2,110.3,116.1,99.3,102.1,0,0,117.2,17.71157813409071,115.6,110.3,99.3,121.4,15.59807680452944,107.2,116.1,102.1,122.3,13.768321127380341,115.6,110.3,99.3,116.2,14.093339640490603,107.2,116.1,102.1,121.88405,109.8242
2024-01-07,115,121,114.9,104.2,111.9,111.1,100.7,101.0,0,0,117.8,9.782637681116507,114.9,111.9,100.7,115.8,10.281050529979924,104.2,111.1,101.0,116.8,7.254117604659038,114.9,111.9,100.7,111.2,9.496198069637247,104.2,111.1,101.0,115.45486,109.2701
2024-01-07,118,133,114.7,109.8,112.2,116.1,101.9,101.7,0,0,117.0,9.772410142846008,114.7,112.2,101.9,124.6,7.197221686178637,109.8,116.1,101.7,121.6,8.68203765125308,114.7,112.2,101.9,119.2,13.46435623744731,109.8,116.1,101.7,119.72105,111.54309
2024-01-07,106,103,113.6,116.1,113.0,112.8,103.0,99.4,0,0,113.2,13.311649033834998,113.6,113.0,103.0,125.6,16.05615146914103,116.1,112.8,99.4,110.5,10.04711124873432,113.6,113.0,103.0,119.9,15.67340280716197,116.1,112.8,99.4,117.55707,117.473465
2024-01-08,112,119,107.1,112.4,117.4,113.9,99.3,98.4,0,0,103.0,14.47411482613012,107.1,117.4,99.3,109.0,11.180339887498947,112.4,113.9,98.4,109.8,12.532624093407884,107.1,117.4,99.3,109.5,10.596120883501461,112.4,113.9,98.4,109.80174,114.20377
2024-01-08,133,131,117.9,120.2,115.0,108.9,104.4,99.6,0,0,128.6,21.651789764358973,117.9,115.0,104.4,129.2,10.568822072492262,120.2,108.9,99.6,127.1,17.006208016812984,117.9,115.0,104.4,125.3,13.07287267588866,120.2,108.9,99.6,115.4129,125.04305
2024-01-08,128,136,108.3,117.0,117.1,109.8,104.8,102.0,0,0,112.4,9.964938534682442,108.3,117.1,104.8,122.6,9.071934744033369,117.0,109.8,102.0,117.5,11.306340404097828,108.3,117.1,104.8,124.2,8.586811592979593,117.0,109.8,102.0,115.60807,122.79267
2024-01-08,120,113,111.7,111.5,109.9,110.4,98.3,101.6,0,0,116.6,5.272570530585624,111.7,109.9,98.3,111.0,13.322912594474218,111.5,110.4,101.6,119.9,10.038260141412357,111.7,109.9,98.3,110.7,13.736002976767914,111.5,110.4,101.6,113.03917,110.451195
2024-01-08,116,132,116.0,112.0,113.5,116.7,101.9,102.6,0,0,127.4,12.876334882255872,116.0,113.5,101.9,115.6,14.081903280451847,112.0,116.7,102.6,128.2,11.858424103657871,116.0,113.5,101.9,115.9,10.535126429658591,112.0,116.7,102.6,122.596214,119.16675
2024-01-08,138,111,116.1,114.9,112.8,111.9,99.4,100.7,1,1,120.6,13.939153489362266,116.1,112.8,99.4,111.8,10.802777420645107,114.9,111.9,100.7,119.2,11.659998094148914,116.1,112.8,99.4,113.0,13.96026106091461,114.9,111.9,100.7,117.07835,113.81948
2024-01-09,110,131,107.2,113.8,116.1,112.1,102.1,101.5,0,0,117.2,8.318653737234168,107.2,116.1,102.1,112.8,8.843076387773612,113.8,112.1,101.5,111.3,8.615876817441825,107.2,116.1,102.1,109.7,14.28324581847946,113.8,112.1,101.5,113.23816,119.70997
2024-01-09,92,113,110.6,113.1,108.6,106.6,99.4,99.3,0,0,107.2,10.4259292151827,110.6,108.6,99.4,110.4,6.6932802122725965,113.1,106.6,99.3,117.1,14.184890239656857,110.6,108.6,99.4,112.6,6.53537383101469,113.1,106.6,99.3,110.7366,111.10852
2024-01-09,112,84,114.1,105.0,109.5,113.9,98.6,100.3,0,0,120.8,11.122050170719405,114.1,109.5,98.6,105.6,17.3002890149269,105.0,113.9,100.3,120.1,9.122012448528752,114.1,109.5,98.6,108.7,13.760248705762686,105.0,113.9,100.3,115.54651,105.80581
2024-01-09,103,120,115.2,104.2,113.0,111.1,102.2,101.0,0,0,126.8,14.72073367736812,115.2,113.0,102.2,115.0,9.513148795220248,104.2,111.1,101.0,118.7,15.804710971381034,115.2,113.0,102.2,112.5,9.891073416638768,104.2,111.1,101.0,116.66748,110.39378
2024-01-09,132,131,113.6,109.8,113.0,116.1,103.0,101.7,0,0,112.6,13.612494260788512,113.6,113.0,103.0,124.8,7.4632432628181204,109.8,116.1,101.7,109.5,9.935905707192559,113.6,113.0,103.0,123.1,10.723287224022547,109.8,116.1,101.7,118.02602,112.79431
2024-01-10,127,120,120.2,113.1,108.9,106.6,99.6,99.3,0,1,123.2,6.099180272790721,120.2,108.9,99.6,111.0,6.78232998312526,113.1,106.6,99.3,120.9,5.606543795720638,120.2,108.9,99.6,111.6,5.4405882034942215,113.1,106.6,99.3,115.48632,109.307655
2024-01-10,98,123,107.1,113.8,117.4,112.1,99.3,101.5,0,1,102.0,13.397761006974253,107.1,117.4,99.3,116.6,11.949895397031693,113.8,112.1,101.5,108.9,11.948500603283563,107.1,117.4,99.3,113.9,13.682511140544019,113.8,112.1,101.5,109.54979,114.88176
2024-01-10,108,130,107.2,107.5,116.1,113.7,102.1,103.5,1,0,114.6,8.080841540334768,107.2,116.1,102.1,115.6,10.968135666556993,107.5,113.7,103.5,111.4,8.591985930052513,107.2,116.1,102.1,110.0,14.313940369055958,107.5,113.7,103.5,115.81589,115.69888
2024-01-10,112,104,117.9,108.3,115.0,117.1,104.4,104.8,0,0,133.2,18.99210362229524,117.9,115.0,104.4,111.6,16.10279478848314,108.3,117.1,104.8,128.8,16.618597346881636,117.9,115.0,104.4,113.8,13.214470183182597,108.3,117.1,104.8,136.35587,117.0828
2024-01-10,139,132,114.0,113.8,116.1,110.7,102.8,100.2,0,0,124.4,11.717508267545641,114.0,116.1,102.8,116.6,17.21336689901196,113.8,110.7,100.2,124.9,12.653062870309316,114.0,116.1,102.8,117.1,14.01150321065589,113.8,110.7,100.2,117.52669,116.94366
2024-01-10,120,128,111.7,117.0,109.9,109.8,98.3,102.0,0,0,117.4,5.45893762558247,111.7,109.9,98.3,125.2,10.894952959971869,117.0,109.8,102.0,121.1,9.134184875145387,111.7,109.9,98.3,126.7,7.930952023558985,117.0,109.8,102.0,112.720436,108.76608
2024-01-10,124,119,112.4,111.5,113.9,110.4,98.4,101.6,0,0,105.2,8.228000972289692,112.4,113.9,98.4,114.2,10.802777420645107,111.5,110.4,101.6,111.4,9.94652368083107,112.4,113.9,98.4,113.4,10.64790015814279,111.5,110.4,101.6,111.28417,110.71642
2024-01-10,124,111,112.0,115.6,116.7,110.3,102.6,99.3,0,0,128.0,15.231546211727823,112.0,116.7,102.6,116.2,10.497618777608558,115.6,110.3,99.3,122.7,14.055841015985658,112.0,116.7,102.6,117.8,8.202980488145203,115.6,110.3,99.3,115.0386,121.5119
2024-01-10,105,141,114.7,115.0,112.2,110.6,101.9,99.9,0,0,120.2,5.167204273105481,114.7,112.2,101.9,126.2,13.553597308463901,115.0,110.6,99.9,121.4,8.745792639257303,114.7,112.2,101.9,120.4,15.77057738673856,115.0,110.6,99.9,116.96402,114.28446
2024-01-10,126,120,116.1,109.8,112.8,116.1,99.4,101.7,0,1,119.4,11.458621208504983,116.1,112.8,99.4,127.4,6.73052746818554,109.8,116.1,101.7,122.6,11.692352676476732,116.1,112.8,99.4,123.0,10.635370755695705,109.8,116.1,101.7,120.88975,110.150566
2024-01-11,111,102,112.8,110.4,110.4,113.3,99.2,99.3,0,0,117.2,13.627178724886532,112.8,110.4,99.2,103.2,12.029131306956373,110.4,113.3,99.3,117.2,14.31238779674605,112.8,110.4,99.2,107.9,10.80586260632004,110.4,113.3,99.3,116.21123,109.91893
2024-01-11,135,102,116.0,120.2,113.5,108.9,101.9,99.6,0,1,121.4,8.17312669668096,116.0,113.5,101.9,126.4,6.348228099241514,120.2,108.9,99.6,126.6,12.35763371811544,116.0,113.5,101.9,126.7,12.832683966254828,120.2,108.9,99.6,116.03757,117.417435
2024-01-11,139,77,117.0,105.0,109.8,113.9,102.0,100.3,1,0,125.8,3.8340579025361743,117.0,109.8,102.0,101.2,19.791412279066908,105.0,113.9,100.3,126.9,6.118278625016637,117.0,109.8,102.0,106.9,15.76529239958598,105.0,113.9,100.3,120.89895,107.129265
2024-01-11,128,124,115.2,114.1,113.0,109.5,102.2,98.6,0,0,118.6,14.152738250953414,115.2,113.0,102.2,120.6,7.797435475847243,114.1,109.5,98.6,119.6,14.439144326756084,115.2,113.0,102.2,121.2,8.702490065109924,114.1,109.5,98.6,115.274506,113.79326
2024-01-11,109,127,113.6,114.9,113.0,111.9,103.0,100.7,0,0,116.0,16.232683080747933,113.6,113.0,103.0,110.8,10.545141061171243,114.9,111.9,100.7,111.7,12.22974515951439,113.6,113.0,103.0,114.6,12.509551905999201,114.9,111.9,100.7,118.63936,116.20716
2024-01-12,112,93,113.8,113.8,110.7,112.1,100.2,101.5,0,0,111.8,13.405222862750183,113.8,110.7,100.2,121.4,6.841052550594773,113.8,112.1,101.5,117.8,16.49107502728543,113.8,110.7,100.2,116.5,12.536613046061,113.8,112.1,101.5,115.62932,112.032074
2024-01-12,108,126,114.0,117.9,116.1,115.0,102.8,104.4,0,0,127.8,13.217412757419693,114.0,116.1,102.8,115.4,8.905054744357267,117.9,115.0,104.4,126.1,13.420134127496647,114.0,116.1,102.8,123.3,11.547486498993903,117.9,115.0,104.4,124.26697,121.42036
2024-01-12,110,112,107.2,111.5,116.1,110.4,102.1,101.6,0,0,114.0,8.5146931829632,107.2,116.1,102.1,117.4,8.848728722251561,111.5,110.4,101.6,111.9,8.184674024595415,107.2,116.1,102.1,113.1,10.418466511173508,111.5,110.4,101.6,113.53754,117.253876
2024-01-12,99,96,111.7,110.6,109.9,108.6,98.3,99.4,0,0,117.8,5.5856960175075745,111.7,109.9,98.3,121.2,10.77961038256949,110.6,108.6,99.4,120.9,9.134184875145387,111.7,109.9,98.3,114.6,11.529671865813498,110.6,108.6,99.4,112.81491,110.2377
2024-01-12,131,140,112.4,114.7,113.9,112.2,98.4,101.9,0,0,111.0,9.380831519646865,112.4,113.9,98.4,114.6,2.4083189157586418,114.7,112.2,101.9,111.8,10.400854665736741,112.4,113.9,98.4,114.7,7.409453421137146,114.7,112.2,101.9,112.56985,112.405106
2024-01-12,119,128,104.2,116.1,111.1,112.8,101.0,99.4,0,0,104.2,10.059821071967443,104.2,111.1,101.0,116.0,10.440306508910533,116.1,112.8,99.4,103.8,7.85705627657904,104.2,111.1,101.0,120.9,13.995634239925492,116.1,112.8,99.4,108.08746,115.11567
2024-01-12,116,93,113.1,105.0,106.6,113.9,99.3,100.3,0,1,115.4,8.532291603080576,113.1,106.6,99.3,99.0,22.102036105300353,105.0,113.9,100.3,114.3,7.789594198530392,113.1,106.6,99.3,103.2,18.084984563628066,105.0,113.9,100.3,116.45922,104.30995
2024-01-12,125,113,115.6,115.0,110.3,110.6,99.3,99.9,0,0,119.4,18.79627622695517,115.6,110.3,99.3,132.0,12.083045973594567,115.0,110.6,99.9,122.2,13.693469652031668,115.6,110.3,99.3,124.4,15.370968306084823,115.0,110.6,99.9,114.59088,112.46508
2024-01-12,145,113,112.0,109.8,116.7,116.1,102.6,101.7,0,0,129.4,14.258330898110065,112.0,116.7,102.6,126.0,7.516648189186458,109.8,116.1,101.7,123.8,13.636552187248565,112.0,116.7,102.6,124.8,7.842901957254534,109.8,116.1,101.7,118.93295,114.86639
2024-01-12,135,99,107.5,107.1,113.7,117.4,103.5,99.3,0,0,115.8,10.709808588392221,107.5,113.7,103.5,105.2,12.457929201917988,107.1,117.4,99.3,114.2,12.227473619317722,107.5,113.7,103.5,107.5,11.721300648344746,107.1,117.4,99.3,114.25297,110.85935
2024-01-13,145,113,120.2,111.5,108.9,110.4,99.6,101.6,0,1,123.0,5.9160797830995735,120.2,108.9,99.6,116.0,9.08295106229246,111.5,110.4,101.6,121.7,5.869885480616776,120.2,108.9,99.6,113.9,9.938142012804313,111.5,110.4,101.6,116.34825,110.91052
2024-01-13,99,127,114.0,108.3,116.1,117.1,102.8,104.8,1,0,123.4,15.725775020646845,114.0,116.1,102.8,106.2,11.966620241321262,108.3,117.1,104.8,123.9,14.47181168110384,114.0,116.1,102.8,111.6,12.781931691954,108.3,117.1,104.8,126.20688,116.90147
2024-01-13,94,106,104.2,114.1,111.1,109.5,101.0,98.6,1,0,108.8,10.616025621672181,104.2,111.1,101.0,121.4,7.92464510246365,114.1,109.5,98.6,105.5,9.156054463213403,104.2,111.1,101.0,122.3,8.233400809440333,114.1,109.5,98.6,108.23871,113.26055
2024-01-13,129,118,116.0,114.7,113.5,112.2,101.9,101.9,0,1,122.8,9.984988733093246,116.0,113.5,101.9,120.2,11.233877335986932,114.7,112.2,101.9,129.3,10.677598564803908,116.0,113.5,101.9,115.7,9.94484791236152,114.7,112.2,101.9,117.23574,116.91617
2024-01-13,112,100,117.0,110.6,109.8,108.6,102.0,99.4,0,1,129.6,5.6391488719486835,117.0,109.8,102.0,115.0,14.781745499094482,110.6,108.6,99.4,128.5,7.011894655987723,117.0,109.8,102.0,114.1,12.269655432995764,110.6,108.6,99.4,116.918106,112.08833
2024-01-13,108,118,115.2,115.0,113.0,110.6,102.2,99.9,0,1,122.2,13.700364958642522,115.2,113.0,102.2,125.4,11.523888232710343,115.0,110.6,99.9,120.4,14.683323874382255,115.2,113.0,102.2,125.7,13.515834335244529,115.0,110.6,99.9,116.3531,115.51131
2024-01-13,116,122,107.5,112.4,113.7,113.9,103.5,98.4,1,1,117.0,12.708265027138824,107.5,113.7,103.5,108.0,9.617692030835672,112.4,113.9,98.4,116.9,13.609228894801891,107.5,113.7,103.5,111.3,10.52035064899336,112.4,113.9,98.4,111.59216,115.257935
2024-01-13,132,125,112.0,113.6,116.7,113.0,102.6,103.0,1,0,133.4,15.469324484281794,112.0,116.7,102.6,112.6,9.343446901438448,113.6,113.0,103.0,124.6,14.69088908889521,112.0,116.7,102.6,116.8,9.68159766429773,113.6,113.0,103.0,120.72266,120.70402
2024-01-14,117,109,115.6,117.9,110.3,115.0,99.3,104.4,0,0,116.0,14.79864858694875,115.6,110.3,99.3,118.8,9.093954035511718,117.9,115.0,104.4,121.3,13.115300648902878,115.6,110.3,99.3,122.7,11.195733314278538,117.9,115.0,104.4,123.42866,113.66996
2024-01-14,104,87,111.7,107.1,109.9,117.4,98.3,99.3,0,0,116.0,9.565563234854494,111.7,109.9,98.3,102.6,12.033287165193098,107.1,117.4,99.3,116.6,8.16768701108902,111.7,109.9,98.3,104.5,9.168181692983218,107.1,117.4,99.3,113.38138,106.41403
2024-01-14,143,142,116.0,113.8,113.5,112.1,101.9,101.5,1,0,122.2,9.364827814754474,116.0,113.5,101.9,117.4,14.518953130305203,113.8,112.1,101.5,129.0,10.635370755695478,116.0,113.5,101.9,113.3,14.111067366511376,113.8,112.1,101.5,116.985,116.007744
2024-01-14,109,105,113.1,116.1,106.6,112.8,99.3,99.4,0,0,113.2,5.761944116355114,113.1,106.6,99.3,117.6,11.738824472663335,116.1,112.8,99.4,114.5,7.806692285753613,113.1,106.6,99.3,121.3,14.150382798119995,116.1,112.8,99.4,115.69159,110.69812
2024-01-14,116,127,105.0,114.9,113.9,111.9,100.3,100.7,0,0,119.0,12.708265027138848,105.0,113.9,100.3,115.2,12.00833044182245,114.9,111.9,100.7,115.5,12.304019216861002,105.0,113.9,100.3,117.3,11.907513967612532,114.9,111.9,100.7,110.065865,113.00169
2024-01-15,124,115,113.8,111.5,110.7,110.4,100.2,101.6,0,0,108.8,10.521406750050119,113.8,110.7,100.2,112.6,4.615192303685703,111.5,110.4,101.6,118.3,16.200480102625267,113.8,110.7,100.2,113.6,9.912954487268976,111.5,110.4,101.6,114.45643,111.435875
2024-01-15,125,120,115.2,115.0,113.0,110.6,102.2,99.9,0,0,118.6,14.77497884939264,115.2,113.0,102.2,124.4,11.99166377113701,115.0,110.6,99.9,118.5,14.96106056846694,115.2,113.0,102.2,126.3,12.961910010145422,115.0,110.6,99.9,116.16418,115.268196
2024-01-15,94,98,114.1,110.6,109.5,108.6,98.6,99.4,0,0,116.0,7.516648189186422,114.1,109.5,98.6,113.6,16.009372255026115,110.6,108.6,99.4,120.2,9.016035098029029,114.1,109.5,98.6,113.0,13.046923860520547,110.6,108.6,99.4,112.79588,110.90919
2024-01-15,117,129,108.3,107.2,117.1,116.1,104.8,102.1,0,0,114.2,12.049896265113617,108.3,117.1,104.8,121.2,15.70668647423763,107.2,116.1,102.1,118.6,11.777568132306133,108.3,117.1,104.8,116.3,14.071642090072952,107.2,116.1,102.1,117.79455,114.40211
2024-01-15,109,99,114.0,107.5,116.1,113.7,102.8,103.5,0,0,119.4,19.26914632255409,114.0,116.1,102.8,117.8,12.774975538137035,107.5,113.7,103.5,122.9,15.891647002260173,114.0,116.1,102.8,111.0,15.398412616601489,107.5,113.7,103.5,122.73358,115.78779
2024-01-15,116,107,104.2,114.7,111.1,112.2,101.0,101.9,0,0,104.4,11.414902540100824,104.2,111.1,101.0,120.6,11.081516141756094,114.7,112.2,101.9,104.9,9.73481723848288,104.2,111.1,101.0,117.1,9.060905032059534,114.7,112.2,101.9,109.46565,115.59196
2024-01-15,109,91,112.8,112.4,110.4,113.9,99.2,98.4,0,0,118.6,12.218837915284746,112.8,110.4,99.2,109.2,11.122050170719424,112.4,113.9,98.4,117.8,13.86281997927473,112.8,110.4,99.2,112.6,10.996969279457405,112.4,113.9,98.4,113.71082,110.543594
2024-01-15,95,96,110.4,111.7,113.3,109.9,99.3,98.3,0,1,123.2,3.9623225512317535,110.4,113.3,99.3,106.8,6.534523701081788,111.7,109.9,98.3,120.5,8.48855438549782,110.4,113.3,99.3,110.9,9.82570325444657,111.7,109.9,98.3,112.001205,109.67627
2024-01-15,96,105,109.8,120.2,116.1,108.9,101.7,99.6,0,0,113.0,8.944271909999117,109.8,116.1,101.7,121.6,12.660963628413102,120.2,108.9,99.6,117.2,12.994015716645997,109.8,116.1,101.7,126.7,12.832683966254828,120.2,108.9,99.6,113.3324,121.26913
2024-01-15,132,105,112.0,117.9,116.7,115.0,102.6,104.4,0,1,136.4,12.700393694685221,112.0,116.7,102.6,120.0,6.5192024052026385,117.9,115.0,104.4,127.3,13.081369279330827,112.0,116.7,102.6,119.2,9.065195959149403,117.9,115.0,104.4,124.03318,121.261345
2024-01-15,112,105,113.6,117.0,113.0,109.8,103.0,102.0,0,0,111.2,13.21741275741967,113.6,113.0,103.0,127.2,10.134100848126575,117.0,109.8,102.0,112.1,12.050357302217641,113.6,113.0,103.0,126.7,7.930952023558985,117.0,109.8,102.0,118.096115,121.23799
2024-01-16,126,121,113.8,115.6,110.7,110.3,100.2,99.3,1,0,109.4,11.436782764396646,113.8,110.7,100.2,115.6,10.737783756436883,115.6,110.3,99.3,116.9,14.858218825507585,113.8,110.7,100.2,117.0,8.459051693633135,115.6,110.3,99.3,112.03301,111.34115
2024-01-16,119,117,114.9,113.8,111.9,112.1,100.7,101.5,0,0,114.2,4.86826457785529,114.9,111.9,100.7,122.4,18.18790807102343,113.8,112.1,101.5,116.4,7.2295689129206435,114.9,111.9,100.7,114.6,16.167182122366835,113.8,112.1,101.5,117.614235,111.95068
2024-01-16,128,117,116.1,117.0,112.8,109.8,99.4,102.0,0,1,123.0,9.669539802906867,116.1,112.8,99.4,124.4,14.117365193264636,117.0,109.8,102.0,123.9,11.219526628952734,116.1,112.8,99.4,124.2,10.347302385968145,117.0,109.8,102.0,115.96102,114.05104
2024-01-17,117,124,107.2,113.1,116.1,106.6,102.1,99.3,0,0,113.8,8.613942186943211,107.2,116.1,102.1,113.8,7.085195833567332,113.1,106.6,99.3,112.2,8.038794823990731,107.2,116.1,102.1,112.9,5.762908216439999,113.1,106.6,99.3,109.960266,116.71261
2024-01-17,106,104,114.0,110.6,116.1,108.6,102.8,99.4,0,0,119.2,19.395875850293532,114.0,116.1,102.8,110.2,17.383900597967074,110.6,108.6,99.4,122.4,16.276772816911027,114.0,116.1,102.8,113.1,12.913816889930906,110.6,108.6,99.4,114.65146,114.93038
2024-01-17,117,98,120.2,107.5,108.9,113.7,99.6,103.5,0,0,129.2,9.3648278147545,120.2,108.9,99.6,114.0,15.280706789936113,107.5,113.7,103.5,124.9,8.659612513784223,120.2,108.9,99.6,110.3,15.804710971380963,107.5,113.7,103.5,126.38642,110.11066
2024-01-17,135,95,112.8,116.0,110.4,113.5,99.2,101.9,0,0,118.2,12.557866060760487,112.8,110.4,99.2,125.2,13.330416347586484,116.0,113.5,101.9,119.2,11.867790208983532,112.8,110.4,99.2,124.9,11.826993606905335,116.0,113.5,101.9,116.50253,112.84526
2024-01-17,109,94,114.1,111.5,109.5,110.4,98.6,101.6,0,0,112.6,12.521980673998803,114.1,109.5,98.6,114.4,2.7928480087537446,111.5,110.4,101.6,117.0,11.93500919331219,114.1,109.5,98.6,112.7,9.250225222483293,111.5,110.4,101.6,114.0414,110.68811
2024-01-17,121,97,109.8,111.7,116.1,109.9,101.7,98.3,0,0,111.4,11.349008767288854,109.8,116.1,101.7,103.2,6.534523701081788,111.7,109.9,98.3,115.6,14.592235378218522,109.8,116.1,101.7,108.7,10.499206319209616,111.7,109.9,98.3,110.04963,115.40809
2024-01-17,132,112,115.0,107.1,110.6,117.4,99.9,99.3,0,0,112.6,12.095453691366826,115.0,110.6,99.9,96.2,9.338094023943052,107.1,117.4,99.3,114.6,9.946523680831094,115.0,110.6,99.9,102.8,10.716550025285233,107.1,117.4,99.3,120.504456,107.114136
2024-02-15,137,140,112.0,114.7,116.7,112.2,102.6,101.9,1,1,137.4,11.94989539703173,112.0,116.7,102.6,119.4,12.361229712289992,114.7,112.2,101.9,129.1,12.260596324087192,112.0,116.7,102.6,115.8,9.519570485175452,114.7,112.2,101.9,118.918144,120.90769
2024-01-17,127,110,113.6,115.2,113.0,113.0,103.0,102.2,0,0,114.4,10.21273714534944,113.6,113.0,103.0,111.2,18.6868938028769,115.2,113.0,102.2,113.2,11.409547658771423,113.6,113.0,103.0,110.3,16.666999996666764,115.2,113.0,102.2,118.60032,123.1855
2024-01-17,105,103,105.0,110.4,113.9,113.3,100.3,99.3,0,0,120.4,11.67475909815703,105.0,113.9,100.3,100.0,8.803408430829375,110.4,113.3,99.3,118.0,8.819171036881686,105.0,113.9,100.3,106.3,10.31773015520148,110.4,113.3,99.3,110.80677,108.4431
2024-01-18,113,109,114.1,108.3,109.5,117.1,98.6,104.8,1,0,108.6,8.532291603080585,114.1,109.5,98.6,108.0,14.577379737113242,108.3,117.1,104.8,115.0,11.362707032706286,114.1,109.5,98.6,112.3,13.466419139639331,108.3,117.1,104.8,123.10939,110.58303
2024-01-18,110,116,109.8,112.4,116.1,113.9,101.7,98.4,1,0,112.8,12.153188881935444,109.8,116.1,101.7,105.8,13.845576911057188,112.4,113.9,98.4,113.5,11.56863575938548,109.8,116.1,101.7,111.5,12.607317099384847,112.4,113.9,98.4,113.08023,116.58957
2024-01-18,129,134,112.0,117.0,116.7,109.8,102.6,102.0,0,0,134.0,7.713624310270767,112.0,116.7,102.6,120.2,12.029131306956453,117.0,109.8,102.0,131.0,11.813363431112824,112.0,116.7,102.6,122.5,9.94708220758432,117.0,109.8,102.0,118.22999,122.865295
2024-01-18,118,103,113.1,104.2,106.6,111.1,99.3,101.0,1,0,111.4,5.272570530585563,113.1,106.6,99.3,115.8,9.782637681116503,104.2,111.1,101.0,113.2,7.495183638696157,113.1,106.6,99.3,113.6,10.068653225619746,104.2,111.1,101.0,113.63902,107.97289
2024-01-18,121,126,113.8,117.9,112.1,115.0,101.5,104.4,0,0,115.0,19.77371993328518,113.8,112.1,101.5,116.4,8.961026726887935,117.9,115.0,104.4,121.0,15.979153085609187,113.8,112.1,101.5,116.6,9.03327183250898,117.9,115.0,104.4,122.66392,118.69509
2024-01-19,124,120,107.1,107.5,117.4,113.7,99.3,103.5,0,0,98.8,11.606032913963313,107.1,117.4,99.3,108.0,14.265342617687093,107.5,113.7,103.5,107.1,12.114729327007987,107.1,117.4,99.3,111.9,13.219934442600962,107.5,113.7,103.5,113.40526,112.99056
2024-01-19,109,124,110.6,113.8,108.6,110.7,99.4,100.2,0,0,104.8,12.517987058628881,110.6,108.6,99.4,116.0,16.446884203398543,113.8,110.7,100.2,115.1,16.24431524496428,110.6,108.6,99.4,120.4,13.133502536981027,113.8,110.7,100.2,111.543076,111.33776
2024-01-19,100,102,120.2,115.6,108.9,110.3,99.6,99.3,0,0,127.0,10.8857705285386,120.2,108.9,99.6,117.2,10.848963084092405,115.6,110.3,99.3,124.1,9.011720763045796,120.2,108.9,99.6,117.8,8.416914187779655,115.6,110.3,99.3,114.39323,111.23158
2024-01-19,108,109,111.7,114.0,109.9,116.1,98.3,102.8,0,0,112.4,10.114346246792227,111.7,109.9,98.3,116.4,7.893034904268474,114.0,116.1,102.8,114.1,7.766738197095566,111.7,109.9,98.3,120.9,8.11651266109884,114.0,116.1,102.8,118.36932,108.30067
2024-01-19,109,123,115.0,114.9,110.6,111.9,99.9,100.7,0,0,116.0,14.983324063771676,115.0,110.6,99.9,119.8,11.009087155618296,114.9,111.9,100.7,115.4,11.047372739454623,115.0,110.6,99.9,118.0,12.28368384845879,114.9,111.9,100.7,116.71171,112.56719
2024-04-02,104,100,114.7,115.2,112.2,113.0,101.9,102.2,0,0,116.8,8.31865373723414,114.7,112.2,101.9,114.0,16.792855623746636,115.2,113.0,102.2,119.5,10.080233683358228,114.7,112.2,101.9,110.9,16.522375400918893,115.2,113.0,102.2,119.05387,121.11304
2024-01-19,118,115,105.0,117.9,113.9,115.0,100.3,104.4,0,1,118.0,13.619838471876248,105.0,113.9,100.3,117.6,9.914635646356345,117.9,115.0,104.4,116.4,9.628660919936205,105.0,113.9,100.3,116.6,9.03327183250898,117.9,115.0,104.4,112.074615,114.543526
2024-01-19,112,130,113.6,110.4,113.0,113.3,103.0,99.3,0,0,117.2,11.562871615649817,113.6,113.0,103.0,99.8,8.70057469366235,110.4,113.3,99.3,115.2,11.942454614618406,113.6,113.0,103.0,105.0,9.763879010584427,110.4,113.3,99.3,118.225555,113.45596
2024-01-20,135,141,107.2,116.0,116.1,113.5,102.1,101.9,0,0,114.8,8.64291617453276,107.2,116.1,102.1,115.4,14.046351839534742,116.0,113.5,101.9,113.2,7.941452428030053,107.2,116.1,102.1,120.2,13.497324837825381,116.0,113.5,101.9,113.80734,123.20321
2024-01-20,89,97,107.1,113.8,117.4,110.7,99.3,100.2,1,1,102.2,16.192590898309007,107.1,117.4,99.3,118.2,16.67932852365468,113.8,110.7,100.2,108.7,13.25015723177154,107.1,117.4,99.3,120.1,12.999572642548179,113.8,110.7,100.2,107.41803,115.900246
2024-01-20,127,131,108.3,107.5,117.1,113.7,104.8,103.5,0,1,117.2,9.934787365615787,108.3,117.1,104.8,112.4,13.794926603646704,107.5,113.7,103.5,117.4,11.197221877670348,108.3,117.1,104.8,112.0,13.283239230114203,107.5,113.7,103.5,121.81198,114.9495
2024-01-20,95,116,114.0,112.8,116.1,110.4,102.8,99.2,1,0,112.2,15.482247898803296,114.0,116.1,102.8,112.6,5.366563145999472,112.8,110.4,99.2,118.3,14.453373308677824,114.0,116.1,102.8,111.4,7.820201759261334,112.8,110.4,99.2,114.43803,116.30509
2024-01-20,126,100,114.1,109.8,109.5,116.1,98.6,101.7,0,0,108.8,8.64291617453273,114.1,109.5,98.6,125.4,8.561541917201602,109.8,116.1,101.7,115.0,11.362707032706286,114.1,109.5,98.6,123.1,8.412292592787233,109.8,116.1,101.7,115.43222,108.29336
2024-01-20,125,96,112.4,104.2,113.9,111.1,98.4,101.0,0,0,113.6,12.934450123604023,112.4,113.9,98.4,115.4,10.358571330062873,104.2,111.1,101.0,112.5,11.491542783958801,112.4,113.9,98.4,113.5,10.178954323068567,104.2,111.1,101.0,112.94681,107.19817
2024-01-20,127,126,111.5,112.0,110.4,116.7,101.6,102.6,0,0,116.4,15.757537878742335,111.5,110.4,101.6,116.8,15.385057685949718,112.0,116.7,102.6,117.8,11.203174153386618,111.5,110.4,101.6,117.1,11.67571078017199,112.0,116.7,102.6,121.30713,116.60531
2024-01-20,97,102,113.1,117.0,106.6,109.8,99.3,102.0,0,0,111.4,5.272570530585563,113.1,106.6,99.3,124.0,12.94217910554478,117.0,109.8,102.0,113.3,7.5579244652366695,113.1,106.6,99.3,123.3,10.562512327408779,117.0,109.8,102.0,114.545944,110.625374
2024-01-21,125,114,116.1,110.4,112.8,113.3,99.4,99.3,0,0,126.0,7.968688725254625,116.1,112.8,99.4,104.2,16.208022704821154,110.4,113.3,99.3,123.5,10.967122584241476,116.1,112.8,99.4,107.9,12.39578781504244,110.4,113.3,99.3,120.3495,111.755516
2024-01-21,105,87,110.6,111.7,108.6,109.9,99.4,98.3,0,0,105.4,12.66096362841313,110.6,108.6,99.4,100.8,6.058052492344354,111.7,109.9,98.3,113.6,16.022206811519823,110.6,108.6,99.4,105.5,8.263036837493592,111.7,109.9,98.3,109.898964,107.75108
2024-01-21,104,113,108.3,115.6,117.1,110.3,104.8,99.3,1,0,120.6,9.762171889492578,108.3,117.1,104.8,113.2,12.23519513534622,115.6,110.3,99.3,119.3,11.035800328426156,108.3,117.1,104.8,116.1,9.757618106439358,115.6,110.3,99.3,115.020195,124.47515
2024-01-21,107,116,111.5,120.2,110.4,108.9,101.6,99.6,1,0,116.4,15.757537878742335,111.5,110.4,101.6,115.8,12.194260945215147,120.2,108.9,99.6,118.8,11.564312920936205,111.5,110.4,101.6,125.4,14.377451481785897,120.2,108.9,99.6,112.23665,116.30966
2024-01-21,117,110,114.9,117.9,111.9,115.0,100.7,104.4,0,0,115.6,5.079370039680171,114.9,111.9,100.7,116.2,9.628083921528722,117.9,115.0,104.4,117.1,7.0938157730677105,114.9,111.9,100.7,115.8,8.753412033157248,117.9,115.0,104.4,121.6835,113.11707
2024-01-21,134,110,113.6,105.0,113.0,113.9,103.0,100.3,0,0,118.4,10.358571330062858,113.6,113.0,103.0,98.2,22.264321233758743,105.0,113.9,100.3,115.5,11.80630716561648,113.6,113.0,103.0,102.2,18.371475474525983,105.0,113.9,100.3,119.18487,110.18434
2024-01-22,113,122,107.2,116.0,116.1,113.5,102.1,101.9,0,0,116.0,11.157956802210697,107.2,116.1,102.1,119.8,18.26745740380968,116.0,113.5,101.9,116.6,9.299940262651473,107.2,116.1,102.1,122.7,14.87764915719031,116.0,113.5,101.9,113.37358,123.11722
2024-01-22,99,126,110.6,112.8,108.6,110.4,99.4,99.2,1,0,108.0,10.344080432788607,110.6,108.6,99.4,113.2,5.585696017507554,112.8,110.4,99.2,111.1,15.10297983842927,110.6,108.6,99.4,111.2,7.656515018088897,112.8,110.4,99.2,110.02271,109.12491
2024-01-22,133,123,113.8,107.5,110.7,113.7,100.2,103.5,0,0,112.6,13.667479650615917,113.8,110.7,100.2,115.6,16.195678435928507,107.5,113.7,103.5,114.9,11.464437767868699,113.8,110.7,100.2,115.6,13.040109065665217,107.5,113.7,103.5,118.164055,110.83158
2024-01-22,100,108,109.8,104.2,116.1,111.1,101.7,101.0,0,0,114.0,11.335784048754602,109.8,116.1,101.7,113.4,13.20227253165153,104.2,111.1,101.0,113.3,11.614645926587652,109.8,116.1,101.7,113.4,10.362324921453817,104.2,111.1,101.0,114.608665,109.88038
2024-01-22,125,128,113.1,107.1,106.6,117.4,99.3,99.3,0,0,109.2,8.408329203831123,113.1,106.6,99.3,100.0,11.357816691600588,107.1,117.4,99.3,111.8,9.162726425882015,113.1,106.6,99.3,104.1,10.989388821343232,107.1,117.4,99.3,114.75225,105.0995
2024-01-22,110,119,115.2,120.2,113.0,108.9,102.2,99.6,0,1,115.8,10.709808588392226,115.2,113.0,102.2,114.4,11.545561917897256,120.2,108.9,99.6,120.9,13.714955340795106,115.2,113.0,102.2,124.4,14.675754760071948,120.2,108.9,99.6,114.017624,118.80231
2024-01-22,115,113,114.9,112.4,111.9,113.9,100.7,98.4,1,0,117.2,3.492849839314676,114.9,111.9,100.7,109.6,13.427583550289306,112.4,113.9,98.4,116.6,6.883151732874971,114.9,111.9,100.7,112.2,12.647353697732674,112.4,113.9,98.4,116.00552,110.68571
2024-01-22,122,107,113.8,114.0,112.1,116.1,101.5,102.8,0,0,119.6,17.3579952759528,113.8,112.1,101.5,115.6,8.50294066779255,114.0,116.1,102.8,120.3,15.790644206125503,113.8,112.1,101.5,119.7,8.944893018427399,114.0,116.1,102.8,120.74845,119.0009
2024-01-23,109,114,117.9,115.6,115.0,110.3,104.4,99.3,0,0,127.6,20.549939172659364,117.9,115.0,104.4,115.4,10.597169433391155,115.6,110.3,99.3,126.9,17.406576024275765,117.9,115.0,104.4,115.7,9.798525966241721,115.6,110.3,99.3,115.31056,123.22413
2024-01-23,103,108,110.4,114.1,113.3,109.5,99.3,98.6,0,0,118.8,13.442470011125177,110.4,113.3,99.3,121.0,8.774964387392185,114.1,109.5,98.6,118.8,11.53545259912525,110.4,113.3,99.3,119.0,7.363574011458384,114.1,109.5,98.6,112.14092,113.268776
2024-01-23,153,124,115.0,112.0,110.6,116.7,99.9,102.6,0,0,115.4,15.241391012633963,115.0,110.6,99.9,116.0,14.611639196202475,112.0,116.7,102.6,114.2,11.023207841237111,115.0,110.6,99.9,117.5,11.928024890055353,112.0,116.7,102.6,121.23524,112.96389
2024-01-23,111,109,117.0,105.0,109.8,113.9,102.0,100.3,0,0,126.2,9.731392500562297,117.0,109.8,102.0,99.6,22.853883696212346,105.0,113.9,100.3,126.4,8.50098033562416,117.0,109.8,102.0,101.9,18.199206331901117,105.0,113.9,100.3,118.07073,107.13583
2024-01-23,127,116,116.1,113.6,112.8,113.0,99.4,103.0,0,0,127.6,6.348228099241565,116.1,112.8,99.4,116.0,10.295630140986988,113.6,113.0,103.0,124.1,10.857153299911515,116.1,112.8,99.4,116.0,8.445906306213407,113.6,113.0,103.0,122.56282,113.07878
2024-01-24,113,106,107.2,107.1,116.1,117.4,102.1,99.3,0,0,116.6,10.830512453249845,107.2,116.1,102.1,103.4,16.7421623454081,107.1,117.4,99.3,115.6,9.070097390142179,107.2,116.1,102.1,105.6,13.150411907363617,107.1,117.4,99.3,113.879395,110.56208
2024-01-24,107,118,108.3,113.1,117.1,106.6,104.8,99.3,0,0,116.2,11.519548602267324,108.3,117.1,104.8,117.4,6.693280212272596,113.1,106.6,99.3,117.5,11.974509964457445,108.3,117.1,104.8,113.4,6.518350166176212,113.1,106.6,99.3,111.566895,118.0985
2024-01-24,96,105,111.7,104.2,109.9,111.1,98.3,101.0,0,0,110.2,9.497368056467014,111.7,109.9,98.3,109.6,10.83051245324987,104.2,111.1,101.0,113.4,7.988881162104193,111.7,109.9,98.3,112.7,10.478019320887594,104.2,111.1,101.0,112.601906,107.12631
2024-01-24,114,140,107.5,117.0,113.7,109.8,103.5,102.0,0,1,118.2,12.153188881935462,107.5,113.7,103.5,117.2,13.953494186045296,117.0,109.8,102.0,118.6,12.103259432437543,107.5,113.7,103.5,121.2,12.532624093407705,117.0,109.8,102.0,113.2526,127.01577
2024-01-24,131,137,111.5,105.0,110.4,113.9,101.6,100.3,0,1,110.6,11.502173707608469,111.5,110.4,101.6,94.6,14.741099009232668,105.0,113.9,100.3,116.8,11.717034133640126,111.5,110.4,101.6,100.1,16.22378226897506,105.0,113.9,100.3,116.54943,106.325874
2024-01-24,126,116,116.0,112.8,113.5,110.4,101.9,99.2,0,0,127.2,12.657013865837367,116.0,113.5,101.9,117.0,6.670832032063148,112.8,110.4,99.2,130.0,11.48912529307567,116.0,113.5,101.9,111.8,8.599741598185021,112.8,110.4,99.2,114.90636,114.16025
2024-01-24,109,132,115.2,114.9,113.0,111.9,102.2,100.7,0,0,114.8,11.031772296417284,115.2,113.0,102.2,123.4,7.266360849833963,114.9,111.9,100.7,120.8,13.79855064852842,115.2,113.0,102.2,118.7,12.356284950492846,114.9,111.9,100.7,118.24119,115.83239
2024-01-24,134,112,114.7,114.0,112.2,116.1,101.9,102.8,0,0,113.4,9.55510334847298,114.7,112.2,101.9,114.4,9.343446901438487,114.0,116.1,102.8,116.7,10.111050060865711,114.7,112.2,101.9,117.6,9.240009620004631,114.0,116.1,102.8,119.82979,119.300964
2024-01-25,134,122,117.9,113.8,115.0,110.7,104.4,100.2,0,0,121.0,20.062402647738878,117.9,115.0,104.4,115.2,19.2275843516548,113.8,110.7,100.2,126.8,17.516975893242744,117.9,115.0,104.4,118.4,14.863826335548039,113.8,110.7,100.2,117.11519,120.27881
2024-01-25,108,123,108.3,112.0,117.1,116.7,104.8,102.6,1,0,116.6,11.05893304075936,108.3,117.1,104.8,119.8,13.46105493637109,112.0,116.7,102.6,114.5,10.168032695113162,108.3,117.1,104.8,119.5,11.057928276932355,112.0,116.7,102.6,120.49874,121.74685
2024-01-25,94,96,110.4,113.1,113.3,106.6,99.3,99.3,0,1,114.2,14.27235089254744,110.4,113.3,99.3,116.6,6.2289646009589665,113.1,106.6,99.3,117.3,12.579083167438409,110.4,113.3,99.3,114.0,6.649979114420047,113.1,106.6,99.3,112.563416,112.86079
2024-01-25,110,143,111.7,120.2,109.9,108.9,98.3,99.6,1,0,105.4,9.370165420097985,111.7,109.9,98.3,114.6,11.631852818876252,120.2,108.9,99.6,111.4,9.605553948974915,111.7,109.9,98.3,121.9,12.999572642548147,120.2,108.9,99.6,109.278755,110.155785
2024-01-25,122,84,114.1,115.6,109.5,110.3,98.6,99.3,0,0,110.8,11.432410069622218,114.1,109.5,98.6,112.2,6.833739825307943,115.6,110.3,99.3,115.8,11.867790208983573,114.1,109.5,98.6,114.2,8.612652191850081,115.6,110.3,99.3,112.94619,110.19827
2024-01-25,133,134,114.7,113.8,112.2,112.1,101.9,101.5,1,0,114.8,12.194260945215154,114.7,112.2,101.9,121.2,18.335757415498254,113.8,112.1,101.5,117.2,10.881176406988313,114.7,112.2,101.9,117.0,14.275075403575908,113.8,112.1,101.5,117.05583,115.24675
2024-01-25,141,132,113.6,112.4,113.0,113.9,103.0,98.4,0,0,118.8,11.031772296417302,113.6,113.0,103.0,112.2,12.316655390161728,112.4,113.9,98.4,117.4,13.167299562847939,113.6,113.0,103.0,110.6,11.217050513491493,112.4,113.9,98.4,115.9623,113.118324
2024-01-26,143,148,114.0,115.2,116.1,113.0,102.8,102.2,0,0,103.4,6.107372593840832,114.0,116.1,102.8,108.4,15.582040944625932,115.2,113.0,102.2,115.6,16.112107248898283,114.0,116.1,102.8,112.1,15.044009512833437,115.2,113.0,102.2,115.79397,122.58156
2024-01-26,104,138,107.1,111.5,117.4,110.4,99.3,101.6,0,0,103.6,14.188023118109149,107.1,117.4,99.3,110.6,9.659192512834586,111.5,110.4,101.6,105.5,13.802173741842278,107.1,117.4,99.3,112.4,9.845472732852025,111.5,110.4,101.6,108.76741,114.17014
2024-01-26,133,131,117.9,114.9,115.0,111.9,104.4,100.7,1,0,117.8,14.889593681494466,117.9,115.0,104.4,124.0,7.937253933193757,114.9,111.9,100.7,127.5,17.66509426964823,117.9,115.0,104.4,117.9,11.009591777677752,114.9,111.9,100.7,120.393326,122.01223
2024-01-26,107,127,109.8,116.1,116.1,112.8,101.7,99.4,0,0,110.2,12.377398757412614,109.8,116.1,101.7,115.6,13.06904740216362,116.1,112.8,99.4,112.7,12.17511122468015,109.8,116.1,101.7,120.9,14.586523460601011,116.1,112.8,99.4,114.6135,120.37281
2024-01-26,107,106,104.2,110.6,111.1,108.6,101.0,99.4,0,0,109.2,9.833615815151628,104.2,111.1,101.0,104.0,10.488088481701514,110.6,108.6,99.4,106.8,9.87477144601878,104.2,111.1,101.0,112.1,13.219934442600874,110.6,108.6,99.4,108.22251,112.55631
2024-01-26,100,112,116.0,112.8,113.5,110.4,101.9,99.2,0,0,129.8,10.084641788382944,116.0,113.5,101.9,118.4,5.12835256198321,112.8,110.4,99.2,128.6,10.976743091139582,116.0,113.5,101.9,112.5,8.631338250815919,112.8,110.4,99.2,114.54098,114.16025
2024-01-26,83,107,115.0,117.0,110.6,109.8,99.9,102.0,0,0,120.2,22.598672527385308,115.0,110.6,99.9,119.6,16.979399282660147,117.0,109.8,102.0,117.4,16.500505042775757,115.0,110.6,99.9,123.4,13.777598565142545,117.0,109.8,102.0,114.65767,116.697334
2024-01-26,116,100,107.5,105.0,113.7,113.9,103.5,100.3,0,0,117.4,12.300406497347954,107.5,113.7,103.5,105.2,22.320394261750852,105.0,113.9,100.3,119.8,10.79917692336882,107.5,113.7,103.5,103.2,19.998888858022944,105.0,113.9,100.3,112.37629,110.844315
2024-01-27,104,118,107.2,108.3,116.1,117.1,102.1,104.8,0,0,117.6,10.039920318408905,107.2,116.1,102.1,106.2,13.553597308463894,108.3,117.1,104.8,115.8,8.978987817244183,107.2,116.1,102.1,110.7,12.719626130075106,108.3,117.1,104.8,118.95638,116.870995
2024-01-27,125,109,114.1,111.7,109.5,109.9,98.6,98.3,0,0,112.8,12.517987058628856,114.1,109.5,98.6,97.4,8.203657720797452,111.7,109.9,98.3,114.4,9.879271228182862,114.1,109.5,98.6,104.5,9.857315388414086,111.7,109.9,98.3,109.552185,107.320694
2024-01-27,111,105,115.6,113.8,110.3,110.7,99.3,100.2,0,0,120.8,7.628892449104275,115.6,110.3,99.3,113.4,17.74260409297352,113.8,110.7,100.2,120.6,13.141959941770947,115.6,110.3,99.3,118.7,14.907492523336426,113.8,110.7,100.2,115.38932,110.986015
2024-01-27,106,104,110.4,111.5,113.3,110.4,99.3,101.6,0,1,108.6,15.852444606432147,110.4,113.3,99.3,114.4,15.662056059151356,111.5,110.4,101.6,113.9,13.892044086054728,110.4,113.3,99.3,115.9,12.09637227528245,111.5,110.4,101.6,113.52885,112.32577
2024-01-27,96,115,120.2,116.1,108.9,112.8,99.6,99.4,0,1,123.0,16.385969608173927,120.2,108.9,99.6,114.8,11.966620241321257,116.1,112.8,99.4,122.1,11.808189248709274,120.2,108.9,99.6,120.5,14.331395217803673,116.1,112.8,99.4,121.05818,111.57037
2024-01-27,122,134,107.1,112.0,117.4,116.7,99.3,102.6,1,0,105.4,13.371611720357413,107.1,117.4,99.3,125.0,4.4721359549996365,112.0,116.7,102.6,104.2,13.19764288718929,107.1,117.4,99.3,120.2,11.033282980751277,112.0,116.7,102.6,112.98888,115.12758
2024-01-27,141,117,116.0,115.0,113.5,110.6,101.9,99.9,1,1,126.6,16.22652150030928,116.0,113.5,101.9,125.0,11.597413504743198,115.0,110.6,99.9,124.0,12.418624006797838,116.0,113.5,101.9,126.5,12.834415538785517,115.0,110.6,99.9,117.172455,115.006065
2024-01-27,113,112,107.5,113.1,113.7,106.6,103.5,99.3,1,0,120.4,8.561541917201582,107.5,113.7,103.5,114.2,10.917875251164942,113.1,106.6,99.3,117.9,9.409805760186764,107.5,113.7,103.5,112.3,8.76926450735753,113.1,106.6,99.3,110.32447,116.219215
2024-01-27,144,145,114.7,113.6,112.2,113.0,101.9,103.0,0,0,118.8,14.515508947329392,114.7,112.2,101.9,117.0,9.924716620639591,113.6,113.0,103.0,117.9,11.704225257952272,114.7,112.2,101.9,116.6,8.18127944354276,113.6,113.0,103.0,118.73182,118.581154
2024-01-27,115,120,115.2,113.8,113.0,112.1,102.2,101.5,1,0,116.0,9.669539802906852,115.2,113.0,102.2,121.8,18.7803088366512,113.8,112.1,101.5,117.3,11.508933728002695,115.2,113.0,102.2,119.2,15.090836071382308,113.8,112.1,101.5,117.05583,117.68588
2024-01-28,116,110,117.9,104.2,115.0,111.1,104.4,101.0,0,0,124.2,12.557866060760478,117.9,115.0,104.4,106.4,8.792041856133336,104.2,111.1,101.0,126.4,16.84702413550313,117.9,115.0,104.4,110.7,9.753062197188449,104.2,111.1,101.0,118.50331,110.82051
2024-01-28,126,125,114.0,109.8,116.1,116.1,102.8,101.7,0,0,110.4,19.047309521294572,114.0,116.1,102.8,119.4,13.57571360923617,109.8,116.1,101.7,116.9,17.83535814050283,114.0,116.1,102.8,122.0,10.603982480391082,109.8,116.1,101.7,119.16172,115.61406
2024-01-28,120,104,107.2,117.0,116.1,109.8,102.1,102.0,1,0,116.4,11.436782764396638,107.2,116.1,102.1,120.0,16.56804152578089,117.0,109.8,102.0,115.1,9.643074659510123,107.2,116.1,102.1,122.2,14.695426348206158,117.0,109.8,102.0,112.73223,124.467186
2024-01-28,113,98,110.6,114.9,108.6,111.9,99.4,100.7,0,0,104.4,9.528903399657283,110.6,108.6,99.4,128.0,3.6055512754639567,114.9,111.9,100.7,107.1,11.836384583140276,110.6,108.6,99.4,119.4,11.720826667849662,114.9,111.9,100.7,111.79623,110.2207
2024-01-28,96,104,105.0,112.4,113.9,113.9,100.3,98.4,0,0,115.6,11.928956366757335,105.0,113.9,100.3,114.8,15.15585695366646,112.4,113.9,98.4,116.8,9.600925881276932,105.0,113.9,100.3,111.4,12.491775071799909,112.4,113.9,98.4,110.850296,111.87288
2024-01-29,92,113,107.1,114.1,117.4,109.5,99.3,98.6,0,0,107.4,15.224979474534594,107.1,117.4,99.3,117.4,9.838699100999131,114.1,109.5,98.6,104.7,13.816656614391208,107.1,117.4,99.3,117.6,8.030497424748463,114.1,109.5,98.6,107.79718,116.00594
2024-01-29,118,108,112.8,116.1,110.4,112.8,99.2,99.4,0,0,117.2,10.401922899156679,112.8,110.4,99.2,115.6,11.781341180018497,116.1,112.8,99.4,120.0,12.692955176439884,112.8,110.4,99.2,120.6,14.284412639112661,116.1,112.8,99.4,116.163864,112.544655
2024-01-29,118,112,120.2,115.0,108.9,110.6,99.6,99.9,0,0,117.0,20.087309426600655,120.2,108.9,99.6,121.8,11.031772296417284,115.0,110.6,99.9,120.1,14.371654200002336,120.2,108.9,99.6,124.0,11.879019787470204,115.0,110.6,99.9,114.95345,111.76632
2024-01-29,147,114,110.4,112.0,113.3,116.7,99.3,102.6,0,0,105.0,13.322912594474214,110.4,113.3,99.3,127.8,4.91934955049959,112.0,116.7,102.6,111.6,12.988884136488036,110.4,113.3,99.3,121.7,11.84201559420253,112.0,116.7,102.6,116.13646,114.78566
2024-01-29,105,118,111.7,114.9,109.9,111.9,98.3,100.7,0,1,103.4,5.899152481501056,111.7,109.9,98.3,122.2,13.989281611290831,114.9,111.9,100.7,110.6,9.323804659758494,111.7,109.9,98.3,118.7,12.832683966254915,114.9,111.9,100.7,110.48521,109.622696
2024-01-29,135,119,111.5,113.6,110.4,113.0,101.6,103.0,0,0,114.4,14.758048651498594,111.5,110.4,101.6,120.2,15.674820573135749,113.6,113.0,103.0,117.7,12.481541927537949,111.5,110.4,101.6,118.6,12.011105971835747,113.6,113.0,103.0,118.985054,117.72556
2024-01-29,94,103,104.2,113.8,111.1,112.1,101.0,101.5,1,0,109.4,9.762171889492635,104.2,111.1,101.0,121.2,18.7803088366512,113.8,112.1,101.5,107.0,9.854496999396156,104.2,111.1,101.0,121.3,13.325414315009748,113.8,112.1,101.5,110.489006,115.67017
2024-01-29,101,107,117.0,113.1,109.8,106.6,102.0,99.3,1,0,122.6,11.588787684654514,117.0,109.8,102.0,114.0,10.954451150103319,113.1,106.6,99.3,124.1,9.290975310602414,117.0,109.8,102.0,112.5,8.733715004382631,113.1,106.6,99.3,112.73424,112.58311
2024-01-29,113,118,107.5,108.3,113.7,117.1,103.5,104.8,0,0,118.8,9.14877040918613,107.5,113.7,103.5,109.6,14.046351839534696,108.3,117.1,104.8,117.3,9.522488003551246,107.5,113.7,103.5,112.4,12.411464234506921,108.3,117.1,104.8,120.54876,117.05693
2024-01-29,131,129,115.2,110.6,113.0,108.6,102.2,99.4,0,1,113.4,7.021395872616775,115.2,113.0,102.2,100.8,4.147288270665538,110.6,108.6,99.4,117.8,11.262523893179857,115.2,113.0,102.2,111.0,13.224556283251518,110.6,108.6,99.4,115.23836,112.33518
2024-01-29,113,107,115.6,116.0,110.3,113.5,99.3,101.9,0,0,120.8,7.628892449104275,115.6,110.3,99.3,118.2,17.484278652549584,116.0,113.5,101.9,120.0,13.457752825457607,115.6,110.3,99.3,123.6,14.492910144082376,116.0,113.5,101.9,119.27781,113.44824
2024-01-29,130,104,105.0,113.8,113.9,110.7,100.3,100.2,1,0,113.8,14.359665734271127,105.0,113.9,100.3,116.0,14.47411482613015,113.8,110.7,100.2,114.4,11.520030864156027,105.0,113.9,100.3,116.3,14.996666296213906,113.8,110.7,100.2,109.39438,112.986824
2024-01-30,138,122,114.0,113.6,116.1,113.0,102.8,103.0,0,1,115.8,18.83348082538115,114.0,116.1,102.8,122.8,13.682105101189645,113.6,113.0,103.0,117.6,18.062853226073315,114.0,116.1,102.8,118.3,11.954078801814958,113.6,113.0,103.0,120.31139,120.46769
2024-01-30,129,124,120.2,117.9,108.9,115.0,99.6,104.4,1,0,115.2,19.357169214531332,120.2,108.9,99.6,113.0,8.093207028119318,117.9,115.0,104.4,119.1,14.106342151276829,120.2,108.9,99.6,115.9,8.672433978480958,117.9,115.0,104.4,127.69524,112.02881
2024-01-30,118,103,114.1,112.0,109.5,116.7,98.6,102.6,1,1,119.0,7.582875444051519,114.1,109.5,98.6,124.2,7.155417527999364,112.0,116.7,102.6,115.8,10.325803708294291,114.1,109.5,98.6,120.5,11.96522739719848,112.0,116.7,102.6,120.69104,112.20098
2024-01-30,107,118,112.4,109.8,113.9,116.1,98.4,101.7,0,0,117.8,12.437845472588899,112.4,113.9,98.4,117.8,11.945710527214368,109.8,116.1,101.7,114.4,11.86217143322045,112.4,113.9,98.4,121.3,10.089047967419207,109.8,116.1,101.7,115.7239,106.84349
2024-01-30,119,107,114.7,113.8,112.2,110.7,101.9,100.2,0,1,124.0,18.316659084014194,114.7,112.2,101.9,110.4,11.928956366757346,113.8,110.7,100.2,122.1,12.844800071970264,114.7,112.2,101.9,113.2,13.862819979274626,113.8,110.7,100.2,117.07908,113.60416
2024-01-31,110,117,107.1,112.4,117.4,113.9,99.3,98.4,0,1,106.2,16.34625339336203,107.1,117.4,99.3,111.2,15.15585695366646,112.4,113.9,98.4,102.5,13.922404006971401,107.1,117.4,99.3,110.2,12.576874722194521,112.4,113.9,98.4,112.680176,115.1016
2024-01-31,128,121,112.8,107.2,110.4,116.1,99.2,102.1,0,0,118.0,10.246950765959603,112.8,110.4,99.2,122.6,16.102794788483127,107.2,116.1,102.1,118.3,11.547486498993853,112.8,110.4,99.2,118.0,14.514360704718227,107.2,116.1,102.1,119.24023,110.12074
2024-01-31,109,125,108.3,116.1,117.1,112.8,104.8,99.4,0,0,112.6,9.396807968666755,108.3,117.1,104.8,116.6,10.597169433391146,116.1,112.8,99.4,113.4,10.221980673474691,108.3,117.1,104.8,116.3,9.922477289243513,116.1,112.8,99.4,116.663185,123.84249
2024-01-31,120,136,110.4,114.9,113.3,111.9,99.3,100.7,0,0,109.0,21.851773383412148,110.4,113.3,99.3,120.4,13.794926603646712,114.9,111.9,100.7,116.1,16.58948797013067,110.4,113.3,99.3,120.1,11.770490407983953,114.9,111.9,100.7,112.64459,113.75302
2024-01-31,115,106,111.7,113.8,109.9,112.1,98.3,101.5,0,0,104.6,5.366563145999501,111.7,109.9,98.3,123.2,15.221695043588253,113.8,112.1,101.5,110.3,9.46396675113916,111.7,109.9,98.3,120.3,14.35308716308485,113.8,112.1,101.5,111.928314,109.90143
2024-01-31,99,110,111.5,115.0,110.4,110.6,101.6,99.9,0,0,122.4,12.239281024635371,111.5,110.4,101.6,116.0,3.391164991562613,115.0,110.6,99.9,119.5,13.615758843666683,111.5,110.4,101.6,124.0,11.879019787470204,115.0,110.6,99.9,114.45263,113.48864
2024-01-31,121,87,113.1,115.2,106.6,113.0,99.3,102.2,0,0,113.0,10.606601717798181,113.1,106.6,99.3,116.0,23.706539182259373,115.2,113.0,102.2,114.2,9.162726425881992,113.1,106.6,99.3,114.9,18.81163942291522,115.2,113.0,102.2,116.40408,110.21751
2024-01-31,98,108,107.5,110.6,113.7,108.6,103.5,99.4,0,0,114.4,1.5165750888102172,107.5,113.7,103.5,107.4,12.481987021303937,110.6,108.6,99.4,115.7,8.641630504585203,107.5,113.7,103.5,111.2,13.505554412907243,110.6,108.6,99.4,111.96635,115.546814
2024-01-31,105,100,117.0,115.6,109.8,110.3,102.0,99.3,0,0,118.0,14.966629547095769,117.0,109.8,102.0,106.8,14.446452851824901,115.6,110.3,99.3,122.6,11.654279137819861,117.0,109.8,102.0,111.2,12.865112168617635,115.6,110.3,99.3,116.40909,115.285545
2024-01-31,119,116,105.0,116.0,113.9,113.5,100.3,101.9,0,0,113.0,13.000000000000012,105.0,113.9,100.3,114.6,17.586926962946116,116.0,113.5,101.9,116.0,12.525529485370456,105.0,113.9,100.3,121.3,15.173441710216368,116.0,113.5,101.9,110.546936,113.25948
2024-02-01,105,114,120.2,113.6,108.9,113.0,99.6,103.0,0,0,112.0,13.693063937629136,120.2,108.9,99.6,125.4,11.458621208504962,113.6,113.0,103.0,120.6,14.299961149908384,120.2,108.9,99.6,119.0,11.944315244779345,113.6,113.0,103.0,121.447075,112.8356
2024-02-01,109,105,114.1,117.9,109.5,115.0,98.6,104.4,0,0,120.8,5.357238094391504,114.1,109.5,98.6,116.0,8.972179222463176,117.9,115.0,104.4,114.7,9.298147963737579,114.1,109.5,98.6,118.0,7.688375063113896,117.9,115.0,104.4,121.42886,111.24221
2024-02-01,124,127,112.0,113.8,116.7,110.7,102.6,100.2,0,0,135.0,6.28490254498828,112.0,116.7,102.6,107.0,9.192388155425151,113.8,110.7,100.2,132.2,10.799176923368767,112.0,116.7,102.6,112.6,14.001587211614344,113.8,110.7,100.2,117.72182,116.62994
2024-02-01,101,108,104.2,112.8,111.1,110.4,101.0,99.2,0,1,106.0,11.811011811017726,104.2,111.1,101.0,118.2,5.403702434442494,112.8,110.4,99.2,105.1,10.386422761363729,104.2,111.1,101.0,112.7,8.590045918904439,112.8,110.4,99.2,107.516335,112.79694
2024-02-02,125,136,107.2,116.1,116.1,112.8,102.1,99.4,0,0,117.0,11.554220008291344,107.2,116.1,102.1,116.0,9.848857801796086,116.1,112.8,99.4,115.9,9.68905453477144,107.2,116.1,102.1,116.8,10.250203250017256,116.1,112.8,99.4,113.36582,120.171394
2024-02-02,102,110,108.3,111.7,117.1,109.9,104.8,98.3,0,0,111.0,9.137833441248478,108.3,117.1,104.8,97.2,7.823042886243156,111.7,109.9,98.3,114.1,9.573690801125595,108.3,117.1,104.8,103.8,9.174844836713937,111.7,109.9,98.3,114.307594,115.7167
2024-02-02,129,120,114.0,114.9,116.1,111.9,102.8,100.7,0,0,121.6,20.598543637840034,114.0,116.1,102.8,123.0,15.524174696260019,114.9,111.9,100.7,120.4,18.904438044485172,114.0,116.1,102.8,123.2,11.429007928172028,114.9,111.9,100.7,117.733826,118.89261
2024-02-02,122,133,117.9,113.8,115.0,112.1,104.4,101.5,1,0,120.8,11.861703081766965,117.9,115.0,104.4,116.0,12.349089035228436,113.8,112.1,101.5,127.0,16.295875415440513,117.9,115.0,104.4,119.2,15.039208016972763,113.8,112.1,101.5,118.845505,121.03664
2024-02-02,135,106,111.5,109.8,110.4,116.1,101.6,101.7,0,0,119.8,15.849290204927142,111.5,110.4,101.6,115.2,9.52365476064731,109.8,116.1,101.7,118.1,15.00703538714792,111.5,110.4,101.6,121.3,10.089047967419207,109.8,116.1,101.7,117.62075,112.85467
2024-02-02,101,121,104.2,114.7,111.1,112.2,101.0,101.9,1,0,102.4,9.343446901438474,104.2,111.1,101.0,123.8,15.303594349041042,114.7,112.2,101.9,105.6,10.013324456276418,104.2,111.1,101.0,119.3,11.363195951061686,114.7,112.2,101.9,109.18107,116.29319
2024-02-02,106,108,113.1,110.6,106.6,108.6,99.3,99.4,0,0,114.0,11.180339887498919,113.1,106.6,99.3,109.0,11.789826122551592,110.6,108.6,99.4,113.6,8.395766128763333,113.1,106.6,99.3,111.3,13.47466759021034,110.6,108.6,99.4,112.92003,110.37441
2024-02-02,126,106,117.0,107.1,109.8,117.4,102.0,99.3,0,0,113.6,14.892951352905175,117.0,109.8,102.0,106.4,15.241391012634013,107.1,117.4,99.3,119.7,12.101882314563953,117.0,109.8,102.0,105.8,13.138577633146587,107.1,117.4,99.3,119.53042,109.19188
2024-02-02,113,114,107.5,115.0,113.7,110.6,103.5,99.9,0,0,110.8,7.259476565152594,107.5,113.7,103.5,115.4,4.219004621945782,115.0,110.6,99.9,114.5,10.211649121360255,107.5,113.7,103.5,120.4,9.73196337390917,115.0,110.6,99.9,111.47663,118.90656
2024-02-02,120,108,115.6,105.0,110.3,113.9,99.3,100.3,0,0,119.4,8.414273587185066,115.6,110.3,99.3,109.8,16.724233913695432,105.0,113.9,100.3,118.3,13.123769783615312,115.6,110.3,99.3,104.4,19.334482724454283,105.0,113.9,100.3,119.17063,106.08041
2024-02-03,121,136,113.8,110.4,110.7,113.3,100.2,99.3,0,0,120.8,10.034938963441693,113.8,110.7,100.2,110.0,12.349089035228403,110.4,113.3,99.3,115.8,12.559193180030888,113.8,110.7,100.2,107.3,11.879487456208748,110.4,113.3,99.3,118.16881,110.91408
2024-02-03,141,134,114.0,114.7,116.1,112.2,102.8,101.9,1,1,126.2,18.726985876002598,114.0,116.1,102.8,125.2,14.481022063376637,114.7,112.2,101.9,119.2,17.800124843507277,114.0,116.1,102.8,119.9,11.268934682963229,114.7,112.2,101.9,119.488365,120.64837
2024-02-03,115,123,112.4,113.8,113.9,112.1,98.4,101.5,0,1,118.2,11.945710527214368,112.4,113.9,98.4,119.2,14.54991408909342,113.8,112.1,101.5,112.7,11.547486498993816,112.4,113.9,98.4,120.2,15.64040351852286,113.8,112.1,101.5,114.59675,112.79471
2024-02-03,105,113,114.1,113.6,109.5,113.0,98.6,103.0,0,0,120.0,6.892024376045076,114.1,109.5,98.6,123.2,12.557866060760471,113.6,113.0,103.0,114.4,9.44222196072287,114.1,109.5,98.6,119.6,11.471704319760056,113.6,113.0,103.0,117.56261,110.885124
2024-02-03,117,129,115.2,116.0,113.0,113.5,102.2,101.9,0,0,118.0,9.643650760992948,115.2,113.0,102.2,116.2,17.195929750961447,116.0,113.5,101.9,118.3,11.766713880925233,115.2,113.0,102.2,120.7,15.261061562027729,116.0,113.5,101.9,118.20179,120.236534
2024-02-03,101,117,107.5,112.8,113.7,110.4,103.5,99.2,1,0,110.6,7.162401831787973,107.5,113.7,103.5,115.6,6.693280212272584,112.8,110.4,99.2,114.0,10.143416036468622,107.5,113.7,103.5,114.1,5.933895104491514,112.8,110.4,99.2,111.20224,117.62963
2024-02-04,99,111,107.2,110.6,116.1,108.6,102.1,99.4,0,0,115.0,7.968688725254614,107.2,116.1,102.1,111.0,10.198039027185564,110.6,108.6,99.4,115.5,9.156054463213435,107.2,116.1,102.1,110.6,13.442883288607003,110.6,108.6,99.4,111.293045,114.62088
2024-02-04,112,140,108.3,114.9,117.1,111.9,104.8,100.7,0,0,106.0,2.915475947422482,108.3,117.1,104.8,120.6,14.690132742763076,114.9,111.9,100.7,113.3,10.263744172788293,108.3,117.1,104.8,122.3,11.274849099753812,114.9,111.9,100.7,114.054825,123.28338
2024-02-04,131,91,120.2,104.2,108.9,111.1,99.6,101.0,0,0,109.6,13.649175799292774,120.2,108.9,99.6,104.4,5.412947441089791,104.2,111.1,101.0,118.3,14.817782110244007,120.2,108.9,99.6,110.1,9.573690801125734,104.2,111.1,101.0,115.787834,105.88231
2024-02-04,99,115,107.1,117.9,117.4,115.0,99.3,104.4,0,0,103.4,13.483323032546526,107.1,117.4,99.3,116.0,8.972179222463176,117.9,115.0,104.4,102.8,14.061768499492992,107.1,117.4,99.3,116.2,8.456424250894177,117.9,115.0,104.4,113.033875,114.28266
2024-02-04,95,103,111.7,116.1,109.9,112.8,98.3,99.4,0,0,106.8,7.049822692805831,111.7,109.9,98.3,122.2,10.894952959971862,116.1,112.8,99.4,109.6,8.733078876700215,111.7,109.9,98.3,118.9,11.86451291316521,116.1,112.8,99.4,111.810356,109.76269
2024-02-04,111,90,113.1,111.5,106.6,110.4,99.3,101.6,0,0,113.4,11.588787684654479,113.1,106.6,99.3,112.8,16.361540269791217,111.5,110.4,101.6,112.4,8.553102101317187,113.1,106.6,99.3,114.4,12.589237025685412,111.5,110.4,101.6,114.100975,110.52573
2024-02-04,135,127,117.0,109.8,109.8,116.1,102.0,101.7,0,0,111.0,9.513148795220227,117.0,109.8,102.0,112.4,9.813256340277684,109.8,116.1,101.7,120.3,12.266032592307749,117.0,109.8,102.0,119.2,10.921945288678483,109.8,116.1,101.7,118.72137,112.84093
2024-02-04,123,108,112.0,116.0,116.7,113.5,102.6,101.9,0,1,130.8,4.7644516998286575,112.0,116.7,102.6,123.0,12.90348790056398,116.0,113.5,101.9,132.1,10.877601859887156,112.0,116.7,102.6,119.2,13.331666562486966,116.0,113.5,101.9,119.37761,121.69562
2024-02-04,112,103,115.6,105.0,110.3,113.9,99.3,100.3,0,0,117.2,5.585696017507599,115.6,110.3,99.3,112.8,14.096098751072951,105.0,113.9,100.3,118.3,13.123769783615312,115.6,110.3,99.3,105.5,19.178981550993065,105.0,113.9,100.3,121.14244,105.68919
2024-02-05,118,124,107.1,113.6,117.4,113.0,99.3,103.0,1,0,105.4,11.392980294900875,107.1,117.4,99.3,122.6,13.049904214207846,113.6,113.0,103.0,104.5,12.167808165629333,107.1,117.4,99.3,119.8,11.321562514855415,113.6,113.0,103.0,113.148994,113.85591
2024-02-05,136,110,112.8,113.8,110.4,112.1,99.2,101.5,0,0,120.2,11.12205017071943,112.8,110.4,99.2,117.0,12.42980289465602,113.8,112.1,101.5,118.7,11.832629087025083,112.8,110.4,99.2,119.4,15.225709251861543,113.8,112.1,101.5,115.03246,113.71808
2024-02-05,102,118,113.8,115.2,110.7,113.0,100.2,102.2,0,0,123.2,7.661592523751199,113.8,110.7,100.2,107.0,24.637369989509818,115.2,113.0,102.2,117.5,11.918706119187474,113.8,110.7,100.2,110.5,19.749824190497407,115.2,113.0,102.2,116.642365,113.23904
2024-02-05,144,149,114.0,116.1,116.1,112.8,102.8,99.4,0,1,135.4,7.503332592921741,114.0,116.1,102.8,117.4,13.277801022759743,116.1,112.8,99.4,119.4,18.056700818378893,114.0,116.1,102.8,116.1,11.994906326344344,116.1,112.8,99.4,117.5393,121.20228
2024-02-05,98,109,110.4,114.7,113.3,112.2,99.3,101.9,0,0,114.0,20.676073128135325,110.4,113.3,99.3,124.0,13.133925536563734,114.7,112.2,101.9,116.4,16.634635887542295,110.4,113.3,99.3,122.1,11.694728157023148,114.7,112.2,101.9,114.89729,113.21157
2024-02-05,138,100,115.0,109.8,110.6,116.1,99.9,101.7,0,1,114.4,28.24535360019413,115.0,110.6,99.9,115.2,11.819475453673913,109.8,116.1,101.7,114.4,19.788885769542468,115.0,110.6,99.9,120.3,11.116054455905822,109.8,116.1,101.7,120.02652,109.95912
2024-02-06,132,129,117.9,111.5,115.0,110.4,104.4,101.6,0,0,122.8,10.802777420645114,117.9,115.0,104.4,108.2,19.266551326067667,111.5,110.4,101.6,125.2,15.682970240217822,117.9,115.0,104.4,110.4,13.409780841692436,111.5,110.4,101.6,118.880455,118.6574
2024-02-06,107,119,110.4,115.2,113.3,113.0,99.3,102.2,1,1,113.0,21.44761058952721,110.4,113.3,99.3,112.6,22.930329260610257,115.2,113.0,102.2,113.6,17.186558054996848,110.4,113.3,99.3,111.9,19.734065301739886,115.2,113.0,102.2,116.63207,115.713524
2024-02-06,121,95,111.7,110.6,109.9,108.6,98.3,99.4,0,0,104.2,8.700574693662487,111.7,109.9,98.3,112.4,9.449867723941955,110.6,108.6,99.4,107.2,9.150591966279237,111.7,109.9,98.3,108.2,10.400854665736675,110.6,108.6,99.4,109.924286,110.28303
2024-02-06,123,113,114.1,104.2,109.5,111.1,98.6,101.0,0,0,115.8,8.526429498916853,114.1,109.5,98.6,102.0,8.154753215150077,104.2,111.1,101.0,113.3,9.86632882304487,114.1,109.5,98.6,108.7,11.274849099754094,104.2,111.1,101.0,114.130196,105.68508
2024-02-06,129,123,112.4,113.1,113.9,106.6,98.4,99.3,0,0,120.4,9.423375191511807,112.4,113.9,98.4,111.4,10.714476188783095,113.1,106.6,99.3,112.8,11.56431292093626,112.4,113.9,98.4,112.6,8.656404180335727,113.1,106.6,99.3,111.517006,112.23445
2024-02-06,124,117,112.0,117.0,116.7,109.8,102.6,102.0,0,0,129.0,5.787918451395129,112.0,116.7,102.6,117.4,18.10524785801067,117.0,109.8,102.0,132.7,10.089047967419287,112.0,116.7,102.6,118.8,14.566323413194402,117.0,109.8,102.0,118.84232,124.78037
2024-02-06,114,106,114.9,116.0,111.9,113.5,100.7,101.9,0,0,115.8,2.2803508501983987,114.9,111.9,100.7,116.4,9.343446901438519,116.0,113.5,101.9,116.9,6.723920813863969,114.9,111.9,100.7,118.1,13.795732029226338,116.0,113.5,101.9,119.61127,115.57986
2024-02-07,117,123,107.1,109.8,117.4,116.1,99.3,101.7,0,0,108.2,12.617448236469988,107.1,117.4,99.3,115.2,11.819475453673913,109.8,116.1,101.7,106.8,12.3450394896088,107.1,117.4,99.3,117.3,12.202458768625185,109.8,116.1,101.7,112.03148,110.52602
2024-02-07,104,127,113.8,114.7,110.7,112.2,100.2,101.9,0,0,121.2,11.606032913963336,113.8,110.7,100.2,122.2,14.686728703152413,114.7,112.2,101.9,115.0,12.319812408384257,113.8,110.7,100.2,121.4,12.294533563968935,114.7,112.2,101.9,115.64042,114.56879
2024-02-07,106,114,108.3,112.8,117.1,110.4,104.8,99.2,0,0,107.6,3.6469165057619604,108.3,117.1,104.8,115.8,6.723094525588625,112.8,110.4,99.2,111.9,9.243015380996312,108.3,117.1,104.8,114.5,5.986094998689078,112.8,110.4,99.2,113.23674,118.53078
2024-02-07,125,117,120.2,114.0,108.9,116.1,99.6,102.8,0,0,115.8,15.155856953666445,120.2,108.9,99.6,110.8,3.4205262752974845,114.0,116.1,102.8,119.4,15.356504231830325,120.2,108.9,99.6,116.3,8.99444272870757,114.0,116.1,102.8,125.00571,113.06338
2024-02-07,116,104,111.7,107.5,109.9,113.7,98.3,103.5,1,0,109.2,9.909591313469999,111.7,109.9,98.3,114.2,14.889593681494457,107.5,113.7,103.5,107.3,9.310090105781928,111.7,109.9,98.3,116.0,13.216151734399325,107.5,113.7,103.5,116.33958,109.37691
2024-02-07,106,117,116.1,115.0,112.8,110.6,99.4,99.9,0,0,128.8,5.263078946776324,116.1,112.8,99.4,114.6,3.9749213828703422,115.0,110.6,99.9,124.7,10.83256407525228,116.1,112.8,99.4,119.5,9.879833556852555,115.0,110.6,99.9,115.566765,113.40763
2024-02-07,120,133,113.8,107.2,112.1,116.1,101.5,102.1,0,0,123.2,15.023315213360855,113.8,112.1,101.5,124.2,15.287249589118359,107.2,116.1,102.1,120.0,15.719768163402142,113.8,112.1,101.5,120.9,11.278790321267328,107.2,116.1,102.1,118.91222,107.35234
2024-02-08,109,131,117.9,114.7,115.0,112.2,104.4,101.9,0,1,127.4,7.987490219086339,117.9,115.0,104.4,126.2,11.987493482792846,114.7,112.2,101.9,124.2,14.785879149452835,117.9,115.0,104.4,122.8,12.025897979869354,114.7,112.2,101.9,120.699036,125.4877
2024-02-08,127,111,110.6,107.5,108.6,113.7,99.4,103.5,0,1,103.6,8.2945765413311,110.6,108.6,99.4,115.2,13.736811857195965,107.5,113.7,103.5,105.4,9.082339395160787,110.6,108.6,99.4,114.6,13.7129298271538,107.5,113.7,103.5,116.47704,109.70182
2024-02-08,95,118,110.4,112.8,113.3,110.4,99.3,99.2,0,1,115.6,19.243180610283726,110.4,113.3,99.3,113.4,3.577708763999625,112.8,110.4,99.2,112.1,17.025797419732715,110.4,113.3,99.3,115.2,5.391351098441224,112.8,110.4,99.2,111.58681,110.4697
2024-02-08,108,122,114.1,115.2,109.5,113.0,98.6,102.2,0,0,116.0,8.717797887081318,114.1,109.5,98.6,114.4,23.028243528328403,115.2,113.0,102.2,114.4,10.308572484426174,114.1,109.5,98.6,114.2,19.001754304975822,115.2,113.0,102.2,117.461845,112.297066
2024-02-08,110,118,104.2,112.4,111.1,113.9,101.0,98.4,0,0,103.8,8.228000972289697,104.2,111.1,101.0,116.4,10.114346246792225,112.4,113.9,98.4,104.1,9.386160024205681,104.2,111.1,101.0,111.1,12.7231198130716,112.4,113.9,98.4,108.12761,111.92927
2024-02-08,105,129,116.0,113.1,113.5,106.6,101.9,99.3,0,0,127.8,17.195929750961398,116.0,113.5,101.9,111.2,10.425929215182691,113.1,106.6,99.3,125.3,13.515834335244373,116.0,113.5,101.9,114.3,8.882567196481014,113.1,106.6,99.3,114.55374,114.137375
2024-02-08,129,115,114.9,112.0,111.9,116.7,100.7,102.6,0,0,116.0,2.0000000000001408,114.9,111.9,100.7,119.6,11.674759098157036,112.0,116.7,102.6,116.9,6.723920813863969,114.9,111.9,100.7,117.8,12.612163441165393,112.0,116.7,102.6,121.90565,114.13303
2024-02-08,106,114,113.6,115.6,113.0,110.3,103.0,99.3,0,0,125.2,13.026895255585663,113.6,113.0,103.0,102.6,12.157302332343297,115.6,110.3,99.3,118.2,14.405245958021982,113.6,113.0,103.0,109.9,13.312066372697878,115.6,110.3,99.3,115.961266,116.83253
2024-02-08,122,128,105.0,107.2,113.9,116.1,100.3,102.1,0,1,113.6,13.240090634130883,105.0,113.9,100.3,121.2,10.00999500499373,107.2,116.1,102.1,117.0,12.301761391497102,105.0,113.9,100.3,122.8,11.583513188052258,107.2,116.1,102.1,110.57995,105.98519
2024-02-09,121,127,113.8,114.0,110.7,116.1,100.2,102.8,0,0,117.2,13.663820841916813,113.8,110.7,100.2,111.0,3.807886552932017,114.0,116.1,102.8,113.3,12.570247058475491,113.8,110.7,100.2,116.1,8.949860334105805,114.0,116.1,102.8,119.685326,112.99939
2024-02-09,133,129,120.2,108.3,108.9,117.1,99.6,104.8,0,0,121.6,10.526157893552593,120.2,108.9,99.6,115.2,8.927485648266243,108.3,117.1,104.8,119.3,15.311941599795764,120.2,108.9,99.6,113.4,12.420413304985724,108.3,117.1,104.8,130.45894,111.395515
2024-02-09,107,104,109.8,111.5,116.1,110.4,101.7,101.6,0,0,106.8,9.679876032264014,109.8,116.1,101.7,111.0,21.40093455903269,111.5,110.4,101.6,109.9,9.374314789774099,109.8,116.1,101.7,112.7,14.49942527596638,111.5,110.4,101.6,113.128586,117.884865
2024-02-09,120,84,116.0,107.1,113.5,117.4,101.9,99.3,1,0,123.0,19.912307751739853,116.0,113.5,101.9,107.8,14.70374102057027,107.1,117.4,99.3,122.6,14.675754760071856,116.0,113.5,101.9,105.2,12.959766801742727,107.1,117.4,99.3,118.01926,110.023605
2024-02-09,135,106,113.8,115.6,112.1,110.3,101.5,99.3,0,1,119.6,12.541929676090508,113.8,112.1,101.5,105.0,13.152946437965896,115.6,110.3,99.3,117.7,13.507611023254869,113.8,112.1,101.5,109.1,12.73184982632149,115.6,110.3,99.3,113.57332,114.496605
2024-02-09,139,122,113.6,115.0,113.0,110.6,103.0,99.9,1,0,124.0,14.71393896956217,113.6,113.0,103.0,114.0,3.0822070014844662,115.0,110.6,99.9,119.2,12.96833751017358,113.6,113.0,103.0,119.5,9.879833556852555,115.0,110.6,99.9,117.092674,115.6886
2024-02-10,146,111,115.2,117.0,113.0,109.8,102.2,102.0,0,0,116.4,8.82043082847997,115.2,113.0,102.2,114.0,15.63649577111189,117.0,109.8,102.0,116.1,9.255028663140783,115.2,113.0,102.2,119.0,14.522013940527891,117.0,109.8,102.0,117.23837,121.32981
2024-02-10,112,106,116.1,107.2,112.8,116.1,99.4,102.1,0,0,122.4,9.235799911215071,116.1,112.8,99.4,125.0,7.516648189186415,107.2,116.1,102.1,120.9,9.938142012804393,116.1,112.8,99.4,123.2,11.69805301938948,107.2,116.1,102.1,121.4996,107.734604
2024-02-10,123,103,110.4,107.5,113.3,113.7,99.3,103.5,0,0,113.4,21.149468078417474,110.4,113.3,99.3,117.8,10.52140675005009,107.5,113.7,103.5,109.2,17.24206741921886,110.4,113.3,99.3,112.9,12.89659731178044,107.5,113.7,103.5,117.61632,112.105125
2024-02-10,115,106,107.1,104.2,117.4,111.1,99.3,101.0,1,0,107.2,11.388590782006332,107.1,117.4,99.3,105.4,8.561541917201627,104.2,111.1,101.0,107.3,12.67587384671284,107.1,117.4,99.3,109.4,11.305849027040205,104.2,111.1,101.0,110.5642,109.009476
2024-02-10,114,108,110.6,112.4,108.6,113.9,99.4,98.4,0,0,110.6,10.526157893552625,110.6,108.6,99.4,116.8,10.134100848126586,112.4,113.9,98.4,107.7,11.324015777688327,110.6,108.6,99.4,113.2,11.839669665061358,112.4,113.9,98.4,111.994675,110.9849
2024-02-10,113,119,108.3,113.8,117.1,110.7,104.8,100.2,1,1,107.4,3.7148351242012114,108.3,117.1,104.8,113.0,10.700467279516378,113.8,110.7,100.2,112.0,9.165151389911738,108.3,117.1,104.8,114.1,14.71544917576227,113.8,110.7,100.2,114.08652,118.12799
2024-02-10,122,113,114.0,111.5,116.1,110.4,102.8,101.6,1,1,135.6,7.765307463326979,114.0,116.1,102.8,113.0,19.824227601599002,111.5,110.4,101.6,123.0,19.090428084368487,114.0,116.1,102.8,111.8,14.75578982411083,111.5,110.4,101.6,118.34363,118.14358
2024-02-10,111,125,114.1,117.9,109.5,115.0,98.6,104.4,0,0,112.6,7.5696763471101915,114.1,109.5,98.6,113.8,7.049822692805821,117.9,115.0,104.4,115.8,7.899367063252725,114.1,109.5,98.6,115.7,8.353974436691125,117.9,115.0,104.4,118.98827,111.867065
2024-02-10,95,119,109.8,112.8,116.1,110.4,101.7,99.2,1,0,109.0,7.648529270389133,109.8,116.1,101.7,113.8,4.0249223594995875,112.8,110.4,99.2,110.2,9.211104409594109,109.8,116.1,101.7,116.1,4.976611966655926,112.8,110.4,99.2,110.56486,117.79494
2024-02-10,113,112,114.7,114.9,112.2,111.9,101.9,100.7,0,0,126.8,15.546703830716003,114.7,112.2,101.9,122.4,16.697305171793435,114.9,111.9,100.7,121.8,12.882373832316542,114.7,112.2,101.9,125.2,11.764352935882036,114.9,111.9,100.7,116.6219,114.856155
2024-02-10,84,93,105.0,115.0,113.9,110.6,100.3,99.9,0,1,117.0,12.649110640673532,105.0,113.9,100.3,115.0,4.6904157598234155,115.0,110.6,99.9,117.5,12.402956636759178,105.0,113.9,100.3,118.4,8.75848794662127,115.0,110.6,99.9,108.45396,112.60882
2024-02-11,106,110,111.7,120.2,109.9,108.9,98.3,99.6,0,0,110.4,10.38267788193393,111.7,109.9,98.3,117.0,16.20185174601963,120.2,108.9,99.6,106.9,8.774331250237232,111.7,109.9,98.3,121.7,12.614365708279571,120.2,108.9,99.6,110.70812,109.7509
2024-02-11,127,113,117.0,113.8,109.8,112.1,102.0,101.5,1,0,115.6,14.415269681833916,117.0,109.8,102.0,115.0,12.629330940315057,113.8,112.1,101.5,120.9,12.87072474865173,117.0,109.8,102.0,118.1,15.43768837042069,113.8,112.1,101.5,119.382,116.80089
2024-02-12,111,102,107.1,117.9,117.4,115.0,99.3,104.4,0,0,111.8,7.791020472312955,107.1,117.4,99.3,115.8,8.700574693662478,117.9,115.0,104.4,109.0,12.427567921538207,107.1,117.4,99.3,116.0,8.65383665716478,117.9,115.0,104.4,114.91196,114.0362
2024-02-12,121,123,112.8,113.8,110.4,110.7,99.2,100.2,0,0,125.2,11.562871615649811,112.8,110.4,99.2,112.4,10.13903348450929,113.8,110.7,100.2,121.9,11.742136848878015,112.8,110.4,99.2,112.9,13.633700076566733,113.8,110.7,100.2,113.070885,111.07582
2024-02-12,126,136,114.0,112.4,116.1,113.9,102.8,98.4,0,0,134.8,9.09395403551181,114.0,116.1,102.8,115.8,10.825894882179485,112.4,113.9,98.4,125.3,17.16618122290972,114.0,116.1,102.8,114.0,11.09554465139531,112.4,113.9,98.4,116.804985,115.14833
2024-02-12,99,122,109.8,107.5,116.1,113.7,101.7,103.5,0,0,103.8,6.140032573203445,109.8,116.1,101.7,114.4,12.239281024635378,107.5,113.7,103.5,108.3,10.242070103255484,109.8,116.1,101.7,113.4,12.339638028186517,107.5,113.7,103.5,116.64607,114.119865
2024-02-12,105,103,111.5,114.1,110.4,109.5,101.6,98.6,0,0,121.4,17.111399708965934,111.5,110.4,101.6,114.4,7.893034904268519,114.1,109.5,98.6,118.9,15.73001377409861,111.5,110.4,101.6,117.5,8.086339647138974,114.1,109.5,98.6,112.66277,113.35873
2024-02-12,87,96,104.2,115.0,111.1,110.6,101.0,99.9,0,0,102.6,6.188699378706338,104.2,111.1,101.0,111.2,11.077003204838386,115.0,110.6,99.9,105.9,8.49117188614132,104.2,111.1,101.0,113.6,8.126773310757766,115.0,110.6,99.9,107.00886,112.67495
2024-02-12,112,95,116.0,115.6,113.5,110.3,101.9,99.3,0,0,118.4,16.501515081955315,116.0,113.5,101.9,103.6,12.441864811996624,115.6,110.3,99.3,122.8,14.619621518128545,116.0,113.5,101.9,109.5,12.545472844372645,115.6,110.3,99.3,115.11043,116.0317
2024-02-12,112,104,115.2,108.3,113.0,117.1,102.2,104.8,0,0,123.6,14.892951352905168,115.2,113.0,102.2,120.2,8.043631020876067,108.3,117.1,104.8,119.2,13.19764288718941,115.2,113.0,102.2,113.2,12.117938952001872,108.3,117.1,104.8,123.19256,117.58321
2024-02-12,107,129,112.0,114.7,116.7,112.2,102.6,101.9,0,0,127.4,5.856620185738545,112.0,116.7,102.6,124.4,9.889388252060941,114.7,112.2,101.9,132.4,10.319345371140903,112.0,116.7,102.6,124.1,12.151360234786868,114.7,112.2,101.9,118.614555,120.67404
2024-02-12,100,121,116.1,113.1,112.8,106.6,99.4,99.3,0,0,119.6,9.964938534682505,116.1,112.8,99.4,113.4,13.049904214207857,113.1,106.6,99.3,121.3,9.428679653058596,116.1,112.8,99.4,115.0,9.786612170602163,113.1,106.6,99.3,114.20859,112.74309
2024-02-13,110,118,110.4,120.2,113.3,108.9,99.3,99.6,0,0,108.6,12.621410380777569,110.4,113.3,99.3,118.6,14.673104647619718,120.2,108.9,99.6,108.8,16.824585185574897,110.4,113.3,99.3,120.1,13.016655996581116,120.2,108.9,99.6,111.69685,114.54392
2024-02-13,113,127,110.6,117.0,108.6,109.8,99.4,102.0,0,0,111.6,10.573551910309053,110.6,108.6,99.4,115.8,14.377065069060516,117.0,109.8,102.0,108.5,11.472188592902054,110.6,108.6,99.4,116.5,13.37701179054736,117.0,109.8,102.0,112.984375,111.3567
2024-02-13,97,123,116.0,111.7,113.5,109.9,101.9,98.3,1,0,115.6,16.071714283174604,116.0,113.5,101.9,99.8,9.679876032264032,111.7,109.9,98.3,122.7,14.69731645951413,116.0,113.5,101.9,103.3,8.615876817441857,111.7,109.9,98.3,116.16447,113.24056
2024-02-13,130,125,114.9,113.8,111.9,112.1,100.7,101.5,0,0,118.8,6.0166435825965765,114.9,111.9,100.7,117.0,10.931605554537686,113.8,112.1,101.5,116.5,5.700877125495857,114.9,111.9,100.7,120.1,12.91381688993098,113.8,112.1,101.5,117.02195,113.73854
2024-02-13,109,121,105.0,113.1,113.9,106.6,100.3,99.3,0,1,110.2,19.34424979160475,105.0,113.9,100.3,118.4,8.820430828479974,113.1,106.6,99.3,112.9,15.416081069959139,105.0,113.9,100.3,116.3,9.615381196580623,113.1,106.6,99.3,107.16674,112.11869
2024-02-13,125,111,113.6,107.2,113.0,116.1,103.0,102.1,0,0,126.4,16.226521500309307,113.6,113.0,103.0,123.4,10.64424727258811,107.2,116.1,102.1,121.8,14.140564188021363,113.6,113.0,103.0,122.3,12.70214330120894,107.2,116.1,102.1,119.81286,109.847466
2024-02-14,122,99,107.1,114.0,117.4,116.1,99.3,102.8,0,0,112.0,7.7459666924148065,107.1,117.4,99.3,114.4,7.9874902190863715,114.0,116.1,102.8,107.7,11.314199534704697,107.1,117.4,99.3,115.4,7.560129334578617,114.0,116.1,102.8,114.79316,116.22727
2024-02-14,118,100,110.6,114.1,108.6,109.5,99.4,98.6,1,0,113.2,9.90959131347001,110.6,108.6,99.4,110.8,8.228000972289754,114.1,109.5,98.6,110.6,9.935346552139597,110.6,108.6,99.4,115.7,9.153627089241255,114.1,109.5,98.6,110.10599,110.77243
2024-02-14,104,109,113.8,111.7,110.7,109.9,100.2,98.3,0,1,116.2,13.026895255585664,113.8,110.7,100.2,105.2,13.718600511714001,111.7,109.9,98.3,114.4,12.729667884294754,113.8,110.7,100.2,104.2,10.184956226382706,111.7,109.9,98.3,113.20194,110.20736
2024-02-14,136,86,120.2,110.4,108.9,113.3,99.6,99.3,1,1,124.6,11.349008767288868,120.2,108.9,99.6,117.0,15.491933384829629,110.4,113.3,99.3,119.9,15.758242992866387,120.2,108.9,99.6,110.1,14.96254583210283,110.4,113.3,99.3,118.16423,110.766945
2024-02-14,108,105,112.8,112.4,110.4,113.9,99.2,98.4,0,0,127.6,8.080841540334772,112.8,110.4,99.2,116.6,12.361229712289955,112.4,113.9,98.4,122.9,11.120051958311919,112.8,110.4,99.2,115.7,13.072872675888613,112.4,113.9,98.4,114.02284,110.57467
2024-02-14,125,127,109.8,117.9,116.1,115.0,101.7,104.4,0,0,101.6,5.272570530585561,109.8,116.1,101.7,114.2,10.568822072492278,117.9,115.0,104.4,107.8,10.591401124392261,109.8,116.1,101.7,113.6,8.896940797575024,117.9,115.0,104.4,117.405876,120.97344
2024-02-14,121,113,104.2,111.5,111.1,110.4,101.0,101.6,0,0,98.6,8.61974477580399,104.2,111.1,101.0,108.0,14.335271186831442,111.5,110.4,101.6,104.0,10.381607668264804,104.2,111.1,101.0,111.2,14.551059526142167,111.5,110.4,101.6,107.96373,114.63848
2024-02-14,133,126,115.0,108.3,110.6,117.1,99.9,104.8,0,0,123.0,27.39525506360544,115.0,110.6,99.9,115.6,9.607288899580345,108.3,117.1,104.8,117.8,20.703193527140296,115.0,110.6,99.9,111.8,12.308984974851146,108.3,117.1,104.8,125.32903,112.271416
2024-02-14,116,93,115.2,107.5,113.0,113.7,102.2,103.5,0,0,124.2,14.202112518917739,115.2,113.0,102.2,112.6,9.555103348472988,107.5,113.7,103.5,120.1,12.242457995753211,115.2,113.0,102.2,114.1,12.635487942915207,107.5,113.7,103.5,120.363205,115.243515
2024-02-14,98,102,115.6,113.8,110.3,112.1,99.3,101.5,0,1,114.6,3.781534080237841,115.6,110.3,99.3,120.8,9.33809402394296,113.8,112.1,101.5,115.3,10.209472725529663,115.6,110.3,99.3,118.4,10.627009613872252,113.8,112.1,101.5,119.07972,111.32761
2024-02-14,116,100,114.9,107.2,111.9,116.1,100.7,102.1,1,1,121.0,7.842193570679097,114.9,111.9,100.7,119.8,11.300442469213294,107.2,116.1,102.1,118.3,6.848357467305727,114.9,111.9,100.7,121.2,13.197642887189375,107.2,116.1,102.1,120.63609,107.204445
2024-02-14,122,138,112.0,113.6,116.7,113.0,102.6,103.0,0,1,121.4,8.384509526501848,112.0,116.7,102.6,118.4,4.827007354458832,113.6,113.0,103.0,127.7,10.089047967419242,112.0,116.7,102.6,119.3,10.975224624378178,113.6,113.0,103.0,123.42209,119.35477
2024-02-14,125,130,114.7,116.1,112.2,112.8,101.9,99.4,0,0,128.6,12.461942063739489,114.7,112.2,101.9,124.2,19.14941252362588,116.1,112.8,99.4,121.0,13.182479955523405,114.7,112.2,101.9,119.9,15.659218087475132,116.1,112.8,99.4,116.934235,115.1747
2024-02-15,113,110,104.2,116.0,111.1,113.5,101.0,101.9,1,0,104.0,12.569805089976542,104.2,111.1,101.0,113.2,9.679876032264106,116.0,113.5,101.9,105.0,11.547005383792376,104.2,111.1,101.0,115.7,13.581441586059771,116.0,113.5,101.9,109.144905,116.77759
2024-02-15,91,128,105.0,113.1,113.9,106.6,100.3,99.3,0,0,112.8,17.767948671695347,105.0,113.9,100.3,120.2,8.074651695274534,113.1,106.6,99.3,113.3,15.239203828721832,105.0,113.9,100.3,117.1,9.643074659510294,113.1,106.6,99.3,107.81336,112.329735
2024-02-22,109,116,112.8,110.6,110.4,108.6,99.2,99.4,0,0,122.2,10.545141061171256,112.8,110.4,99.2,110.2,12.194260945215166,110.6,108.6,99.4,119.7,10.220350070108,112.8,110.4,99.2,105.5,9.913514905308643,110.6,108.6,99.4,113.62335,111.24282
2024-02-22,129,115,117.9,107.2,115.0,116.1,104.4,102.1,0,0,122.4,10.3101891350256,117.9,115.0,104.4,115.6,14.258330898110039,107.2,116.1,102.1,120.1,12.314851016376767,117.9,115.0,104.4,119.9,14.654919538048269,107.2,116.1,102.1,121.02825,112.457504
2024-02-22,96,110,113.8,114.1,110.7,109.5,100.2,98.6,0,0,110.4,9.710818709048189,113.8,110.7,100.2,106.0,4.949747468305946,114.1,109.5,98.6,115.6,10.803291679442527,113.8,110.7,100.2,113.7,10.23121585041484,114.1,109.5,98.6,112.80674,110.52863
2024-02-22,121,93,109.8,110.4,116.1,113.3,101.7,99.3,0,0,106.6,11.52388823271032,109.8,116.1,101.7,113.8,20.27806696901849,110.4,113.3,99.3,108.4,11.432896007185184,109.8,116.1,101.7,106.9,16.43471934655407,110.4,113.3,99.3,113.09928,114.66993
2024-02-22,123,113,115.2,114.9,113.0,111.9,102.2,100.7,0,0,124.4,14.046351839534704,115.2,113.0,102.2,125.2,12.132600710482471,114.9,111.9,100.7,118.9,11.967084486670695,115.2,113.0,102.2,123.7,12.445882853377526,114.9,111.9,100.7,117.05228,116.94864
2024-02-22,112,129,112.4,120.2,113.9,108.9,98.4,99.6,0,0,121.4,10.13903348450927,112.4,113.9,98.4,121.2,12.676750372236544,120.2,108.9,99.6,116.2,10.71655002528541,112.4,113.9,98.4,118.5,12.066942906598563,120.2,108.9,99.6,112.24437,113.05842
2024-02-22,127,105,115.0,111.5,110.6,110.4,99.9,101.6,0,0,123.2,27.48090245970826,115.0,110.6,99.9,109.8,14.27235089254744,111.5,110.4,101.6,119.6,21.209012759254605,115.0,110.6,99.9,111.3,14.560601330683786,111.5,110.4,101.6,114.926765,111.804054
2024-02-22,129,107,117.0,116.1,109.8,112.8,102.0,99.4,0,0,118.8,14.90637447537127,117.0,109.8,102.0,128.6,16.890825912311087,116.1,112.8,99.4,120.7,12.745805410234226,117.0,109.8,102.0,122.6,14.721111069179118,116.1,112.8,99.4,119.565674,114.21795
2024-02-22,130,110,115.6,108.3,110.3,117.1,99.3,104.8,0,0,110.8,7.98122797569398,115.6,110.3,99.3,119.0,9.695359714832644,108.3,117.1,104.8,115.8,9.05293077160962,115.6,110.3,99.3,112.6,12.997435644515932,108.3,117.1,104.8,123.67299,111.35254
2024-02-22,107,115,112.0,107.1,116.7,117.4,102.6,99.3,0,0,120.0,7.314369419163914,112.0,116.7,102.6,107.2,15.78606980853692,107.1,117.4,99.3,127.5,10.189864245088389,112.0,116.7,102.6,101.7,13.532265967760843,107.1,117.4,99.3,117.25846,109.99476
2024-02-22,128,110,114.7,113.6,112.2,113.0,101.9,103.0,0,0,126.8,12.132600710482464,114.7,112.2,101.9,122.2,10.059821071967416,113.6,113.0,103.0,120.8,13.096225071031336,114.7,112.2,101.9,122.5,11.325978005354719,113.6,113.0,103.0,120.56061,118.58302
2024-02-22,127,122,113.8,107.5,112.1,113.7,101.5,103.5,0,0,119.6,12.541929676090508,113.8,112.1,101.5,106.6,10.737783756436878,107.5,113.7,103.5,119.3,14.583476189776508,113.8,112.1,101.5,110.4,12.877197762798513,107.5,113.7,103.5,119.26308,112.753654
2024-02-23,121,123,114.0,109.8,116.1,116.1,102.8,101.7,0,1,132.4,9.607288899580427,114.0,116.1,102.8,114.8,11.432410069622248,109.8,116.1,101.7,127.0,16.18641405623866,114.0,116.1,102.8,116.3,11.136027618101032,109.8,116.1,101.7,119.93453,116.1766
2024-02-23,104,97,113.8,112.8,110.7,110.4,100.2,99.2,1,1,105.4,9.316651759081712,113.8,110.7,100.2,115.2,4.438468204234399,112.8,110.4,99.2,114.3,12.35628495049295,113.8,110.7,100.2,116.7,4.922736366425623,112.8,110.4,99.2,112.670235,108.16299
2024-02-23,114,110,111.5,114.9,110.4,111.9,101.6,100.7,1,1,121.0,17.549928774784227,111.5,110.4,101.6,124.2,13.046072205840337,114.9,111.9,100.7,115.8,15.024424559141437,111.5,110.4,101.6,122.3,12.815355372884923,114.9,111.9,100.7,115.11689,114.665115
2024-02-23,95,101,104.2,116.1,111.1,112.8,101.0,99.4,0,1,106.4,12.99230541512938,104.2,111.1,101.0,125.0,19.557607215607938,116.1,112.8,99.4,104.4,10.875047892614703,104.2,111.1,101.0,120.5,15.349629021937574,116.1,112.8,99.4,108.698296,115.2724
2024-02-23,107,112,113.1,116.0,106.6,113.5,99.3,101.9,0,0,112.0,11.313708498984731,113.1,106.6,99.3,113.8,9.284395510748187,116.0,113.5,101.9,111.7,8.327331171776793,113.1,106.6,99.3,114.2,13.264823992633794,116.0,113.5,101.9,115.152145,111.11197
2024-02-23,147,106,117.0,108.3,109.8,117.1,102.0,104.8,1,1,124.4,11.392980294900896,117.0,109.8,102.0,117.4,10.526157893552602,108.3,117.1,104.8,121.2,12.985461956442784,117.0,109.8,102.0,113.5,12.402956636759358,108.3,117.1,104.8,127.68948,115.0821
2024-02-23,95,106,115.0,111.7,110.6,109.9,99.9,98.3,1,0,126.8,26.309694030908066,115.0,110.6,99.9,107.6,12.953763931769007,111.7,109.9,98.3,121.1,21.14211174147209,115.0,110.6,99.9,104.2,10.184956226382706,111.7,109.9,98.3,112.90441,110.97641
2024-02-23,97,84,114.7,107.1,112.2,117.4,101.9,99.3,1,1,125.8,11.691877522451199,114.7,112.2,101.9,107.8,16.068602926203663,107.1,117.4,99.3,122.3,12.961910010145475,114.7,112.2,101.9,103.9,13.74732297172383,107.1,117.4,99.3,118.4719,109.63542
2024-02-23,112,127,105.0,115.6,113.9,110.3,100.3,99.3,0,1,105.0,16.86712779343301,105.0,113.9,100.3,99.8,11.322543883774518,115.6,110.3,99.3,109.0,14.809906594348655,105.0,113.9,100.3,106.0,10.974718422103008,115.6,110.3,99.3,107.09574,110.1514
2024-02-23,123,118,113.6,107.5,113.0,113.7,103.0,103.5,1,1,129.0,14.26534261768711,113.6,113.0,103.0,110.2,12.517987058628862,107.5,113.7,103.5,123.7,13.013241119891722,113.6,113.0,103.0,112.7,12.66710525556474,107.5,113.7,103.5,123.95826,114.90716
2024-02-24,109,112,107.2,110.6,116.1,108.6,102.1,99.4,0,0,112.2,10.80277742064512,107.2,116.1,102.1,107.6,7.765307463326864,110.6,108.6,99.4,114.4,10.458383134011456,107.2,116.1,102.1,107.5,9.80079361865937,110.6,108.6,99.4,110.678734,114.48953
2024-02-24,101,86,113.1,110.4,106.6,113.3,99.3,99.3,1,0,114.0,8.544003745317491,113.1,106.6,99.3,111.8,22.027255843613354,110.4,113.3,99.3,111.6,8.382521498133343,113.1,106.6,99.3,105.8,17.008494609720373,110.4,113.3,99.3,114.89991,108.00061
2024-02-24,102,116,114.1,120.2,109.5,108.9,98.6,99.6,0,0,111.2,6.942621983083876,114.1,109.5,98.6,123.8,12.676750372236544,120.2,108.9,99.6,116.0,7.731609003162265,114.1,109.5,98.6,119.1,12.45837513928318,120.2,108.9,99.6,112.26153,110.48814
2024-02-25,98,119,113.8,116.0,110.7,113.5,100.2,101.9,0,0,105.8,9.176055797563588,113.8,110.7,100.2,113.0,9.219544457292946,116.0,113.5,101.9,113.5,12.773670837573173,113.8,110.7,100.2,114.6,13.116571367718096,116.0,113.5,101.9,115.30818,113.54736
2024-02-25,123,113,114.9,113.6,111.9,113.0,100.7,103.0,0,0,120.8,7.981227975694001,114.9,111.9,100.7,119.8,11.454256850621068,113.6,113.0,103.0,119.0,6.110100926607965,114.9,111.9,100.7,122.6,11.19722187767032,113.6,113.0,103.0,118.46727,113.57933
2024-02-25,133,111,117.9,115.2,115.0,113.0,104.4,102.2,0,0,121.6,9.396807968666806,117.9,115.0,104.4,118.8,21.649480363278904,115.2,113.0,102.2,122.9,10.545667883596208,117.9,115.0,104.4,113.6,18.608241901551775,115.2,113.0,102.2,121.374825,123.85844
2024-02-25,105,114,108.3,112.8,117.1,110.4,104.8,99.2,0,0,108.4,4.505552130427415,108.3,117.1,104.8,113.0,9.137833441248517,112.8,110.4,99.2,110.5,7.291547618075852,108.3,117.1,104.8,114.3,7.67463354173977,112.8,110.4,99.2,113.08168,116.81929
2024-02-25,109,92,114.0,110.6,116.1,108.6,102.8,99.4,0,1,130.8,10.89495295997193,114.0,116.1,102.8,108.4,8.018728078691776,110.6,108.6,99.4,128.5,14.645818515876826,114.0,116.1,102.8,108.7,9.510812560215562,110.6,108.6,99.4,115.279594,114.49227
2024-02-25,110,123,111.5,117.0,110.4,109.8,101.6,102.0,0,0,117.6,16.75708805252271,111.5,110.4,101.6,113.2,9.121403400793104,117.0,109.8,102.0,116.0,14.98147003616279,111.5,110.4,101.6,116.4,13.28491207682187,117.0,109.8,102.0,115.59339,118.305016
2024-02-25,106,114,115.0,112.4,110.6,113.9,99.9,98.4,0,0,115.2,24.600812994695918,115.0,110.6,99.9,116.8,12.11197754291181,112.4,113.9,98.4,117.7,22.425431991379824,115.0,110.6,99.9,114.0,13.266499161421446,112.4,113.9,98.4,115.68933,110.870186
2024-02-25,103,119,114.7,115.6,112.2,110.3,101.9,99.3,0,0,116.4,12.280065146406985,114.7,112.2,101.9,108.4,12.581732790041272,115.6,110.3,99.3,120.2,15.237380935639054,114.7,112.2,101.9,107.6,12.799305536716627,115.6,110.3,99.3,114.59147,115.025986
2024-02-25,128,109,112.0,107.5,116.7,113.7,102.6,103.5,0,0,116.6,8.79204185613332,112.0,116.7,102.6,111.6,13.011533345459315,107.5,113.7,103.5,123.7,10.022751895340539,112.0,116.7,102.6,114.7,11.624208455728164,107.5,113.7,103.5,121.719894,115.859474
2024-02-25,80,93,105.0,107.1,113.9,117.4,100.3,99.3,0,0,103.6,15.662056059151377,105.0,113.9,100.3,99.0,14.177446878757856,107.1,117.4,99.3,108.6,14.653023957910861,105.0,113.9,100.3,101.2,14.808406021205819,107.1,117.4,99.3,108.24839,107.628784
2024-02-25,107,123,116.1,113.8,112.8,112.1,99.4,101.5,0,0,114.0,11.768602295939832,116.1,112.8,99.4,114.6,9.502631214563637,113.8,112.1,101.5,120.0,11.39200499375675,116.1,112.8,99.4,116.9,11.836384583140239,113.8,112.1,101.5,117.28994,112.4232
2024-02-26,113,111,114.1,107.2,109.5,116.1,98.6,102.1,0,0,109.8,8.105553651663746,114.1,109.5,98.6,112.0,10.559356040971409,107.2,116.1,102.1,114.9,8.900062421753734,114.1,109.5,98.6,116.6,10.844353369380837,107.2,116.1,102.1,117.43208,109.40458
2024-02-26,122,130,117.9,109.8,115.0,116.1,104.4,101.7,1,0,125.0,9.924716620639604,117.9,115.0,104.4,115.8,11.987493482792814,109.8,116.1,101.7,122.9,10.545667883596208,117.9,115.0,104.4,115.5,10.211649121360162,109.8,116.1,101.7,121.43632,116.5913
2024-02-26,86,111,104.2,110.4,111.1,113.3,101.0,99.3,0,0,105.2,13.863621460498702,104.2,111.1,101.0,103.0,21.72556098240039,110.4,113.3,99.3,104.5,10.772908407461392,104.2,111.1,101.0,103.6,18.081297888518137,110.4,113.3,99.3,108.13001,111.179085
2024-02-26,110,121,113.8,111.7,112.1,109.9,101.5,98.3,1,0,125.0,6.204836822995409,113.8,112.1,101.5,111.4,6.655824516917472,111.7,109.9,98.3,120.0,14.787382008545904,113.8,112.1,101.5,104.4,10.200217862597002,111.7,109.9,98.3,112.51987,111.3855
2024-02-27,121,119,112.8,115.2,110.4,113.0,99.2,102.2,0,0,120.4,12.095453691366854,112.8,110.4,99.2,111.4,14.223220451079245,115.2,113.0,102.2,119.2,10.643725329455371,112.8,110.4,99.2,113.7,18.58942351625427,115.2,113.0,102.2,116.976814,113.78325
2024-02-27,108,81,110.6,110.4,108.6,113.3,99.4,99.3,0,1,117.0,5.958187643906514,110.6,108.6,99.4,102.4,21.384573879317728,110.4,113.3,99.3,110.7,10.01165986903942,110.6,108.6,99.4,106.2,16.943041836301564,110.4,113.3,99.3,113.797264,107.87166
2024-02-27,112,123,108.3,114.7,117.1,112.2,104.8,101.9,0,0,107.6,4.722287581246935,108.3,117.1,104.8,126.0,9.848857801796152,114.7,112.2,101.9,109.3,7.087547765859093,108.3,117.1,104.8,125.6,11.682845924212705,114.7,112.2,101.9,115.8129,123.47165
2024-02-27,124,97,114.0,112.0,116.1,116.7,102.8,102.6,0,0,124.4,12.660963628413137,114.0,116.1,102.8,117.8,11.519548602267385,112.0,116.7,102.6,129.9,11.396393191610153,114.0,116.1,102.8,118.8,11.858424103658317,112.0,116.7,102.6,122.911736,119.80203
2024-02-27,117,99,120.2,113.8,108.9,110.7,99.6,100.2,0,0,126.0,12.409673645990841,120.2,108.9,99.6,116.0,10.04987562112092,113.8,110.7,100.2,119.0,14.36043948569203,120.2,108.9,99.6,116.0,11.74734012447065,113.8,110.7,100.2,114.20193,111.03093
2024-02-27,92,115,114.1,115.0,109.5,110.6,98.6,99.9,1,0,111.4,7.700649323271349,114.1,109.5,98.6,108.4,13.049904214207853,115.0,110.6,99.9,113.6,8.002777295692166,114.1,109.5,98.6,111.9,9.859569519563815,115.0,110.6,99.9,112.56477,110.629654
2024-02-27,114,105,113.1,107.5,106.6,113.7,99.3,103.5,0,0,109.2,7.4966659255964805,113.1,106.6,99.3,112.8,12.275992831539112,107.5,113.7,103.5,111.1,8.887569346502449,113.1,106.6,99.3,113.6,11.587349423689044,107.5,113.7,103.5,117.983894,109.62241
2024-02-27,95,105,112.4,107.2,113.9,116.1,98.4,102.1,0,1,117.6,9.154233993076657,112.4,113.9,98.4,108.6,5.770615218501351,107.2,116.1,102.1,115.6,10.772392698209838,112.4,113.9,98.4,116.8,10.706176825656478,107.2,116.1,102.1,117.72779,109.6685
2024-02-27,123,85,116.0,107.1,113.5,117.4,101.9,99.3,0,0,115.0,16.837458240482693,116.0,113.5,101.9,96.4,13.758633653092188,107.1,117.4,99.3,120.8,16.74514855114742,116.0,113.5,101.9,101.4,14.668181739927805,107.1,117.4,99.3,119.06837,109.79108
2024-02-27,112,95,117.0,111.5,109.8,110.4,102.0,101.6,0,0,132.8,8.671793355471522,117.0,109.8,102.0,112.8,10.009995004993744,111.5,110.4,101.6,123.2,15.310127367203751,117.0,109.8,102.0,110.5,14.676133308500853,111.5,110.4,101.6,117.72089,115.168625
2024-02-27,96,106,105.0,111.7,113.9,109.9,100.3,98.3,0,1,95.2,14.549914089093459,105.0,113.9,100.3,113.8,7.661592523751162,111.7,109.9,98.3,106.1,17.239811806139606,105.0,113.9,100.3,105.5,11.394443090091402,111.7,109.9,98.3,107.40155,112.75631
2024-02-28,123,114,117.9,115.0,115.0,110.6,104.4,99.9,0,1,125.0,9.924716620639604,117.9,115.0,104.4,108.6,13.164345787011214,115.0,110.6,99.9,123.9,9.848293704438891,117.9,115.0,104.4,111.6,9.697651491183072,115.0,110.6,99.9,118.338585,121.74589
2024-02-28,125,136,109.8,115.2,116.1,113.0,101.7,102.2,0,1,109.4,13.221195104830702,109.8,116.1,101.7,117.8,4.086563348340368,115.2,113.0,102.2,108.1,11.009591777677816,109.8,116.1,101.7,112.4,17.595453958338236,115.2,113.0,102.2,116.34458,122.27909
2024-02-28,110,101,113.1,104.2,106.6,111.1,99.3,101.0,1,0,107.8,4.969909455915606,113.1,106.6,99.3,105.0,8.45576726264391,104.2,111.1,101.0,110.9,8.786985325531857,113.1,106.6,99.3,107.3,9.475699915515047,104.2,111.1,101.0,112.711525,106.66474
2024-02-28,132,123,112.4,112.8,113.9,110.4,98.4,99.2,1,1,111.6,12.36122971228996,112.4,113.9,98.4,112.4,8.905054744357258,112.8,110.4,99.2,114.7,12.138551991256808,112.4,113.9,98.4,114.1,7.651434142985331,112.8,110.4,99.2,110.88287,112.59798
2024-02-28,117,96,115.6,113.8,110.3,112.1,99.3,101.5,0,0,114.6,11.738824472663362,115.6,110.3,99.3,114.6,9.502631214563637,113.8,112.1,101.5,117.7,9.888826466719387,115.6,110.3,99.3,115.8,10.507140429250953,113.8,112.1,101.5,117.3648,110.93858
2024-02-28,112,116,116.1,113.6,112.8,113.0,99.4,103.0,0,0,110.4,10.212737145349443,116.1,112.8,99.4,119.6,11.588787684654493,113.6,113.0,103.0,119.0,12.101423240447595,116.1,112.8,99.4,121.4,11.54892972434152,113.6,113.0,103.0,117.7117,113.63172
2024-02-29,99,111,107.1,116.0,117.4,113.5,99.3,101.9,0,0,116.6,4.037325847637219,107.1,117.4,99.3,111.0,5.000000000000108,116.0,113.5,101.9,111.0,9.9888827091812,107.1,117.4,99.3,117.0,11.185307823708285,116.0,113.5,101.9,112.838,113.60813
2024-02-29,115,107,110.6,112.0,108.6,116.7,99.4,102.6,0,0,116.0,7.106335201775965,110.6,108.6,99.4,112.6,14.152738250953433,112.0,116.7,102.6,109.8,9.784341231443962,110.6,108.6,99.4,118.8,11.858424103658317,112.0,116.7,102.6,117.90741,111.22208
2024-02-29,124,97,110.4,114.0,113.3,116.1,99.3,102.8,0,0,106.6,11.058933040759392,110.4,113.3,99.3,112.4,10.526157893552636,114.0,116.1,102.8,110.3,16.111072796889292,110.4,113.3,99.3,114.0,9.177266598624172,114.0,116.1,102.8,114.77354,112.921684
2024-02-29,99,110,114.1,114.7,109.5,112.2,98.6,101.9,0,0,105.2,8.46758525200659,114.1,109.5,98.6,123.8,8.786353054595573,114.7,112.2,101.9,110.6,9.901739465591156,114.1,109.5,98.6,123.9,10.535126429658678,114.7,112.2,101.9,112.44516,111.22663
2024-02-29,132,118,107.5,117.0,113.7,109.8,103.5,102.0,0,0,107.6,7.469939758793219,107.5,113.7,103.5,116.4,9.20869154657707,117.0,109.8,102.0,114.0,10.143416036468622,107.5,113.7,103.5,118.2,12.778454088382002,117.0,109.8,102.0,114.381065,123.387436
2024-02-29,110,105,114.9,111.5,111.9,110.4,100.7,101.6,0,0,122.4,7.3006848993776305,114.9,111.9,100.7,106.0,7.483314773547862,111.5,110.4,101.6,119.1,6.172519744804564,114.9,111.9,100.7,108.5,15.342388630486717,111.5,110.4,101.6,115.664566,111.91372
2024-02-29,103,97,115.6,111.7,110.3,109.9,99.3,98.3,1,0,115.4,11.738824472663364,115.6,110.3,99.3,113.0,8.336666000266517,111.7,109.9,98.3,117.4,9.856751775080696,115.6,110.3,99.3,106.4,10.996969279457481,111.7,109.9,98.3,114.54388,108.02105
2024-02-29,134,131,113.6,108.3,113.0,117.1,103.0,104.8,1,0,126.8,14.1492049246592,113.6,113.0,103.0,115.0,11.66190378969059,108.3,117.1,104.8,122.8,12.682446311514232,113.6,113.0,103.0,115.1,9.79171985801151,108.3,117.1,104.8,125.10975,116.4875
2024-03-01,100,110,107.2,112.8,116.1,110.4,102.1,99.2,0,0,111.4,10.876580344942983,107.2,116.1,102.1,114.2,10.134100848126572,112.8,110.4,99.2,114.5,10.394977419674996,107.2,116.1,102.1,113.8,7.177124153246096,112.8,110.4,99.2,110.26215,115.80813
2024-03-01,121,114,113.8,107.1,110.7,117.4,100.2,99.3,0,1,104.6,9.838699100999092,113.8,110.7,100.2,92.2,13.29285522376592,107.1,117.4,99.3,110.9,13.042239071570505,113.8,110.7,100.2,100.0,15.563490039904856,107.1,117.4,99.3,115.986206,106.92142
2024-03-01,138,110,120.2,115.2,108.9,113.0,99.6,102.2,0,0,128.4,7.536577472566684,120.2,108.9,99.6,121.4,9.126883367283643,115.2,113.0,102.2,119.0,14.36043948569203,120.2,108.9,99.6,117.0,17.09450853994412,115.2,113.0,102.2,121.10406,112.58449
2024-03-01,105,120,109.8,114.7,116.1,112.2,101.7,101.9,0,1,113.0,14.764823060233377,109.8,116.1,101.7,124.0,8.366600265340812,114.7,112.2,101.9,111.0,11.284207253207153,109.8,116.1,101.7,123.1,11.308305698811889,114.7,112.2,101.9,113.68604,118.346504
2024-03-01,92,122,104.2,105.0,111.1,113.9,101.0,100.3,0,0,100.4,15.805062480104286,104.2,111.1,101.0,111.4,14.774978849392658,105.0,113.9,100.3,101.5,11.374923687167563,104.2,111.1,101.0,105.5,19.178981550993065,105.0,113.9,100.3,107.7253,106.92359
2024-03-01,120,124,113.1,113.8,106.6,112.1,99.3,101.5,0,0,108.6,4.92950301754643,113.1,106.6,99.3,111.8,12.716131487209433,113.8,112.1,101.5,111.0,8.768630958644,113.1,106.6,99.3,113.4,12.066482503198676,113.8,112.1,101.5,113.99412,111.42619
2024-03-01,129,102,115.0,117.9,110.6,115.0,99.9,104.4,0,0,119.8,18.458060569843177,115.0,110.6,99.9,114.8,11.322543883774529,117.9,115.0,104.4,117.1,22.673773395709887,115.0,110.6,99.9,115.4,9.651712571122049,117.9,115.0,104.4,122.124146,113.05141
2024-03-01,97,113,112.4,116.0,113.9,113.5,98.4,101.9,0,1,116.6,14.84250652686399,112.4,113.9,98.4,111.6,4.722287581247152,116.0,113.5,101.9,117.4,12.72966788429473,112.4,113.9,98.4,114.0,7.423685817106529,116.0,113.5,101.9,115.14613,111.80596
2024-03-01,140,115,116.1,108.3,112.8,117.1,99.4,104.8,0,1,107.4,4.979959839195525,116.1,112.8,99.4,115.4,12.28006514640699,108.3,117.1,104.8,118.1,12.269655432995869,116.1,112.8,99.4,117.8,10.108302418199413,108.3,117.1,104.8,123.61275,113.59876
2024-03-02,114,102,110.4,114.0,113.3,116.1,99.3,102.8,0,0,111.8,12.070625501605118,110.4,113.3,99.3,110.4,12.561846997953783,114.0,116.1,102.8,112.4,16.419500601419013,110.4,113.3,99.3,112.4,10.647900158142852,114.0,116.1,102.8,116.77002,112.626755
2024-03-02,126,120,111.7,112.0,109.9,116.7,98.3,102.6,0,0,110.6,10.261578825892244,111.7,109.9,98.3,107.2,7.563068160475641,112.0,116.7,102.6,107.6,8.34266144584573,111.7,109.9,98.3,117.5,12.411911841274,112.0,116.7,102.6,116.98456,109.96407
2024-03-02,100,107,104.2,105.0,111.1,113.9,101.0,100.3,1,1,101.4,14.876155417311297,104.2,111.1,101.0,114.0,15.378556499229711,105.0,113.9,100.3,100.0,11.556623882239672,104.2,111.1,101.0,104.3,17.49952380304482,105.0,113.9,100.3,106.35297,107.35891
2024-03-02,114,124,113.6,115.6,113.0,110.3,103.0,99.3,0,0,125.4,12.660963628413128,113.6,113.0,103.0,112.2,12.275992831539114,115.6,110.3,99.3,125.3,12.111060142604106,113.6,113.0,103.0,107.4,12.580408048496254,115.6,110.3,99.3,116.48236,116.66461
2024-03-02,109,118,114.9,111.5,111.9,110.4,100.7,101.6,0,0,121.6,8.561541917201628,114.9,111.9,100.7,106.2,7.4296702484026635,111.5,110.4,101.6,118.8,6.562519841240013,114.9,111.9,100.7,109.6,14.561745927066703,111.5,110.4,101.6,115.45486,111.91372
2024-03-03,116,120,115.2,113.8,113.0,110.7,102.2,100.2,0,0,122.8,13.553597308463903,115.2,113.0,102.2,115.0,11.661903789690626,113.8,110.7,100.2,120.4,11.374435272917152,115.2,113.0,102.2,112.7,11.382735465021781,113.8,110.7,100.2,116.49466,114.87665
2024-03-03,140,88,120.2,114.7,108.9,112.2,99.6,101.9,0,0,129.8,8.700574693662459,120.2,108.9,99.6,122.6,8.324662155307022,114.7,112.2,101.9,122.8,13.790495922111637,120.2,108.9,99.6,124.4,9.912954487269209,114.7,112.2,101.9,116.24464,113.15303
2024-03-03,88,89,113.1,116.1,106.6,112.8,99.3,99.4,0,0,110.4,7.162401831787947,113.1,106.6,99.3,118.0,20.856653614614203,116.1,112.8,99.4,111.2,8.966604708584017,113.1,106.6,99.3,120.1,15.84262885031667,116.1,112.8,99.4,114.36002,109.00472
2024-03-03,113,91,110.6,107.2,108.6,116.1,99.4,102.1,0,0,113.6,3.6469165057621282,110.6,108.6,99.4,108.4,5.899152481501,107.2,116.1,102.1,112.1,7.593125545884035,110.6,108.6,99.4,115.9,11.32793989312371,107.2,116.1,102.1,116.83671,109.60755
2024-03-03,111,106,109.8,107.1,116.1,117.4,101.7,99.3,0,0,115.0,12.165525060596412,109.8,116.1,101.7,98.2,15.287249589118407,107.1,117.4,99.3,109.4,10.834102536794523,109.8,116.1,101.7,102.7,15.398773399924378,107.1,117.4,99.3,115.235344,111.35181
2024-03-03,98,107,112.8,114.1,110.4,109.5,99.2,98.6,0,0,119.0,11.379806676741046,112.8,110.4,99.2,106.8,5.263078946776415,114.1,109.5,98.6,119.6,10.627009613872303,112.8,110.4,99.2,113.9,10.126423082433725,114.1,109.5,98.6,111.182335,109.74551
2024-03-03,117,105,107.5,117.9,113.7,115.0,103.5,104.4,0,0,111.4,13.390294993016385,107.5,113.7,103.5,114.2,12.02913130695646,117.9,115.0,104.4,115.1,11.493476410555676,107.5,113.7,103.5,115.1,10.049322807477559,117.9,115.0,104.4,116.78782,122.36461
2024-03-03,110,118,114.9,117.0,111.9,109.8,100.7,102.0,1,0,117.6,8.905054744357303,114.9,111.9,100.7,119.2,6.09918027279076,117.0,109.8,102.0,118.2,7.192588778272775,114.9,111.9,100.7,118.3,12.771931029496674,117.0,109.8,102.0,114.242134,117.27267
2024-03-04,102,106,110.4,104.2,113.3,111.1,99.3,101.0,0,0,113.2,11.777096416349822,110.4,113.3,99.3,104.2,8.64291617453279,104.2,111.1,101.0,114.4,15.093780912091624,110.4,113.3,99.3,105.3,8.30060238777899,104.2,111.1,101.0,113.37693,109.7706
2024-03-04,113,106,116.0,116.1,113.5,112.8,101.9,99.4,0,1,111.4,10.691117808723195,116.0,113.5,101.9,115.2,24.06657433038611,116.1,112.8,99.4,119.6,16.02914013081576,116.0,113.5,101.9,116.3,18.360888383251496,116.1,112.8,99.4,118.475586,115.643295
2024-03-04,119,114,113.1,105.0,106.6,113.9,99.3,100.3,1,0,106.6,12.481987021303912,113.1,106.6,99.3,108.0,8.455767262643905,105.0,113.9,100.3,110.3,10.812030336620461,113.1,106.6,99.3,106.6,15.980543725974309,105.0,113.9,100.3,113.07203,105.07112
2024-03-04,127,115,112.0,108.3,116.7,117.1,102.6,104.8,0,0,117.6,9.914635646356363,112.0,116.7,102.6,117.6,10.59716943339115,108.3,117.1,104.8,123.3,9.73025065338887,112.0,116.7,102.6,116.6,9.593979593705791,108.3,117.1,104.8,122.390816,116.76114
2024-03-04,109,113,113.8,112.4,112.1,113.9,101.5,98.4,0,0,122.8,9.203260291874818,113.8,112.1,101.5,116.2,12.17374223482656,112.4,113.9,98.4,121.2,13.20605921537535,113.8,112.1,101.5,116.3,10.551987701112964,112.4,113.9,98.4,116.96264,111.5603
2024-03-04,116,104,113.6,117.0,113.0,109.8,103.0,102.0,0,1,127.0,9.772410142846036,113.6,113.0,103.0,119.4,6.024948132556825,117.0,109.8,102.0,125.5,11.881357947080907,113.6,113.0,103.0,116.7,11.528226229563614,117.0,109.8,102.0,119.356575,120.52
2024-03-05,89,101,107.1,110.6,117.4,108.6,99.3,99.4,0,0,112.8,8.671793355471495,107.1,117.4,99.3,105.2,10.894952959971874,110.6,108.6,99.4,110.5,10.490736654570872,107.1,117.4,99.3,108.1,10.407796223131045,110.6,108.6,99.4,110.94974,113.496956
2024-03-05,105,104,112.8,120.2,110.4,108.9,99.2,99.6,0,0,111.4,9.762171889492631,112.8,110.4,99.2,123.2,13.02689525558563,120.2,108.9,99.6,118.3,12.436952109652054,112.8,110.4,99.2,118.9,12.493998559308311,120.2,108.9,99.6,113.027664,113.01917
2024-03-05,112,107,110.4,113.8,113.3,110.7,99.3,100.2,1,0,114.6,9.20869154657706,110.4,113.3,99.3,117.6,10.853570840972136,113.8,110.7,100.2,114.0,15.391195174153571,110.4,113.3,99.3,112.3,11.00555415334549,113.8,110.7,100.2,111.91202,113.89584
2024-03-05,118,110,111.7,107.2,109.9,116.1,98.3,102.1,0,0,112.8,12.397580409095962,111.7,109.9,98.3,104.4,9.423375191511767,107.2,116.1,102.1,109.8,10.019980039900318,111.7,109.9,98.3,112.1,12.731849826321419,107.2,116.1,102.1,115.65433,108.245865
2024-03-05,100,116,114.1,114.0,109.5,116.1,98.6,102.8,0,0,103.4,8.677557259966626,114.1,109.5,98.6,108.4,13.030732903409557,114.0,116.1,102.8,108.0,9.079892314584184,114.1,109.5,98.6,109.6,9.070097390142383,114.0,116.1,102.8,116.90672,110.70652
2024-03-05,98,139,109.8,115.0,116.1,110.6,101.7,99.9,0,0,117.4,8.988882021697655,109.8,116.1,101.7,108.0,12.747548783981959,115.0,110.6,99.9,109.5,10.844865656664949,109.8,116.1,101.7,111.0,9.297550453987622,115.0,110.6,99.9,113.266556,118.162506
2024-03-05,114,101,111.5,107.5,110.4,113.7,101.6,103.5,0,0,112.6,13.72224471433152,111.5,110.4,101.6,109.4,11.4149025401008,107.5,113.7,103.5,117.5,13.302046626156567,111.5,110.4,101.6,111.0,10.066445913694368,107.5,113.7,103.5,119.09702,112.19992
2024-03-05,120,137,115.2,117.9,113.0,115.0,102.2,104.4,0,0,122.6,13.667479650615908,115.2,113.0,102.2,112.2,12.67675037223657,117.9,115.0,104.4,119.5,11.325978005354832,115.2,113.0,102.2,113.0,9.706813185707317,117.9,115.0,104.4,122.040504,121.66138
2024-03-05,107,117,115.6,114.9,110.3,111.9,99.3,100.7,0,0,112.0,12.509996003196816,115.6,110.3,99.3,119.0,12.328828005937943,114.9,111.9,100.7,114.6,9.535897091167357,115.6,110.3,99.3,121.0,13.383239933256394,114.9,111.9,100.7,117.37533,112.38373
2024-03-06,109,119,108.3,110.6,117.1,108.6,104.8,99.4,0,1,109.6,3.7815340802376802,108.3,117.1,104.8,103.2,10.473776778220925,110.6,108.6,99.4,107.8,3.7058512292500523,108.3,117.1,104.8,107.8,10.580905233275375,110.6,108.6,99.4,111.64218,115.64841
2024-03-06,112,101,114.0,112.8,116.1,110.4,102.8,99.2,1,1,120.4,6.655824516917485,114.0,116.1,102.8,112.6,10.01498876684341,112.8,110.4,99.2,128.0,10.519822558706357,114.0,116.1,102.8,113.2,7.2234187043099904,112.8,110.4,99.2,117.01705,115.890045
2024-03-06,109,115,113.8,104.2,110.7,111.1,100.2,101.0,1,0,104.6,9.838699100999092,113.8,110.7,100.2,103.4,8.142481194328944,104.2,111.1,101.0,110.4,12.482877161224588,113.8,110.7,100.2,103.9,6.539622822966815,104.2,111.1,101.0,112.45722,107.65875
2024-03-06,116,122,111.5,116.1,110.4,112.8,101.6,99.4,1,0,115.6,11.458621208504947,111.5,110.4,101.6,106.6,14.909728367747004,116.1,112.8,99.4,117.7,13.224976370489243,111.5,110.4,101.6,115.4,18.64999255287304,116.1,112.8,99.4,115.54542,111.74062
2024-03-06,117,119,112.0,112.4,116.7,113.9,102.6,98.4,0,0,118.2,10.47377677822094,112.0,116.7,102.6,115.2,12.19426094521517,112.4,113.9,98.4,122.8,9.354737361952381,112.0,116.7,102.6,116.0,10.603982480391005,112.4,113.9,98.4,113.72729,115.22845
2024-03-06,125,90,114.7,116.0,112.2,113.5,101.9,101.9,0,0,113.2,13.461054936371058,114.7,112.2,101.9,113.0,3.5355339059328914,116.0,113.5,101.9,120.0,15.470401847829685,114.7,112.2,101.9,113.1,6.871034209717507,116.0,113.5,101.9,118.18347,118.58974
2024-03-06,120,128,105.0,117.0,113.9,109.8,100.3,102.0,0,0,97.6,13.164345787011229,105.0,113.9,100.3,118.0,8.689073598491381,117.0,109.8,102.0,103.9,16.953858951086435,105.0,113.9,100.3,116.9,11.259070417519606,117.0,109.8,102.0,107.82969,114.717285
2024-03-06,120,130,113.6,113.8,113.0,112.1,103.0,101.5,0,0,122.4,7.95612971236644,113.6,113.0,103.0,114.0,13.874436925511578,113.8,112.1,101.5,124.4,12.231107881136369,113.6,113.0,103.0,115.5,11.881357947081073,113.8,112.1,101.5,118.450294,117.61311
2024-03-07,118,112,107.2,110.4,116.1,113.3,102.1,99.3,0,0,110.6,11.674759098157015,107.2,116.1,102.1,91.4,11.76010204037352,110.4,113.3,99.3,113.5,11.316163464511868,107.2,116.1,102.1,104.2,18.713037641649077,110.4,113.3,99.3,112.20933,113.17796
2024-03-07,111,113,117.9,113.1,115.0,106.6,104.4,99.3,0,0,123.2,9.121403400793104,117.9,115.0,104.4,124.4,3.8470768123342562,113.1,106.6,99.3,125.3,8.380532998165194,117.9,115.0,104.4,117.9,10.224697767877794,113.1,106.6,99.3,115.44554,117.89862
2024-03-07,114,108,115.2,111.7,113.0,109.9,102.2,98.3,0,0,117.4,4.219004621945787,115.2,113.0,102.2,107.8,8.642916174532743,111.7,109.9,98.3,120.5,10.824355254086537,115.2,113.0,102.2,106.5,10.895972752454021,111.7,109.9,98.3,115.41358,112.30917
2024-03-07,120,113,114.9,109.8,111.9,116.1,100.7,101.7,0,0,113.6,5.9413803110052195,114.9,111.9,100.7,120.6,11.886967653695379,109.8,116.1,101.7,117.3,7.631076813486769,114.9,111.9,100.7,116.5,11.147994338793662,109.8,116.1,101.7,118.78857,110.46609
2024-03-07,115,109,115.6,120.2,110.3,108.9,99.3,99.6,0,0,111.0,12.708265027138847,115.6,110.3,99.3,115.4,9.370165420097951,120.2,108.9,99.6,112.8,9.04064894425914,115.6,110.3,99.3,116.2,12.505998560690744,120.2,108.9,99.6,114.302246,112.16464
2024-03-07,122,125,114.7,112.4,112.2,113.9,101.9,98.4,1,1,115.6,14.449913494550742,114.7,112.2,101.9,117.4,11.545561917897281,112.4,113.9,98.4,122.1,14.44876003907135,114.7,112.2,101.9,116.6,10.585104838613507,112.4,113.9,98.4,121.53051,111.87021
2024-03-07,131,129,113.8,107.5,112.1,113.7,101.5,103.5,1,0,120.2,11.122050170719415,113.8,112.1,101.5,111.0,8.803408430829485,107.5,113.7,103.5,121.7,12.561404733901735,113.8,112.1,101.5,108.8,9.542885657214375,107.5,113.7,103.5,121.45888,112.41512
2024-03-08,95,103,113.8,115.0,110.7,110.6,100.2,99.9,0,0,105.6,10.014988766843443,113.8,110.7,100.2,111.4,18.420097719610496,115.0,110.6,99.9,108.0,9.637888196533966,113.8,110.7,100.2,113.2,12.813187650923489,115.0,110.6,99.9,113.15317,110.88043
2024-03-08,112,100,108.3,107.1,117.1,117.4,104.8,99.3,0,0,109.0,3.535533905932601,108.3,117.1,104.8,96.4,13.202272531651545,107.1,117.4,99.3,108.3,3.465704994818794,108.3,117.1,104.8,102.1,15.110334947386786,107.1,117.4,99.3,115.87823,109.763016
2024-03-08,113,104,112.8,113.1,110.4,106.6,99.2,99.3,0,1,108.2,8.348652585896728,112.8,110.4,99.2,122.4,6.465291950097839,113.1,106.6,99.3,117.9,12.827487846201427,112.8,110.4,99.2,116.8,10.086294331087805,113.1,106.6,99.3,113.75457,110.25657
2024-03-08,98,74,114.1,110.6,109.5,108.6,98.6,99.4,0,0,101.2,7.596051605933146,114.1,109.5,98.6,108.0,11.24722187920199,110.6,108.6,99.4,106.2,8.651268372004454,114.1,109.5,98.6,109.1,11.120051958311798,110.6,108.6,99.4,109.70668,110.59505
2024-03-08,92,99,104.2,114.0,111.1,116.1,101.0,102.8,0,0,97.2,10.183319694480787,104.2,111.1,101.0,108.2,12.872451204024836,114.0,116.1,102.8,100.6,11.364662579925213,104.2,111.1,101.0,109.6,9.070097390142383,114.0,116.1,102.8,111.792564,118.03305
2024-03-08,107,100,117.0,111.7,109.8,109.9,102.0,98.3,0,1,130.0,12.727922061357855,117.0,109.8,102.0,107.6,8.619744775803962,111.7,109.9,98.3,120.5,14.577379737113265,117.0,109.8,102.0,107.6,10.373041983911857,111.7,109.9,98.3,117.15287,112.062004
2024-03-08,123,122,113.6,116.0,113.0,113.5,103.0,101.9,0,0,121.4,7.861297602813425,113.6,113.0,103.0,109.0,11.067971810589377,116.0,113.5,101.9,125.2,11.573917035971512,113.6,113.0,103.0,111.4,9.957688263625855,116.0,113.5,101.9,118.65552,119.61319
2024-03-08,107,123,105.0,111.5,113.9,110.4,100.3,101.6,0,0,99.8,16.130716041143376,105.0,113.9,100.3,107.2,8.7863530545955,111.5,110.4,101.6,106.3,17.40402252354321,105.0,113.9,100.3,107.6,11.217050513491566,111.5,110.4,101.6,107.81901,111.72305
2024-03-09,112,102,116.1,112.4,112.8,113.9,99.4,98.4,0,0,114.2,15.238110119040362,116.1,112.8,99.4,115.2,7.429670248402682,112.4,113.9,98.4,118.3,12.64076298681727,116.1,112.8,99.4,115.9,9.643074659509999,112.4,113.9,98.4,119.517784,110.484604
2024-03-09,110,99,107.1,110.4,117.4,113.3,99.3,99.3,1,0,107.2,13.160547101089666,107.1,117.4,99.3,96.6,14.258330898109978,110.4,113.3,99.3,107.2,11.602681682362185,107.1,117.4,99.3,105.2,18.849108437506715,110.4,113.3,99.3,110.78165,113.49116
2024-03-09,124,142,107.2,115.2,116.1,113.0,102.1,102.2,0,0,110.2,11.300442469213317,107.2,116.1,102.1,119.6,10.502380682492841,115.2,113.0,102.2,113.6,11.354881475970192,107.2,116.1,102.1,117.0,17.09450853994412,115.2,113.0,102.2,115.95301,122.53725
2024-03-09,107,117,114.9,120.2,111.9,108.9,100.7,99.6,0,0,114.4,6.5802735505448755,114.9,111.9,100.7,115.2,9.52365476064727,120.2,108.9,99.6,117.6,7.676804890925352,114.9,111.9,100.7,116.9,11.798775831038991,120.2,108.9,99.6,114.72903,114.27159
2024-03-09,113,126,114.7,107.5,112.2,113.7,101.9,103.5,0,0,115.0,14.017845768876173,114.7,112.2,101.9,112.4,11.216059914247944,107.5,113.7,103.5,120.9,13.83594352884298,114.7,112.2,101.9,111.3,11.26499001331118,107.5,113.7,103.5,121.963135,114.06846
2024-03-09,142,121,115.6,112.0,110.3,116.7,99.3,102.6,0,0,114.4,10.430723848324252,115.6,110.3,99.3,108.4,9.208691546577091,112.0,116.7,102.6,112.6,8.959166627910612,115.6,110.3,99.3,116.3,11.392492654765723,112.0,116.7,102.6,121.17215,110.827995
2024-03-09,128,118,105.0,109.8,113.9,116.1,100.3,101.7,1,0,103.0,15.524174696260033,105.0,113.9,100.3,117.8,11.649034294738778,109.8,116.1,101.7,104.0,15.318833724101419,105.0,113.9,100.3,116.5,11.147994338793662,109.8,116.1,101.7,109.07714,110.689735
2024-03-10,117,124,116.1,116.0,112.8,113.5,99.4,101.9,1,0,114.2,15.238110119040362,116.1,112.8,99.4,111.0,12.549900398011177,116.0,113.5,101.9,116.9,12.467290536974492,116.1,112.8,99.4,112.0,10.434983894998865,116.0,113.5,101.9,117.536194,112.16512
2024-03-10,103,116,114.0,115.0,116.1,110.6,102.8,99.9,0,0,118.4,7.503332592921603,114.0,116.1,102.8,113.4,16.34931191212645,115.0,110.6,99.9,126.6,11.682845924212533,114.0,116.1,102.8,112.3,13.216572088774699,115.0,110.6,99.9,117.558586,118.55602
2024-03-10,108,110,111.7,108.3,109.9,117.1,98.3,104.8,0,0,117.4,7.402702209328701,111.7,109.9,98.3,115.4,9.502631214563664,108.3,117.1,104.8,110.8,10.31503756658214,111.7,109.9,98.3,117.2,9.247221805013094,108.3,117.1,104.8,122.35583,109.89488
2024-03-10,73,79,114.1,113.8,109.5,110.7,98.6,100.2,0,0,100.4,7.700649323271352,114.1,109.5,98.6,113.6,10.188228501560053,113.8,110.7,100.2,105.1,8.949860334105777,114.1,109.5,98.6,113.3,9.855060741680907,113.8,110.7,100.2,110.997375,110.99872
2024-03-10,97,111,110.6,117.9,108.6,115.0,99.4,104.4,0,0,113.4,3.6469165057621282,110.6,108.6,99.4,114.6,16.318700928689147,117.9,115.0,104.4,112.5,7.516648189186535,110.6,108.6,99.4,115.2,12.345039489608762,117.9,115.0,104.4,117.38547,111.14175
2024-03-10,104,112,113.8,111.5,112.1,110.4,101.5,101.6,0,0,122.4,12.116104984688755,113.8,112.1,101.5,109.2,11.23387733598688,111.5,110.4,101.6,121.0,11.718930554164638,113.8,112.1,101.5,109.5,12.11289487373772,111.5,110.4,101.6,114.73665,114.563934
2024-03-10,101,120,112.8,110.4,110.4,113.3,99.2,99.3,0,1,109.2,8.61394218694322,112.8,110.4,99.2,97.8,14.131525041551521,110.4,113.3,99.3,115.7,11.37296990431458,112.8,110.4,99.2,104.8,18.943189922619744,110.4,113.3,99.3,115.320076,107.59191
2024-03-10,124,93,117.0,104.2,109.8,111.1,102.0,101.0,0,0,124.4,15.773395322504284,117.0,109.8,102.0,108.2,5.7183913821983605,104.2,111.1,101.0,120.0,14.981470036162829,117.0,109.8,102.0,105.1,7.400450436741597,104.2,111.1,101.0,117.95766,109.18755
2024-03-10,120,109,113.6,113.1,113.0,106.6,103.0,99.3,0,0,121.4,7.861297602813425,113.6,113.0,103.0,117.4,9.18150314491042,113.1,106.6,99.3,124.1,11.159948227677436,113.6,113.0,103.0,115.4,10.844353369380794,113.1,106.6,99.3,115.2812,114.1162
2024-03-11,114,97,107.2,107.1,116.1,117.4,102.1,99.3,0,0,110.0,10.977249200050073,107.2,116.1,102.1,99.6,11.238327277669077,107.1,117.4,99.3,112.5,9.419247433963081,107.2,116.1,102.1,99.3,12.065101187584874,107.1,117.4,99.3,112.543335,110.54198
2024-03-11,111,117,112.8,114.9,110.4,111.9,99.2,100.7,1,0,107.6,9.370165420097988,112.8,110.4,99.2,118.4,12.340988615179896,114.9,111.9,100.7,114.0,12.229290885229453,112.8,110.4,99.2,119.5,12.843069899538909,114.9,111.9,100.7,112.72829,112.27356
2024-03-11,92,127,112.4,115.2,113.9,113.0,98.4,102.2,0,0,113.0,17.306068299876785,112.4,113.9,98.4,123.6,14.638989036132202,115.2,113.0,102.2,116.7,13.703608608278664,112.4,113.9,98.4,121.2,17.605554679008417,115.2,113.0,102.2,116.811714,112.48847
2024-03-11,102,112,107.5,114.7,113.7,112.2,103.5,101.9,0,0,112.2,13.627178724886514,107.5,113.7,103.5,114.0,16.077935190813555,114.7,112.2,101.9,113.3,9.214119599831555,107.5,113.7,103.5,119.2,13.725887949418881,114.7,112.2,101.9,113.69692,122.94372
2024-03-11,125,119,115.6,109.8,110.3,116.1,99.3,101.7,0,0,116.8,15.205262246998581,115.6,110.3,99.3,121.4,6.348228099241568,109.8,116.1,101.7,115.7,12.858633070604562,115.6,110.3,99.3,118.3,9.522488003551128,109.8,116.1,101.7,119.68341,108.848335
2024-03-11,99,121,105.0,120.2,113.9,108.9,100.3,99.6,0,0,106.2,19.084024732744407,105.0,113.9,100.3,115.0,9.46044396421222,120.2,108.9,99.6,104.9,16.51564914457396,105.0,113.9,100.3,118.1,11.039826890752234,120.2,108.9,99.6,107.955734,114.47661
2024-03-12,106,79,114.1,113.8,109.5,110.7,98.6,100.2,0,0,92.4,11.28273016605465,114.1,109.5,98.6,105.6,17.770762504743587,113.8,110.7,100.2,101.9,13.535549900580714,114.1,109.5,98.6,109.0,14.102797200870706,113.8,110.7,100.2,112.1904,109.654236
2024-03-12,109,97,104.2,108.3,111.1,117.1,101.0,104.8,0,0,93.0,5.099019513592813,104.2,111.1,101.0,115.4,9.502631214563664,108.3,117.1,104.8,99.7,11.681419244062445,104.2,111.1,101.0,116.4,9.51256479025965,108.3,117.1,104.8,112.34781,114.07249
2024-03-12,111,121,117.0,117.9,109.8,115.0,102.0,104.4,0,0,123.8,15.706686474237653,117.0,109.8,102.0,116.4,15.026643005009472,117.9,115.0,104.4,121.3,14.674619056195125,117.0,109.8,102.0,115.3,12.302212989720354,117.9,115.0,104.4,126.72259,119.03277
2024-03-12,101,103,107.5,111.5,113.7,110.4,103.5,101.6,1,0,113.0,12.668859459319913,107.5,113.7,103.5,110.6,11.013627921806677,111.5,110.4,101.6,111.9,9.803060746521984,107.5,113.7,103.5,111.7,9.989438867568506,111.5,110.4,101.6,113.876045,117.41649
2024-03-12,107,123,112.0,120.2,116.7,108.9,102.6,99.6,0,1,120.2,8.584870412533913,112.0,116.7,102.6,113.4,6.804410334481555,120.2,108.9,99.6,120.8,8.024961059095325,112.0,116.7,102.6,118.6,11.047372739454511,120.2,108.9,99.6,115.47497,123.25291
2024-03-12,100,118,116.1,113.1,112.8,106.6,99.4,99.3,0,0,117.6,13.01153334545934,116.1,112.8,99.4,115.0,9.565563234854494,113.1,106.6,99.3,115.8,11.849050594878907,116.1,112.8,99.4,116.7,8.85751407312211,113.1,106.6,99.3,114.60982,112.99656
2024-03-12,129,94,113.8,116.0,112.1,113.5,101.5,101.9,0,0,116.2,11.987493482792797,113.8,112.1,101.5,112.0,13.509256086106337,116.0,113.5,101.9,117.9,11.70422525795235,113.8,112.1,101.5,111.5,9.617692030835496,116.0,113.5,101.9,116.98552,117.117485
2024-03-13,113,104,107.2,109.8,116.1,116.1,102.1,101.7,0,0,113.0,9.110433579144297,107.2,116.1,102.1,120.6,6.348228099241568,109.8,116.1,101.7,112.6,9.430447143870282,107.2,116.1,102.1,117.7,9.238205693988522,109.8,116.1,101.7,113.4919,114.227394
2024-03-13,114,106,110.6,110.4,108.6,113.3,99.4,99.3,0,0,110.2,8.228000972289701,110.6,108.6,99.4,104.6,15.175638372075097,110.4,113.3,99.3,111.7,8.731170215574455,110.6,108.6,99.4,103.8,17.687409206676985,110.4,113.3,99.3,114.42899,109.13807
2024-03-13,129,132,117.9,112.4,115.0,113.9,104.4,98.4,1,0,123.6,8.354639429682168,117.9,115.0,104.4,114.6,8.502940667792522,112.4,113.9,98.4,123.0,8.869423130433464,117.9,115.0,104.4,115.7,9.933668898134911,112.4,113.9,98.4,117.072464,116.37367
2024-03-13,88,100,111.7,115.6,109.9,110.3,98.3,99.3,0,0,114.8,8.074651695274541,111.7,109.9,98.3,114.2,13.405222862750165,115.6,110.3,99.3,112.0,9.018499505645831,111.7,109.9,98.3,109.6,13.426342266852478,115.6,110.3,99.3,111.098694,110.55454
2024-03-13,98,110,104.2,107.1,111.1,117.4,101.0,99.3,1,0,95.8,8.899438184514812,104.2,111.1,101.0,100.4,10.784247771634371,107.1,117.4,99.3,100.5,12.048513047951747,104.2,111.1,101.0,98.4,11.843422928641099,107.1,117.4,99.3,107.98909,107.725266
2024-03-13,95,116,115.0,112.8,110.6,110.4,99.9,99.2,0,0,118.0,16.583123951776983,115.0,110.6,99.9,109.0,10.368220676663846,112.8,110.4,99.2,120.5,21.510979108869616,115.0,110.6,99.9,112.1,8.198238293140133,112.8,110.4,99.2,114.11145,111.1849
2024-03-13,109,99,115.2,114.7,113.0,112.2,102.2,101.9,0,0,117.8,3.633180424916976,115.2,113.0,102.2,110.6,13.740451229854168,114.7,112.2,101.9,121.0,10.338708279514094,115.2,113.0,102.2,118.3,13.888844444373413,114.7,112.2,101.9,117.67875,119.29467
2024-03-13,106,102,105.0,114.0,113.9,116.1,100.3,102.8,0,0,110.0,13.693063937629162,105.0,113.9,100.3,102.6,7.7006493232714135,114.0,116.1,102.8,102.6,15.435888917281941,105.0,113.9,100.3,108.5,9.663792676216207,114.0,116.1,102.8,110.86865,112.90685
2024-03-13,120,107,113.8,113.6,112.1,113.0,101.5,103.0,1,0,116.6,12.461942063739494,113.8,112.1,101.5,120.2,11.233877335986879,113.6,113.0,103.0,120.8,10.282671507606063,113.8,112.1,101.5,121.4,11.54892972434152,113.6,113.0,103.0,118.89771,118.601074
2024-03-14,127,112,120.2,114.9,108.9,111.9,99.6,100.7,0,0,132.8,9.203260291874807,120.2,108.9,99.6,113.8,3.1144823004794606,114.9,111.9,100.7,127.2,11.033282980751125,120.2,108.9,99.6,118.1,12.196994165230423,114.9,111.9,100.7,115.48294,111.96044
2024-03-14,111,126,112.4,116.1,113.9,112.8,98.4,99.4,1,0,105.6,16.652327164693833,112.4,113.9,98.4,105.0,11.895377253370306,116.1,112.8,99.4,113.5,15.43624882469112,112.4,113.9,98.4,116.8,18.55801713545921,116.1,112.8,99.4,111.75246,113.20385
2024-03-14,135,119,111.5,108.3,110.4,117.1,101.6,104.8,0,0,111.8,4.381780460041255,111.5,110.4,101.6,113.6,12.19836054558151,108.3,117.1,104.8,116.6,12.816655830077737,111.5,110.4,101.6,114.3,11.274849099753915,108.3,117.1,104.8,123.716866,113.44883
2024-03-14,114,105,116.0,113.8,113.5,110.7,101.9,100.2,0,0,113.0,10.07472083980486,116.0,113.5,101.9,96.8,17.89413311675088,113.8,110.7,100.2,118.0,15.783254135668814,116.0,113.5,101.9,106.4,17.017637908946046,113.8,110.7,100.2,117.000084,111.459526
2024-03-14,126,119,117.0,115.2,109.8,113.0,102.0,102.2,0,1,120.2,16.26960356001338,117.0,109.8,102.0,126.8,12.833549781724416,115.2,113.0,102.2,122.3,13.425100868646547,117.0,109.8,102.0,119.1,15.13237882452355,115.2,113.0,102.2,123.56811,118.43772
2024-03-14,93,105,105.0,114.1,113.9,109.5,100.3,98.6,1,0,112.0,11.726039399558585,105.0,113.9,100.3,106.6,5.224940191045361,114.1,109.5,98.6,104.8,13.99047294887965,105.0,113.9,100.3,112.0,9.357112565078895,114.1,109.5,98.6,108.41681,112.121124
2024-03-15,96,107,107.1,114.9,117.4,111.9,99.3,100.7,0,1,106.2,12.597618822618804,107.1,117.4,99.3,113.8,3.1144823004794606,114.9,111.9,100.7,109.0,10.306416555826921,107.1,117.4,99.3,119.5,10.287532908007208,114.9,111.9,100.7,109.19919,114.88236
2024-03-15,95,108,107.2,111.7,116.1,109.9,102.1,98.3,0,0,113.8,8.843076387773657,107.2,116.1,102.1,106.4,9.289779329994857,111.7,109.9,98.3,112.6,9.430447143870282,107.2,116.1,102.1,108.9,8.06156863698913,111.7,109.9,98.3,110.85798,114.19394
2024-03-15,103,113,109.8,110.6,116.1,108.6,101.7,99.4,0,0,112.0,11.135528725660015,109.8,116.1,101.7,99.6,17.64369575797542,110.6,108.6,99.4,109.3,11.055918475338586,109.8,116.1,101.7,103.6,13.52528496311011,110.6,108.6,99.4,111.809,115.75186
2024-03-15,112,104,115.0,116.1,110.6,112.8,99.9,99.4,0,1,110.4,16.697305171793424,115.0,110.6,99.9,108.8,15.254507530562883,116.1,112.8,99.4,116.8,22.47368831915821,115.0,110.6,99.9,116.9,18.609734609129163,116.1,112.8,99.4,118.010185,111.50537
2024-03-15,106,117,107.5,115.6,113.7,110.3,103.5,99.3,0,0,110.6,13.758633653092142,107.5,113.7,103.5,113.0,14.543039572248976,115.6,110.3,99.3,110.6,10.340857475728674,107.5,113.7,103.5,108.3,13.687382673266905,115.6,110.3,99.3,109.93502,120.94782
2024-03-15,124,122,112.0,114.0,116.7,116.1,102.6,102.8,0,0,117.2,10.256705123966478,112.0,116.7,102.6,103.2,7.463243262818149,114.0,116.1,102.8,118.6,8.52708104283682,112.0,116.7,102.6,107.8,9.874771446019006,114.0,116.1,102.8,119.49338,120.8449
2024-03-16,117,103,111.5,112.8,110.4,110.4,101.6,99.2,0,0,117.8,9.859006035092959,111.5,110.4,101.6,112.8,8.105553651663758,112.8,110.4,99.2,119.4,13.52528496311009,111.5,110.4,101.6,112.9,8.143845665422448,112.8,110.4,99.2,112.54077,112.885185
2024-03-16,121,100,117.9,110.4,115.0,113.3,104.4,99.3,0,0,123.6,8.354639429682168,117.9,115.0,104.4,103.6,14.80878117874655,110.4,113.3,99.3,122.6,8.448537019968553,117.9,115.0,104.4,103.0,17.352553446427073,110.4,113.3,99.3,118.98015,113.507065
2024-03-16,109,98,113.8,107.1,110.7,117.4,100.2,99.3,0,1,105.4,10.26157882589226,113.8,110.7,100.2,105.4,6.985699678629254,107.1,117.4,99.3,105.4,9.240009620004582,113.8,110.7,100.2,98.8,12.19107141403976,107.1,117.4,99.3,116.10264,107.261505
2024-03-16,126,107,115.0,105.0,110.6,113.9,99.9,100.3,1,0,107.4,14.117365193264623,115.0,110.6,99.9,110.8,7.395944834840265,105.0,113.9,100.3,117.1,22.377816396303466,115.0,110.6,99.9,110.3,12.202458768625252,105.0,113.9,100.3,117.26148,105.10137
2024-03-16,127,98,112.4,108.3,113.9,117.1,98.4,104.8,0,0,105.4,16.562004709575472,112.4,113.9,98.4,111.2,8.555699854482953,108.3,117.1,104.8,111.5,14.159802258506303,112.4,113.9,98.4,113.3,10.220350070107939,108.3,117.1,104.8,119.85381,110.48329
2024-03-16,112,118,104.2,117.0,111.1,109.8,101.0,102.0,0,0,98.2,7.014271166700095,104.2,111.1,101.0,118.2,8.955445270895241,117.0,109.8,102.0,99.3,11.585910984179456,104.2,111.1,101.0,115.7,8.920014947670527,117.0,109.8,102.0,105.93768,117.88254
2024-03-16,121,128,113.6,114.7,113.0,112.2,103.0,101.9,0,0,118.6,3.5777087639996816,113.6,113.0,103.0,105.8,12.457929201917986,114.7,112.2,101.9,122.0,9.475113602367761,113.6,113.0,103.0,114.8,13.902837440209462,114.7,112.2,101.9,119.257065,118.86982
2024-03-16,100,119,112.0,113.1,116.7,106.6,102.6,99.3,1,0,120.6,8.734987120768995,112.0,116.7,102.6,114.4,9.18150314491042,113.1,106.6,99.3,118.6,8.52708104283682,112.0,116.7,102.6,117.3,8.70568141439196,113.1,106.6,99.3,112.96595,116.45274
2024-03-16,91,98,113.8,114.1,112.1,109.5,101.5,98.6,0,0,118.6,11.928956366757312,113.8,112.1,101.5,105.0,3.807886552932101,114.1,109.5,98.6,120.7,10.285372569279595,113.8,112.1,101.5,109.7,7.660142151277559,114.1,109.5,98.6,114.72953,112.688774
2024-03-17,140,129,116.0,114.9,113.5,111.9,101.9,100.7,0,0,111.8,9.364827814754433,116.0,113.5,101.9,112.6,4.393176527297739,114.9,111.9,100.7,115.1,13.118688958885972,116.0,113.5,101.9,118.4,11.027239001672099,114.9,111.9,100.7,118.6525,115.508514
2024-03-17,101,104,107.2,111.7,116.1,109.9,102.1,98.3,0,0,112.8,10.848963084092414,107.2,116.1,102.1,103.8,5.0199601592044285,111.7,109.9,98.3,111.7,10.687999500997899,107.2,116.1,102.1,108.8,8.066391179868763,111.7,109.9,98.3,110.70867,114.20703
2024-03-17,107,105,115.2,115.6,113.0,110.3,102.2,99.3,0,0,116.4,5.412947441089735,115.2,113.0,102.2,117.4,10.502380682492884,115.6,110.3,99.3,120.4,10.885260166339295,115.2,113.0,102.2,108.6,13.858010118499953,115.6,110.3,99.3,116.121994,116.73107
2024-03-17,111,96,110.6,109.8,108.6,116.1,99.4,101.7,0,0,109.4,7.4363969770313005,110.6,108.6,99.4,116.8,9.47100839404127,109.8,116.1,101.7,113.2,7.509993342207519,110.6,108.6,99.4,116.3,10.198583779677888,109.8,116.1,101.7,114.43615,108.292595
2024-03-17,104,130,108.3,120.2,117.1,108.9,104.8,99.6,1,0,110.2,3.2710854467590775,108.3,117.1,104.8,114.8,8.074651695274502,120.2,108.9,99.6,108.8,3.614784456460374,108.3,117.1,104.8,119.0,11.135528725659958,120.2,108.9,99.6,111.308464,124.39539
2024-03-17,122,115,107.5,110.4,113.7,113.3,103.5,99.3,0,1,111.6,13.049904214207842,107.5,113.7,103.5,107.4,8.763560920082558,110.4,113.3,99.3,109.6,10.243697249203224,107.5,113.7,103.5,99.4,12.911665698549767,110.4,113.3,99.3,111.21505,114.41506
2024-03-17,93,110,116.1,114.0,112.8,116.1,99.4,102.8,0,0,116.2,14.703741020570252,116.1,112.8,99.4,108.2,10.158740079360259,114.0,116.1,102.8,113.3,12.320263344948783,116.1,112.8,99.4,109.3,10.832564075252243,114.0,116.1,102.8,120.28208,112.99369
2024-03-18,103,108,117.9,112.8,115.0,110.4,104.4,99.2,0,0,121.2,6.496152707564682,117.9,115.0,104.4,110.6,9.12688336728369,112.8,110.4,99.2,123.1,8.157477823717695,117.9,115.0,104.4,111.5,8.553751613570798,112.8,110.4,99.2,117.45284,115.835945
2024-03-18,119,94,120.2,107.2,108.9,116.1,99.6,102.1,1,1,131.6,9.55510334847298,120.2,108.9,99.6,106.4,9.316651759081662,107.2,116.1,102.1,128.1,10.556198810809327,120.2,108.9,99.6,111.0,12.34683945163478,107.2,116.1,102.1,122.19261,108.133545
2024-03-18,98,91,113.8,111.7,110.7,109.9,100.2,98.3,0,1,106.4,10.334408546211069,113.8,110.7,100.2,103.4,4.878524367060161,111.7,109.9,98.3,106.1,9.218941852994217,113.8,110.7,100.2,108.2,8.189424074174243,111.7,109.9,98.3,113.07351,109.36079
2024-03-18,110,107,112.4,105.0,113.9,113.9,98.4,100.3,0,0,111.8,17.68332547910602,112.4,113.9,98.4,110.6,7.503332592921654,105.0,113.9,100.3,111.7,14.384018909887466,112.4,113.9,98.4,111.7,10.708771067577137,105.0,113.9,100.3,114.716866,107.6322
2024-03-18,104,114,112.0,113.1,116.7,106.6,102.6,99.3,0,0,115.0,11.379806676741051,112.0,116.7,102.6,112.6,6.268971207462991,113.1,106.6,99.3,116.3,10.154911236550412,112.0,116.7,102.6,118.5,7.919736247011194,113.1,106.6,99.3,113.076485,116.77607
2024-03-18,112,119,114.7,114.1,112.2,109.5,101.9,98.6,0,0,112.0,11.999999999999984,114.7,112.2,101.9,104.0,4.9497474683059455,114.1,109.5,98.6,118.9,13.328749211968637,114.7,112.2,101.9,107.4,7.336363010526626,114.1,109.5,98.6,115.4939,112.93751
2024-03-18,121,111,113.8,104.2,112.1,111.1,101.5,101.0,0,0,115.0,17.131841699011808,113.8,112.1,101.5,104.2,8.043631020876113,104.2,111.1,101.0,117.6,13.890044396377368,113.8,112.1,101.5,104.8,7.857056276579382,104.2,111.1,101.0,114.657616,111.61224
2024-03-18,136,105,113.6,114.0,113.0,116.1,103.0,102.8,0,1,120.0,2.54950975679642,113.6,113.0,103.0,109.8,9.549869109050682,114.0,116.1,102.8,123.5,7.677528537520448,113.6,113.0,103.0,109.1,10.79557522526917,114.0,116.1,102.8,124.52806,121.0734
2024-03-19,112,92,110.6,107.1,108.6,117.4,99.4,99.3,0,0,110.0,7.41619848709568,110.6,108.6,99.4,102.2,5.585696017507655,107.1,117.4,99.3,113.0,7.5424723326565895,110.6,108.6,99.4,100.2,11.053405709453235,107.1,117.4,99.3,115.18616,105.70919
2024-03-19,114,137,108.3,111.5,117.1,110.4,104.8,101.6,0,0,108.4,3.781534080237681,108.3,117.1,104.8,112.2,8.467585252006602,111.5,110.4,101.6,108.4,3.9214509786275045,108.3,117.1,104.8,109.1,8.211780156173967,111.5,110.4,101.6,115.893456,117.8332
2024-03-19,91,104,110.4,115.0,113.3,110.6,99.3,99.9,0,0,112.4,7.924645102463566,110.4,113.3,99.3,117.4,13.164345787011213,115.0,110.6,99.9,110.5,10.135197197007159,110.4,113.3,99.3,112.9,13.23673340031866,115.0,110.6,99.9,112.55215,114.182495
2024-03-19,107,113,107.5,115.2,113.7,113.0,103.5,102.2,0,0,109.6,9.396807968666785,107.5,113.7,103.5,126.8,12.833549781724416,115.2,113.0,102.2,110.5,10.946841249115366,107.5,113.7,103.5,122.3,10.154911236550603,115.2,113.0,102.2,116.78639,123.32418
2024-03-19,112,115,113.1,115.6,106.6,110.3,99.3,99.3,1,0,110.2,13.04607220584032,113.1,106.6,99.3,113.0,10.074720839804927,115.6,110.3,99.3,109.7,10.044899203078208,113.1,106.6,99.3,110.7,11.015645439303459,115.6,110.3,99.3,110.55469,108.926315
2024-03-20,104,107,112.8,111.7,110.4,109.9,99.2,98.3,0,0,105.6,6.3874877690685326,112.8,110.4,99.2,102.2,7.085195833567322,111.7,109.9,98.3,112.3,11.205653335110238,112.8,110.4,99.2,105.0,8.01387685344745,111.7,109.9,98.3,109.65388,106.189606
2024-03-20,103,122,107.2,117.9,116.1,115.0,102.1,104.4,0,0,109.4,11.458621208504974,107.2,116.1,102.1,115.2,14.184498581197719,117.9,115.0,104.4,109.8,10.73726636015365,107.2,116.1,102.1,115.0,12.101423240447552,117.9,115.0,104.4,116.67676,121.915054
2024-03-20,122,119,120.2,116.0,108.9,113.5,99.6,101.9,0,0,128.2,10.568822072492257,120.2,108.9,99.6,108.6,15.773395322504316,116.0,113.5,101.9,127.1,10.928555866780039,120.2,108.9,99.6,110.1,11.090035567521184,116.0,113.5,101.9,117.43211,111.893425
2024-03-20,89,123,109.8,113.8,116.1,112.1,101.7,101.5,0,0,108.4,10.382677881933898,109.8,116.1,101.7,115.0,14.999999999999973,113.8,112.1,101.5,108.9,11.219526628952648,109.8,116.1,101.7,117.9,12.16963434126104,113.8,112.1,101.5,113.962524,117.78292
2024-03-20,119,107,117.0,112.0,109.8,116.7,102.0,102.6,0,0,116.0,8.455767262643882,117.0,109.8,102.0,112.0,10.04987562112091,112.0,116.7,102.6,124.4,11.983321743156262,117.0,109.8,102.0,115.8,11.023207841237193,112.0,116.7,102.6,124.798065,117.42286
2024-03-20,137,116,114.7,104.2,112.2,111.1,101.9,101.0,0,0,115.0,8.746427842267929,114.7,112.2,101.9,105.2,8.613942186943241,104.2,111.1,101.0,115.7,10.078028907810605,114.7,112.2,101.9,105.1,8.047774019358949,104.2,111.1,101.0,117.14857,112.726555
2024-03-20,115,102,114.9,113.8,111.9,110.7,100.7,100.2,0,0,111.2,5.069516742254678,114.9,111.9,100.7,98.0,18.27566688249708,113.8,110.7,100.2,116.8,8.36394378003329,114.9,111.9,100.7,106.5,17.004901254246207,113.8,110.7,100.2,115.63531,105.763
2024-03-20,103,116,105.0,116.1,113.9,112.8,100.3,99.4,0,0,106.6,13.24009063413088,105.0,113.9,100.3,109.4,14.926486525636223,116.1,112.8,99.4,103.2,14.366627996854394,105.0,113.9,100.3,113.7,17.688979620091082,116.1,112.8,99.4,108.836624,113.666145
2024-03-21,121,106,110.6,115.0,108.6,110.6,99.4,99.9,0,0,109.4,7.021395872616801,110.6,108.6,99.4,115.2,14.5155089473294,115.0,110.6,99.9,111.5,5.720334100576935,110.6,108.6,99.4,111.9,13.519122259476294,115.0,110.6,99.9,112.86897,111.43942
2024-03-21,109,102,108.3,113.8,117.1,112.1,104.8,101.5,0,1,110.2,3.8987177379234614,108.3,117.1,104.8,119.2,13.292855223765855,113.8,112.1,101.5,108.9,4.306326095925075,108.3,117.1,104.8,116.9,11.159948227677601,113.8,112.1,101.5,116.41792,120.76368
2024-03-21,127,117,111.5,112.4,110.4,113.9,101.6,98.4,0,0,118.4,9.659192512834569,111.5,110.4,101.6,118.2,11.476062042355816,112.4,113.9,98.4,118.0,12.90133498690904,111.5,110.4,101.6,117.2,11.203174153386415,112.4,113.9,98.4,114.160484,112.24664
2024-03-21,115,108,116.0,110.4,113.5,113.3,101.9,99.3,1,0,117.4,15.725775020646791,116.0,113.5,101.9,108.0,9.246621004453372,110.4,113.3,99.3,116.5,15.020356557389286,116.0,113.5,101.9,102.3,12.824022596500376,110.4,113.3,99.3,119.11001,112.59175
2024-03-21,113,97,115.2,112.0,113.0,116.7,102.2,102.6,0,1,113.2,5.2630789467763,115.2,113.0,102.2,110.4,10.08959860450357,112.0,116.7,102.6,118.0,10.93414631123795,115.2,113.0,102.2,114.1,10.928555866780165,112.0,116.7,102.6,120.14016,119.30202
2024-03-21,113,100,115.6,114.1,110.3,109.5,99.3,98.6,0,0,118.4,15.646085772486368,115.6,110.3,99.3,107.8,7.661592523751255,114.1,109.5,98.6,116.9,13.135617398677743,115.6,110.3,99.3,106.9,6.154492487425651,114.1,109.5,98.6,113.159645,110.27031
2024-03-21,128,115,114.9,114.0,111.9,116.1,100.7,102.8,1,0,112.2,5.263078946776353,114.9,111.9,100.7,107.6,9.016651263079906,114.0,116.1,102.8,116.9,8.332666639997989,114.9,111.9,100.7,107.9,10.48226014644642,114.0,116.1,102.8,119.83601,112.569824
2024-03-22,102,129,107.2,120.2,116.1,108.9,102.1,99.6,0,0,105.2,8.136338242723198,107.2,116.1,102.1,120.0,7.745966692414795,120.2,108.9,99.6,107.6,9.453982112198887,107.2,116.1,102.1,117.7,8.45970842681148,120.2,108.9,99.6,108.2292,120.78732
2024-03-22,103,123,109.8,117.0,116.1,109.8,101.7,102.0,0,0,101.2,8.258329128824995,109.8,116.1,101.7,117.2,8.555699854482972,117.0,109.8,102.0,107.1,12.879354711233699,109.8,116.1,101.7,116.8,8.390470785361122,117.0,109.8,102.0,112.44087,121.87227
2024-03-22,88,111,111.7,115.0,109.9,110.6,98.3,99.9,0,1,109.2,14.324803663575988,111.7,109.9,98.3,113.6,15.10959959760681,115.0,110.6,99.9,109.8,11.81148217249266,111.7,109.9,98.3,110.8,13.505554412907344,115.0,110.6,99.9,111.59452,110.33434
2024-03-22,104,91,113.1,112.8,106.6,110.4,99.3,99.2,0,0,109.8,12.930583900195664,113.1,106.6,99.3,107.6,5.941380311005149,112.8,110.4,99.2,108.8,9.295160030897872,113.1,106.6,99.3,110.9,8.56932513873362,112.8,110.4,99.2,111.73535,108.152725
2024-03-22,97,99,107.5,104.2,113.7,111.1,103.5,101.0,0,0,107.6,8.443932733033796,107.5,113.7,103.5,108.2,9.36482781475455,104.2,111.1,101.0,109.9,10.959014554238003,107.5,113.7,103.5,106.2,8.753412033157403,104.2,111.1,101.0,112.39184,110.96763
2024-03-22,111,123,114.7,117.9,112.2,115.0,101.9,104.4,0,0,121.8,10.183319694480756,114.7,112.2,101.9,119.2,12.214745187681979,117.9,115.0,104.4,117.5,12.1312269233852,114.7,112.2,101.9,116.7,11.728881731293345,117.9,115.0,104.4,121.7477,119.65948
2024-03-22,117,125,105.0,116.1,113.9,112.8,100.3,99.4,0,0,105.8,13.330416347586455,105.0,113.9,100.3,114.8,9.65401470891772,116.1,112.8,99.4,104.4,13.721030087667133,105.0,113.9,100.3,115.0,17.28840330651985,116.1,112.8,99.4,108.40232,113.945076
2024-03-22,101,94,113.6,113.8,113.0,110.7,103.0,100.2,0,0,124.0,6.819090848492938,113.6,113.0,103.0,94.4,14.170391667134698,113.8,110.7,100.2,123.2,7.036413227711091,113.6,113.0,103.0,106.0,17.061978522759564,113.8,110.7,100.2,117.48735,112.08151
2024-03-23,105,93,114.1,110.4,109.5,113.3,98.6,99.3,0,0,95.2,12.79453008124955,114.1,109.5,98.6,109.8,7.823042886243077,110.4,113.3,99.3,100.2,11.506519890913983,114.1,109.5,98.6,103.8,12.48821666834592,110.4,113.3,99.3,113.40473,110.581245
2024-03-23,107,109,110.6,113.8,108.6,112.1,99.4,101.5,0,0,111.0,8.746427842267966,110.6,108.6,99.4,115.0,14.999999999999973,113.8,112.1,101.5,112.2,6.442911695119861,110.6,108.6,99.4,114.8,11.839669665061507,113.8,112.1,101.5,113.03495,111.47753
2024-03-23,132,91,114.0,107.1,116.1,117.4,102.8,99.3,0,0,113.8,8.642916174532708,114.0,116.1,102.8,99.4,6.618156843109786,107.1,117.4,99.3,123.1,13.050755618822336,114.0,116.1,102.8,97.9,9.971626413646282,107.1,117.4,99.3,118.9689,110.520294
2024-03-23,112,109,108.3,109.8,117.1,116.1,104.8,101.7,0,1,109.6,3.7815340802376793,108.3,117.1,104.8,110.0,9.823441352194259,109.8,116.1,101.7,109.6,3.5652645218990417,108.3,117.1,104.8,115.3,11.700427342622918,109.8,116.1,101.7,116.981224,116.416405
2024-03-23,113,124,112.4,120.2,113.9,108.9,98.4,99.6,0,1,107.4,13.685759021698436,112.4,113.9,98.4,124.0,5.477225575051607,120.2,108.9,99.6,112.0,14.306175822583297,112.4,113.9,98.4,119.6,8.669230390037717,120.2,108.9,99.6,110.75783,113.54263
2024-03-23,147,119,111.5,112.0,110.4,116.7,101.6,102.6,0,0,121.8,8.927485648266222,111.5,110.4,101.6,110.4,10.08959860450357,112.0,116.7,102.6,117.2,11.942454614618436,111.5,110.4,101.6,111.5,11.645218379709021,112.0,116.7,102.6,120.808365,116.648445
2024-03-23,106,131,107.5,114.9,113.7,111.9,103.5,100.7,1,0,106.6,9.502631214563658,107.5,113.7,103.5,116.4,8.173126696681008,114.9,111.9,100.7,109.8,11.083521301664232,107.5,113.7,103.5,117.7,9.956014374347834,114.9,111.9,100.7,111.1624,119.21614
2024-03-23,111,114,105.0,115.6,113.9,110.3,100.3,99.3,1,0,103.6,8.93308457365093,105.0,113.9,100.3,112.2,9.628083921528711,115.6,110.3,99.3,104.9,14.114216631152825,105.0,113.9,100.3,112.2,10.400854665736874,115.6,110.3,99.3,107.29387,112.71639
2024-03-24,101,114,107.2,115.0,116.1,110.6,102.1,99.9,0,0,102.8,6.496152707564688,107.2,116.1,102.1,108.0,5.43139024560009,115.0,110.6,99.9,107.9,9.194805296712005,107.2,116.1,102.1,109.7,12.927576038152843,115.0,110.6,99.9,109.21512,117.992195
2024-03-24,107,121,116.1,113.8,112.8,110.7,99.4,100.2,0,0,112.4,18.119050747762707,116.1,112.8,99.4,91.8,12.357184145265478,113.8,110.7,100.2,109.9,12.80147560938882,116.1,112.8,99.4,102.7,15.68474134664351,113.8,110.7,100.2,115.19514,110.01907
2024-03-24,121,84,111.7,112.8,109.9,110.4,98.3,99.2,0,0,105.6,17.28583234906552,111.7,109.9,98.3,103.8,9.20326029187481,112.8,110.4,99.2,108.1,13.658127413538258,111.7,109.9,98.3,108.2,10.184956226382766,112.8,110.4,99.2,109.61133,108.7325
2024-03-24,118,93,116.0,117.0,113.5,109.8,101.9,102.0,0,0,121.0,11.335784048754581,116.0,113.5,101.9,118.2,8.955445270895241,117.0,109.8,102.0,118.0,13.896442390450396,116.0,113.5,101.9,118.7,7.242620765686493,117.0,109.8,102.0,117.432396,121.205925
2024-03-24,114,110,113.1,114.7,106.6,112.2,99.3,101.9,0,0,108.6,13.183322798141571,113.1,106.6,99.3,109.4,16.056151469141067,114.7,112.2,101.9,108.6,9.383200117467696,113.1,106.6,99.3,116.7,14.31432848582153,114.7,112.2,101.9,113.562225,110.11755
2024-03-24,150,145,113.6,117.9,113.0,115.0,103.0,104.4,0,0,120.2,12.517987058628881,113.6,113.0,103.0,122.8,9.284395510748132,117.9,115.0,104.4,120.8,9.874771446018798,113.6,113.0,103.0,117.5,11.872002545672096,117.9,115.0,104.4,123.439224,121.44529
2024-03-25,115,92,112.8,107.1,110.4,117.4,99.2,99.3,1,0,106.8,5.019960159204464,112.8,110.4,99.2,97.6,7.569676347110284,107.1,117.4,99.3,109.1,7.709301740970684,112.8,110.4,99.2,98.6,9.09456492148504,107.1,117.4,99.3,112.437675,106.58044
2024-03-25,120,118,114.0,120.2,116.1,108.9,102.8,99.6,0,0,116.0,11.768602295939791,114.0,116.1,102.8,125.4,3.9115214431215133,120.2,108.9,99.6,123.4,13.234634696717402,114.0,116.1,102.8,120.2,8.753412033157128,120.2,108.9,99.6,115.42266,121.29534
2024-03-25,124,99,114.1,107.2,109.5,116.1,98.6,102.1,0,1,96.4,13.501851724856097,114.1,109.5,98.6,102.2,9.2032602918748,107.2,116.1,102.1,99.9,11.31812705353669,114.1,109.5,98.6,107.1,10.671353137150776,107.2,116.1,102.1,116.0075,107.390396
2024-03-25,88,96,109.8,110.4,116.1,113.3,101.7,99.3,0,0,100.8,8.074651695274502,109.8,116.1,101.7,104.4,8.324662155306854,110.4,113.3,99.3,107.9,12.278707858185507,109.8,116.1,101.7,104.5,11.539786248742404,110.4,113.3,99.3,112.578026,114.93152
2024-03-25,105,107,112.4,108.3,113.9,117.1,98.4,104.8,0,0,110.6,12.461942063739508,112.4,113.9,98.4,107.8,9.934787365615813,108.3,117.1,104.8,111.8,14.273518603810817,112.4,113.9,98.4,112.7,10.975224624378107,108.3,117.1,104.8,119.950485,112.7389
2024-03-25,110,92,111.5,105.0,110.4,113.9,101.6,100.3,0,0,128.4,12.992305415129346,111.5,110.4,101.6,111.4,6.6558245169175265,105.0,113.9,100.3,122.0,13.374935098492518,111.5,110.4,101.6,111.4,10.80329167944245,105.0,113.9,100.3,117.52879,106.810074
2024-03-25,104,102,107.5,114.9,113.7,111.9,103.5,100.7,0,0,107.6,9.016651263079858,107.5,113.7,103.5,119.2,10.497618777608558,114.9,111.9,100.7,109.1,11.080012033687826,107.5,113.7,103.5,118.8,10.80946087667847,114.9,111.9,100.7,111.710556,119.00393
2024-03-25,128,103,115.6,104.2,110.3,111.1,99.3,101.0,0,0,120.4,13.704014010500732,115.6,110.3,99.3,106.8,10.25670512396649,104.2,111.1,101.0,116.2,13.138577633146715,115.6,110.3,99.3,105.1,8.912537984958917,104.2,111.1,101.0,115.384026,106.556335
2024-03-25,105,115,112.0,115.2,116.7,113.0,102.6,102.2,0,0,110.4,9.864076236526166,112.0,116.7,102.6,122.2,12.833549781724416,115.2,113.0,102.2,114.3,10.435516278555424,112.0,116.7,102.6,121.8,10.507140429250937,115.2,113.0,102.2,117.536835,121.69556
2024-03-25,108,96,113.8,113.8,112.1,110.7,101.5,100.2,0,1,113.0,15.28070678993612,113.8,112.1,101.5,100.2,15.385057685949718,113.8,110.7,100.2,117.7,13.91282382072984,113.8,112.1,101.5,102.9,15.926567601198725,113.8,110.7,100.2,114.21094,112.762856
2024-03-25,116,133,116.1,117.9,112.8,115.0,99.4,104.4,1,1,105.8,9.523654760647322,116.1,112.8,99.4,124.4,12.48198702130394,117.9,115.0,104.4,110.0,12.771496040445308,116.1,112.8,99.4,119.5,14.63823000836435,117.9,115.0,104.4,119.20435,116.181625
2024-03-26,92,113,111.7,114.7,109.9,112.2,98.3,101.9,0,0,104.6,15.899685531481433,111.7,109.9,98.3,107.4,14.993331851193078,114.7,112.2,101.9,108.7,14.118939211018839,111.7,109.9,98.3,115.0,13.96026106091466,114.7,112.2,101.9,113.627815,111.00991
2024-03-26,124,128,116.0,113.6,113.5,113.0,101.9,103.0,0,0,120.0,11.33578404875458,116.0,113.5,101.9,116.8,12.316655390161715,113.6,113.0,103.0,115.7,11.333823518810943,116.0,113.5,101.9,117.6,8.859395514869567,113.6,113.0,103.0,118.81609,120.09503
2024-03-26,112,119,115.0,117.0,110.6,109.8,99.9,102.0,0,0,113.6,14.117365193264622,115.0,110.6,99.9,113.2,14.411800720243114,117.0,109.8,102.0,114.4,18.927933502278243,115.0,110.6,99.9,116.3,10.91431272331066,117.0,109.8,102.0,114.61333,114.28858
2024-03-26,96,132,113.8,115.2,112.1,113.0,101.5,102.2,1,1,113.8,14.78850905263948,113.8,112.1,101.5,123.2,11.798304963002051,115.2,113.0,102.2,115.0,12.754084313139392,113.8,112.1,101.5,121.4,10.69994807879405,115.2,113.0,102.2,117.74105,118.96091
2024-03-27,118,111,107.1,112.8,117.4,110.4,99.3,99.2,0,0,103.2,12.949903474543724,107.1,117.4,99.3,100.4,12.895735729302134,112.8,110.4,99.2,107.6,11.077504733066556,107.1,117.4,99.3,104.7,11.926161718396013,112.8,110.4,99.2,107.91689,112.78566
2024-03-27,93,101,110.6,114.7,108.6,112.2,99.4,101.9,0,1,113.0,5.147815070493525,110.6,108.6,99.4,112.4,10.358571330062887,114.7,112.2,101.9,111.6,6.63659886119732,110.6,108.6,99.4,113.2,12.778454088382112,114.7,112.2,101.9,113.661896,110.87897
2024-03-27,119,122,108.3,110.4,117.1,113.3,104.8,99.3,0,0,110.2,3.8987177379234614,108.3,117.1,104.8,102.4,9.01665126307977,110.4,113.3,99.3,109.6,3.5652645218990417,108.3,117.1,104.8,103.0,11.575836902790096,110.4,113.3,99.3,115.49595,115.067535
2024-03-27,120,106,114.0,105.0,116.1,113.9,102.8,100.3,0,0,118.2,11.144505372604007,114.0,116.1,102.8,105.4,8.080841540334797,105.0,113.9,100.3,121.3,11.709919821340486,114.0,116.1,102.8,109.7,12.436952109651987,105.0,113.9,100.3,119.18354,109.572266
2024-03-27,107,108,113.8,116.1,110.7,112.8,100.2,99.4,0,0,106.4,10.334408546211069,113.8,110.7,100.2,118.6,9.044335243675995,116.1,112.8,99.4,105.5,9.559753599799961,113.8,110.7,100.2,112.6,13.234634696717293,116.1,112.8,99.4,116.1547,113.1706
2024-03-27,101,145,109.8,114.1,116.1,109.5,101.7,98.6,0,0,96.2,7.328028384224463,109.8,116.1,101.7,105.8,8.228000972289752,114.1,109.5,98.6,106.8,13.5875760245241,109.8,116.1,101.7,106.3,6.532823109328668,114.1,109.5,98.6,109.75371,117.33674
2024-03-27,125,99,112.4,117.9,113.9,115.0,98.4,104.4,0,0,113.2,8.258329128825041,112.4,113.9,98.4,128.8,10.256705123966467,117.9,115.0,104.4,109.4,13.023056476879775,112.4,113.9,98.4,122.6,13.777598565142755,117.9,115.0,104.4,118.590706,111.1356
2024-03-27,124,136,104.2,113.6,111.1,113.0,101.0,103.0,0,1,102.2,8.197560612767697,104.2,111.1,101.0,114.8,8.105553651663756,113.6,113.0,103.0,101.8,11.331372379372095,104.2,111.1,101.0,118.5,9.454569735788658,113.6,113.0,103.0,111.392845,118.27283
2024-03-27,106,91,113.1,107.2,106.6,116.1,99.3,102.1,0,0,107.4,12.116104984688738,113.1,106.6,99.3,99.8,7.791020472312947,107.2,116.1,102.1,108.9,9.515484456634132,113.1,106.6,99.3,104.2,7.955431408093989,107.2,116.1,102.1,116.10057,105.86089
2024-03-27,126,132,117.0,111.5,109.8,110.4,102.0,101.6,1,0,117.4,8.203657720797473,117.0,109.8,102.0,118.6,12.700393694685205,111.5,110.4,101.6,123.7,12.08350574589645,117.0,109.8,102.0,112.4,11.786998487033621,111.5,110.4,101.6,117.55758,115.12666
2024-03-27,111,118,112.0,107.5,116.7,113.7,102.6,103.5,0,0,108.0,9.30053761886915,112.0,116.7,102.6,114.0,12.688577540449506,107.5,113.7,103.5,114.1,10.608696642115827,112.0,116.7,102.6,112.8,12.18195386627286,107.5,113.7,103.5,118.67744,115.585335
2024-03-27,97,104,115.6,114.9,110.3,111.9,99.3,100.7,0,0,124.6,11.631852818876293,115.6,110.3,99.3,116.2,13.103434664239748,114.9,111.9,100.7,117.8,13.538422688366985,115.6,110.3,99.3,115.0,9.067647005823599,114.9,111.9,100.7,115.30606,111.31597
2024-03-28,123,122,114.0,120.2,116.1,108.9,102.8,99.6,1,0,117.4,10.76104084185166,114.0,116.1,102.8,124.8,4.868264577855172,120.2,108.9,99.6,118.9,8.582281488948972,114.0,116.1,102.8,119.1,8.19823829314013,120.2,108.9,99.6,114.1826,121.14235
2024-03-28,107,100,115.0,116.0,110.6,113.5,99.9,101.9,0,0,114.8,13.553597308463884,115.0,110.6,99.9,109.8,16.407315441594978,116.0,113.5,101.9,117.3,15.492291990248336,115.0,110.6,99.9,111.4,11.315672514015285,116.0,113.5,101.9,117.23894,112.04255
2024-03-29,97,115,107.1,114.7,117.4,112.2,99.3,101.9,0,0,102.4,11.545561917897267,107.1,117.4,99.3,110.2,11.562871615649843,114.7,112.2,101.9,109.5,11.067971810589377,107.1,117.4,99.3,110.4,11.974046007001034,114.7,112.2,101.9,109.88545,113.23314
2024-03-29,109,90,117.9,113.6,115.0,113.0,104.4,103.0,0,0,117.4,10.33440854621105,117.9,115.0,104.4,120.0,11.768602295939806,113.6,113.0,103.0,121.2,10.358034991681082,117.9,115.0,104.4,119.9,10.948871073210217,113.6,113.0,103.0,125.325714,121.61322
2024-03-29,97,100,110.6,116.1,108.6,112.8,99.4,99.4,0,0,108.8,10.207840124139889,110.6,108.6,99.4,115.8,9.859006035092975,116.1,112.8,99.4,109.1,8.42549042423584,110.6,108.6,99.4,110.4,11.768130220595232,116.1,112.8,99.4,114.307106,111.17261
2024-03-29,87,96,108.3,107.2,117.1,116.1,104.8,102.1,0,0,111.6,5.59464029227966,108.3,117.1,104.8,97.0,7.968688725254579,107.2,116.1,102.1,110.9,4.38304815295384,108.3,117.1,104.8,102.7,8.932462644136164,107.2,116.1,102.1,117.53663,114.35513
2024-03-29,125,108,110.4,112.4,113.3,113.9,99.3,98.4,0,0,108.6,12.561846997953753,110.4,113.3,99.3,119.0,11.157956802210695,112.4,113.9,98.4,107.6,11.207140580897505,110.4,113.3,99.3,117.1,11.19970237699769,112.4,113.9,98.4,112.648155,113.0142
2024-03-29,117,114,112.8,113.8,110.4,110.7,99.2,100.2,0,0,108.8,6.016643582596539,112.8,110.4,99.2,103.6,10.691117808723298,113.8,110.7,100.2,108.5,6.867799259345522,112.8,110.4,99.2,100.2,14.35115171529981,113.8,110.7,100.2,112.25655,111.73116
2024-03-29,142,82,111.7,105.0,109.9,113.9,98.3,100.3,0,0,99.4,14.621901381147392,111.7,109.9,98.3,105.2,8.043631020876111,105.0,113.9,100.3,108.4,14.469892113550074,111.7,109.9,98.3,106.6,7.919034733546134,105.0,113.9,100.3,111.19728,106.06349
2024-03-29,128,103,117.0,114.9,109.8,111.9,102.0,100.7,0,0,121.2,6.379655163094631,117.0,109.8,102.0,114.6,14.188023118109154,114.9,111.9,100.7,122.8,11.467829398413294,117.0,109.8,102.0,114.2,9.693067396627104,114.9,111.9,100.7,120.80061,114.85168
2024-03-29,130,126,107.5,114.1,113.7,109.5,103.5,98.6,0,0,107.2,9.148770409186122,107.5,113.7,103.5,113.4,19.47562579225636,114.1,109.5,98.6,109.4,10.875047892614866,107.5,113.7,103.5,110.0,13.91242450313952,114.1,109.5,98.6,110.39414,118.41849
2024-03-29,98,111,115.6,113.1,110.3,106.6,99.3,99.3,0,0,121.0,16.926310879810767,115.6,110.3,99.3,112.8,6.300793600809345,113.1,106.6,99.3,117.7,13.703608608278694,115.6,110.3,99.3,117.6,7.862710869809657,113.1,106.6,99.3,113.70107,110.86565
2024-03-29,100,101,112.0,111.5,116.7,110.4,102.6,101.6,0,0,108.8,9.364827814754536,112.0,116.7,102.6,121.4,14.010710188994693,111.5,110.4,101.6,113.0,10.263202878893527,112.0,116.7,102.6,114.3,13.32541431500974,111.5,110.4,101.6,118.04466,117.61275
2024-03-29,103,107,113.8,115.2,112.1,113.0,101.5,102.2,0,0,107.2,13.627178724886521,113.8,112.1,101.5,121.2,8.074651695274467,115.2,113.0,102.2,111.9,13.270267518027003,113.8,112.1,101.5,122.4,11.217050513491579,115.2,113.0,102.2,116.99046,118.63578
2024-03-30,92,104,115.0,120.2,110.6,108.9,99.9,99.6,0,0,110.4,11.148990985734962,115.0,110.6,99.9,124.6,4.979959839195431,120.2,108.9,99.6,114.2,13.910827118151943,115.0,110.6,99.9,119.7,8.165646194746358,120.2,108.9,99.6,112.9999,113.59725
2024-03-30,118,88,110.6,104.2,108.6,111.1,99.4,101.0,1,0,106.0,11.31370849898477,110.6,108.6,99.4,104.4,9.208691546577096,104.2,111.1,101.0,108.0,9.261629326299916,110.6,108.6,99.4,106.3,7.498888806572343,104.2,111.1,101.0,111.77811,106.23242
2024-03-30,113,122,114.0,116.0,116.1,113.5,102.8,101.9,0,0,119.6,10.502380682492886,114.0,116.1,102.8,111.8,13.791301606447487,116.0,113.5,101.9,119.0,8.62811940369656,114.0,116.1,102.8,110.4,11.880890351970754,116.0,113.5,101.9,119.262115,122.2647
2024-03-31,130,101,115.6,112.8,110.3,110.4,99.3,99.2,0,0,112.2,14.549914089093459,115.6,110.3,99.3,99.4,11.502173707608474,112.8,110.4,99.2,114.5,14.238055422782391,115.6,110.3,99.3,106.1,11.742136848877992,112.8,110.4,99.2,114.473694,106.76136
2024-03-31,104,116,110.4,113.6,113.3,113.0,99.3,103.0,0,0,108.8,12.872451204024808,110.4,113.3,99.3,115.4,18.022208521710088,113.6,113.0,103.0,110.3,11.870130580579119,110.4,113.3,99.3,117.5,14.454910738031092,113.6,113.0,103.0,116.67998,114.39374
2024-03-31,118,130,107.1,116.1,117.4,112.8,99.3,99.4,0,0,102.0,11.726039399558557,107.1,117.4,99.3,110.6,9.989994994993724,116.1,112.8,99.4,107.4,11.266469426281427,107.1,117.4,99.3,109.7,12.193349735727905,116.1,112.8,99.4,109.9239,116.07095
2024-03-31,120,135,109.8,113.8,116.1,110.7,101.7,100.2,0,0,96.8,7.628892449104221,109.8,116.1,101.7,105.4,11.696153213770776,113.8,110.7,100.2,104.4,12.048051940274643,109.8,116.1,101.7,101.7,14.981840860039624,113.8,110.7,100.2,111.83138,116.066795
2024-03-31,107,119,108.3,111.7,117.1,109.9,104.8,98.3,0,0,108.2,12.397580409095925,108.3,117.1,104.8,102.0,6.892024376045092,111.7,109.9,98.3,108.3,8.641630504585267,108.3,117.1,104.8,104.8,7.9274487979704436,111.7,109.9,98.3,113.56489,113.87772
2024-03-31,112,113,114.1,117.0,109.5,109.8,98.6,102.0,0,0,101.2,18.45806056984318,114.1,109.5,98.6,116.2,13.553597308463901,117.0,109.8,102.0,101.2,13.306639946532929,114.1,109.5,98.6,117.1,10.774970997640708,117.0,109.8,102.0,113.60083,110.68532
2024-03-31,107,125,111.5,115.2,110.4,113.0,101.6,102.2,0,0,127.2,14.60136979875516,111.5,110.4,101.6,117.2,9.33809402394294,115.2,113.0,102.2,119.5,13.00640867675106,111.5,110.4,101.6,122.0,11.728408057172768,115.2,113.0,102.2,118.004906,118.51655
2024-03-31,101,109,113.1,112.4,106.6,113.9,99.3,98.4,0,0,111.0,6.082762530298156,113.1,106.6,99.3,116.8,12.194260945215168,112.4,113.9,98.4,108.8,9.542885657214384,113.1,106.6,99.3,117.1,11.19970237699769,112.4,113.9,98.4,110.83333,106.15864
2024-03-31,113,117,107.5,114.7,113.7,112.2,103.5,101.9,0,0,108.8,12.477980605851238,107.5,113.7,103.5,113.4,9.762171889492667,114.7,112.2,101.9,109.2,10.422198531126849,107.5,113.7,103.5,109.6,11.2861764020317,114.7,112.2,101.9,113.796814,120.87697
2024-03-31,127,106,113.8,112.0,112.1,116.7,101.5,102.6,0,0,103.8,11.606032913963316,113.8,112.1,101.5,112.8,10.497618777608585,112.0,116.7,102.6,111.2,13.563021623353638,113.8,112.1,101.5,110.0,9.116529554118316,112.0,116.7,102.6,117.28819,117.30051
2024-04-01,104,118,107.1,120.2,117.4,108.9,99.3,99.6,1,0,107.8,10.825894882179469,107.1,117.4,99.3,119.4,9.476286192385675,120.2,108.9,99.6,107.5,11.365151414154917,107.1,117.4,99.3,119.7,8.165646194746358,120.2,108.9,99.6,109.55359,115.76234
2024-04-01,108,110,107.2,104.2,116.1,111.1,102.1,101.0,0,0,100.4,3.1304951684997087,107.2,116.1,102.1,103.4,10.876580344943003,104.2,111.1,101.0,107.1,9.433392225964512,107.2,116.1,102.1,103.8,9.028350409189535,104.2,111.1,101.0,110.41487,111.38017
2024-04-01,133,111,117.9,110.4,115.0,113.3,104.4,99.3,0,1,114.6,10.33440854621105,117.9,115.0,104.4,106.8,12.316655390161658,110.4,113.3,99.3,118.9,10.24640858490861,117.9,115.0,104.4,107.1,10.082437976776957,110.4,113.3,99.3,120.349846,114.15759
2024-04-01,104,103,110.6,105.0,108.6,113.9,99.4,100.3,0,0,107.2,12.37739875741265,110.6,108.6,99.4,98.8,11.344602240713442,105.0,113.9,100.3,108.3,9.557428756964152,110.6,108.6,99.4,104.8,11.023207841237049,105.0,113.9,100.3,113.57165,103.458084
2024-04-01,101,113,112.4,114.0,113.9,116.1,98.4,102.8,1,0,116.0,9.591663046625447,112.4,113.9,98.4,110.8,7.981227975693996,114.0,116.1,102.8,110.7,13.928787137116831,112.4,113.9,98.4,106.7,8.56413711032499,114.0,116.1,102.8,118.298935,111.310555
2024-04-01,111,124,115.0,114.9,110.6,111.9,99.9,100.7,0,0,109.8,12.214745187681952,115.0,110.6,99.9,113.8,14.822280526288786,114.9,111.9,100.7,110.1,13.795732029226313,115.0,110.6,99.9,113.2,10.325803708294206,114.9,111.9,100.7,115.77482,111.38227
2024-04-02,109,105,113.8,117.0,110.7,109.8,100.2,102.0,0,0,103.6,6.61815684310975,113.8,110.7,100.2,113.2,11.840608092492543,117.0,109.8,102.0,104.1,7.922541679705185,113.8,110.7,100.2,115.7,10.242070103255445,117.0,109.8,102.0,113.54707,113.80716
2024-04-02,111,128,109.8,113.6,116.1,113.0,101.7,103.0,0,0,100.2,12.98845641329251,109.8,116.1,101.7,115.4,18.022208521710088,113.6,113.0,103.0,104.3,11.898179132399491,109.8,116.1,101.7,117.8,14.38208762469644,113.6,113.0,103.0,115.76274,121.5788
2024-04-02,117,113,108.3,116.0,117.1,113.5,104.8,101.9,0,0,106.8,11.966620241321234,108.3,117.1,104.8,111.8,13.791301606447487,116.0,113.5,101.9,108.5,8.579691784155882,108.3,117.1,104.8,111.4,12.438292129995487,116.0,113.5,101.9,115.175674,124.082375
2024-04-02,109,99,111.7,114.1,109.9,109.5,98.3,98.6,0,0,106.2,24.314604664686613,111.7,109.9,98.3,117.6,19.47562579225636,114.1,109.5,98.6,110.5,17.67138301825238,111.7,109.9,98.3,111.3,14.8027775171494,114.1,109.5,98.6,109.300446,110.909935
2024-04-05,108,106,115.2,114.7,113.0,112.2,102.2,101.9,1,1,112.6,5.02991053598371,115.2,113.0,102.2,111.2,6.260990336999479,114.7,112.2,101.9,117.6,11.047372739454714,115.2,113.0,102.2,110.3,11.528226229563664,114.7,112.2,101.9,117.36789,118.8913
2024-04-02,113,106,113.1,111.5,106.6,110.4,99.3,101.6,0,0,107.4,5.458937625582403,113.1,106.6,99.3,117.0,16.598192672697824,111.5,110.4,101.6,108.8,9.542885657214384,113.1,106.6,99.3,113.1,13.979747255702907,111.5,110.4,101.6,113.24829,109.90612
2024-04-02,110,105,115.6,107.5,110.3,113.7,99.3,103.5,0,0,113.2,15.770225109363542,115.6,110.3,99.3,115.8,12.437845472588878,107.5,113.7,103.5,115.8,15.061355996205831,115.6,110.3,99.3,114.3,11.757267256183866,107.5,113.7,103.5,120.117584,109.47611
2024-04-02,113,129,112.0,112.8,116.7,110.4,102.6,99.2,0,0,104.0,4.527692569068732,112.0,116.7,102.6,99.0,11.379806676741028,112.8,110.4,99.2,112.3,10.934654391733723,112.0,116.7,102.6,104.8,11.487190934060282,112.8,110.4,99.2,114.7614,115.8945
2024-04-02,109,95,113.8,116.1,112.1,112.8,101.5,99.4,0,0,111.0,12.786711852544416,113.8,112.1,101.5,115.8,12.214745187681965,116.1,112.8,99.4,113.0,14.406788523316285,113.8,112.1,101.5,112.6,13.2932731526554,116.1,112.8,99.4,117.23289,114.95478
2024-04-03,86,89,107.1,105.0,117.4,113.9,99.3,100.3,0,0,106.6,10.853570840972091,107.1,117.4,99.3,98.0,10.74709263010236,105.0,113.9,100.3,106.4,11.08753053359196,107.1,117.4,99.3,104.3,10.975224624378054,105.0,113.9,100.3,111.401764,108.19985
2024-04-03,120,125,108.3,113.6,117.1,113.0,104.8,103.0,1,1,108.4,12.837445228704935,108.3,117.1,104.8,119.6,18.022208521710088,113.6,113.0,103.0,109.0,8.944271909999207,108.3,117.1,104.8,118.2,14.627219679609572,113.6,113.0,103.0,119.27119,124.67984
2024-04-03,121,113,114.0,107.2,116.1,116.1,102.8,102.1,0,0,121.6,6.877499545619758,114.0,116.1,102.8,98.0,7.314369419163858,107.2,116.1,102.1,117.7,8.433399209228915,114.0,116.1,102.8,101.2,8.638415492566972,107.2,116.1,102.1,120.220726,114.01918
2024-04-03,135,100,120.2,117.0,108.9,109.8,99.6,102.0,0,1,129.2,9.418067742376858,120.2,108.9,99.6,110.6,11.949895397031721,117.0,109.8,102.0,128.8,8.052604823561332,120.2,108.9,99.6,113.9,10.397114984456017,117.0,109.8,102.0,114.52588,112.3607
2024-04-03,115,111,110.4,117.9,113.3,115.0,99.3,104.4,0,0,106.8,12.637246535539285,110.4,113.3,99.3,124.4,16.9646691685986,117.9,115.0,104.4,110.0,11.999999999999984,110.4,113.3,99.3,119.8,15.519163780450455,117.9,115.0,104.4,118.22681,118.16356
2024-04-03,101,111,116.0,104.2,113.5,111.1,101.9,101.0,1,0,122.2,10.686440005913985,116.0,113.5,101.9,103.2,10.709808588392253,104.2,111.1,101.0,117.6,10.926013810066944,116.0,113.5,101.9,104.2,9.223159256278109,104.2,111.1,101.0,116.93064,111.38017
2024-04-03,133,85,113.1,109.8,106.6,116.1,99.3,101.7,1,1,107.6,5.683308895353064,113.1,106.6,99.3,109.2,9.679876032264058,109.8,116.1,101.7,108.7,9.48741856940614,113.1,106.6,99.3,113.5,11.067971810589256,109.8,116.1,101.7,114.78756,108.05206
2024-04-03,108,117,115.0,110.6,110.6,108.6,99.9,99.4,0,0,109.6,12.177848742696694,115.0,110.6,99.9,99.8,17.82414093301553,110.6,108.6,99.4,108.5,12.483322207382582,115.0,110.6,99.9,104.1,13.795732029226333,110.6,108.6,99.4,113.03549,108.634674
2024-04-03,122,101,114.9,112.8,111.9,110.4,100.7,99.2,0,1,116.0,8.336666000266563,114.9,111.9,100.7,103.2,17.66918221084382,112.8,110.4,99.2,116.8,8.175845182269931,114.9,111.9,100.7,105.4,12.642081403875832,112.8,110.4,99.2,115.12128,111.00967
2024-04-04,105,109,111.7,113.8,109.9,110.7,98.3,100.2,0,0,110.4,22.097511172075464,111.7,109.9,98.3,112.0,17.27715254317101,113.8,110.7,100.2,109.8,17.567647031467338,111.7,109.9,98.3,103.2,17.5486625004743,113.8,110.7,100.2,111.57852,109.69972
2024-04-04,120,109,114.1,113.8,109.5,112.1,98.6,101.5,0,0,104.0,18.907670401189026,114.1,109.5,98.6,117.6,11.631852818876242,113.8,112.1,101.5,102.2,13.742068419435402,114.1,109.5,98.6,114.7,11.88883696769555,113.8,112.1,101.5,115.40458,111.29424
2024-04-04,110,133,111.5,114.7,110.4,112.2,101.6,101.9,0,0,121.6,16.149303390549058,111.5,110.4,101.6,110.4,6.693280212272668,114.7,112.2,101.9,119.7,12.771931029496704,111.5,110.4,101.6,108.9,11.059937713306587,114.7,112.2,101.9,118.034706,115.568726
2024-04-04,102,100,116.1,115.6,112.8,110.3,99.4,99.3,0,0,106.6,10.310189135025624,116.1,112.8,99.4,110.2,7.328028384224485,115.6,110.3,99.3,110.4,12.903057346570542,116.1,112.8,99.4,112.2,10.400854665736874,115.6,110.3,99.3,113.97493,112.72129
2024-04-05,124,115,107.1,110.6,117.4,108.6,99.3,99.4,0,0,104.6,13.813037319865591,107.1,117.4,99.3,104.8,18.579558659989743,110.6,108.6,99.4,103.9,12.644278460148607,107.1,117.4,99.3,105.0,14.360439485691973,110.6,108.6,99.4,108.08836,115.40493
2024-04-05,126,112,117.9,117.0,115.0,109.8,104.4,102.0,0,0,119.0,12.806248474865697,117.9,115.0,104.4,106.0,10.295630140986994,117.0,109.8,102.0,121.3,10.478019320887405,117.9,115.0,104.4,112.1,11.140017953306927,117.0,109.8,102.0,120.28554,124.1604
2024-04-05,102,108,108.3,105.0,117.1,113.9,104.8,100.3,0,0,110.0,13.856406460550986,108.3,117.1,104.8,94.4,9.964938534682513,105.0,113.9,100.3,110.1,9.59687449120811,108.3,117.1,104.8,102.9,12.00416594353805,105.0,113.9,100.3,114.050644,110.88741
2024-04-05,101,100,120.2,113.8,108.9,112.1,99.6,101.5,0,1,128.6,8.792041856133277,120.2,108.9,99.6,114.6,11.502173707608451,113.8,112.1,101.5,129.2,8.270429251254052,120.2,108.9,99.6,114.3,12.018966492821063,113.8,112.1,101.5,116.264725,111.01876
2024-04-05,108,100,112.4,114.1,113.9,109.5,98.4,98.6,0,1,110.8,9.176055797563578,112.4,113.9,98.4,117.8,19.227584351654816,114.1,109.5,98.6,111.3,13.29201932656502,112.4,113.9,98.4,110.9,15.102979838429286,114.1,109.5,98.6,109.81213,113.56729
2024-04-05,104,119,111.5,111.7,110.4,109.9,101.6,98.3,1,1,120.2,16.932217811025208,111.5,110.4,101.6,105.8,10.03493896344167,111.7,109.9,98.3,119.3,13.030306553910675,111.5,110.4,101.6,106.1,9.122012448528528,111.7,109.9,98.3,113.00154,111.69472
2024-04-05,108,90,104.2,107.2,111.1,116.1,101.0,102.1,0,0,107.0,12.489995996796807,104.2,111.1,101.0,98.6,8.561541917201566,107.2,116.1,102.1,102.1,11.920570456148344,104.2,111.1,101.0,102.5,9.383792173506118,107.2,116.1,102.1,109.98637,110.423134
2024-04-05,111,117,116.0,109.8,113.5,116.1,101.9,101.7,0,0,119.6,14.188023118109117,116.0,113.5,101.9,102.6,12.895735729302153,109.8,116.1,101.7,115.7,12.055888372261952,116.0,113.5,101.9,112.0,13.784048752090177,109.8,116.1,101.7,119.15481,113.60987
2024-04-05,109,111,115.0,107.5,110.6,113.7,99.9,103.5,0,0,106.0,8.093207028119286,115.0,110.6,99.9,115.8,12.437845472588878,107.5,113.7,103.5,109.8,11.56431292093619,115.0,110.6,99.9,112.6,11.749231653365458,107.5,113.7,103.5,118.176895,109.214066
2024-04-04,109,95,115.2,114.0,113.0,116.1,102.2,102.8,0,1,110.2,3.1144823004794757,115.2,113.0,102.2,113.0,6.284902544988307,114.0,116.1,102.8,113.8,5.1596726855705635,115.2,113.0,102.2,108.1,8.305955025696324,114.0,116.1,102.8,121.108,120.63005
2024-04-05,97,87,114.9,113.1,111.9,106.6,100.7,99.3,0,0,118.4,7.893034904268477,114.9,111.9,100.7,114.2,4.324349662087931,113.1,106.6,99.3,116.0,7.055336829505713,114.9,111.9,100.7,115.8,6.972963661329588,113.1,106.6,99.3,113.589096,111.73605
2024-04-05,131,102,116.1,112.0,112.8,116.7,99.4,102.6,1,0,103.6,8.56154191720162,116.1,112.8,99.4,110.0,9.949874371066219,112.0,116.7,102.6,110.6,12.738393409950325,116.1,112.8,99.4,109.2,9.077444574328258,112.0,116.7,102.6,117.54238,112.83569
2024-04-06,116,97,113.6,112.8,113.0,110.4,103.0,99.2,0,0,125.6,18.44722201308371,113.6,113.0,103.0,105.2,16.468151080191113,112.8,110.4,99.2,123.5,13.550317749451768,113.6,113.0,103.0,104.5,12.598500792642888,112.8,110.4,99.2,115.90569,113.81894
2024-04-06,113,103,110.4,107.2,113.3,116.1,99.3,102.1,0,1,109.4,12.739701723352853,110.4,113.3,99.3,97.8,9.257429448826464,107.2,116.1,102.1,112.0,10.832051206181259,110.4,113.3,99.3,100.0,9.006170724070788,107.2,116.1,102.1,114.6908,111.08109
2024-04-06,96,116,104.2,113.8,111.1,110.7,101.0,100.2,1,0,110.2,9.338094023943016,104.2,111.1,101.0,115.0,14.439529078193667,113.8,110.7,100.2,101.6,11.510381787277328,104.2,111.1,101.0,103.4,17.608078953833715,113.8,110.7,100.2,108.06195,110.147934
2024-04-06,142,110,115.6,114.0,110.3,116.1,99.3,102.8,0,0,112.6,15.836666315863335,115.6,110.3,99.3,107.6,7.987490219086373,114.0,116.1,102.8,116.5,14.554495296413897,115.6,110.3,99.3,107.9,8.621033709609502,114.0,116.1,102.8,121.88696,111.20852
2024-04-07,147,136,115.2,111.5,113.0,110.4,102.2,101.6,0,0,109.2,2.280350850198261,115.2,113.0,102.2,115.8,17.253985046939146,111.5,110.4,101.6,113.5,5.359311730271229,115.2,113.0,102.2,113.2,13.918812209859468,111.5,110.4,101.6,118.05918,115.99256
2024-04-07,120,118,116.1,112.8,112.8,110.4,99.4,99.2,0,1,109.8,14.481022063376619,116.1,112.8,99.4,107.8,12.930583900195678,112.8,110.4,99.2,113.0,14.165686240583836,116.1,112.8,99.4,104.1,12.784104713797317,112.8,110.4,99.2,114.63064,112.98882
2024-04-07,117,115,117.9,111.7,115.0,109.9,104.4,98.3,0,0,118.4,12.280065146407,117.9,115.0,104.4,108.0,11.704699910719615,111.7,109.9,98.3,121.0,10.274023338281664,117.9,115.0,104.4,105.9,8.774331250237095,111.7,109.9,98.3,116.3877,113.14496
2024-04-07,124,107,120.2,105.0,108.9,113.9,99.6,100.3,0,0,120.8,12.617448236469983,120.2,108.9,99.6,97.6,11.458621208504995,105.0,113.9,100.3,126.8,12.181953866272815,120.2,108.9,99.6,101.5,10.211649121360196,105.0,113.9,100.3,118.86258,104.29079
2024-04-07,118,121,107.1,117.0,117.4,109.8,99.3,102.0,0,0,105.8,15.433729296576367,107.1,117.4,99.3,109.8,7.39594483484023,117.0,109.8,102.0,104.1,12.973905434456599,107.1,117.4,99.3,111.5,10.946841249115394,117.0,109.8,102.0,108.91345,113.937126
2024-04-07,113,98,110.6,112.4,108.6,113.9,99.4,98.4,0,0,103.8,9.679876032264062,110.6,108.6,99.4,113.6,11.588787684654505,112.4,113.9,98.4,107.4,9.489175119284356,110.6,108.6,99.4,114.4,9.215928240461137,112.4,113.9,98.4,111.42664,111.12505
2024-04-07,130,122,109.8,108.3,116.1,117.1,101.7,104.8,0,0,104.6,11.928956366757292,109.8,116.1,101.7,106.2,9.093954035511704,108.3,117.1,104.8,102.9,9.837004964249372,109.8,116.1,101.7,110.8,10.01998003990031,108.3,117.1,104.8,119.85316,115.89197
2024-04-07,105,113,114.9,115.0,111.9,110.6,100.7,99.9,0,0,113.8,12.235195135346247,114.9,111.9,100.7,110.2,5.1185935568278715,115.0,110.6,99.9,114.1,9.267026371915621,114.9,111.9,100.7,111.8,11.545080722493438,115.0,110.6,99.9,115.04465,111.25941
2024-04-07,109,122,116.0,114.1,113.5,109.5,101.9,98.6,0,0,113.8,8.584870412533812,116.0,113.5,101.9,114.0,20.748493921246457,114.1,109.5,98.6,115.6,12.094075684675667,116.0,113.5,101.9,110.9,15.102979838429286,114.1,109.5,98.6,114.48929,114.57479
2024-04-07,126,133,107.5,113.8,113.7,110.7,103.5,100.2,0,1,110.0,12.54990039801112,107.5,113.7,103.5,114.0,14.089002803605387,113.8,110.7,100.2,108.8,10.163114133418423,107.5,113.7,103.5,107.1,15.694655849116923,113.8,110.7,100.2,110.469215,117.74525
2024-04-07,77,107,110.4,113.8,113.3,112.1,99.3,101.5,1,0,109.6,12.798437404620913,110.4,113.3,99.3,108.6,9.01665126307983,113.8,112.1,101.5,111.0,10.143416036468606,110.4,113.3,99.3,111.8,12.145415230082126,113.8,112.1,101.5,112.34071,112.20574
2024-04-07,118,110,114.7,112.0,112.2,116.7,101.9,102.6,0,0,119.0,10.977249200050059,114.7,112.2,101.9,106.2,8.16700679563819,112.0,116.7,102.6,117.3,12.229745159514403,114.7,112.2,101.9,109.1,9.158481193832266,112.0,116.7,102.6,120.01042,117.67525
2024-04-07,117,127,113.6,113.1,113.0,106.6,103.0,99.3,1,0,124.8,18.83348082538117,113.6,113.0,103.0,109.8,13.141537200799608,113.1,106.6,99.3,121.7,13.191327117129193,113.6,113.0,103.0,112.4,11.17735806589974,113.1,106.6,99.3,114.82279,114.1162
2024-04-09,104,130,107.1,115.2,117.4,113.0,99.3,102.2,0,0,110.0,15.297058540778343,107.1,117.4,99.3,118.4,9.989994994993681,115.2,113.0,102.2,106.0,13.523641850067216,107.1,117.4,99.3,122.6,11.711343029539993,115.2,113.0,102.2,113.501724,114.04136
2024-04-09,120,102,113.8,107.2,110.7,116.1,100.2,102.1,0,0,103.6,6.61815684310975,113.8,110.7,100.2,98.6,9.555103348472976,107.2,116.1,102.1,104.6,8.071899129421453,113.8,110.7,100.2,99.2,8.243515970479711,107.2,116.1,102.1,116.02612,110.250374
2024-04-09,123,140,109.8,117.9,116.1,115.0,101.7,104.4,0,0,110.0,16.324827717314488,109.8,116.1,101.7,122.2,18.03330252615976,117.9,115.0,104.4,105.4,13.074147518417155,109.8,116.1,101.7,120.7,14.60631522473911,117.9,115.0,104.4,117.79777,121.91476
2024-04-09,111,117,114.0,111.7,116.1,109.9,102.8,98.3,0,0,119.4,3.781534080237771,114.0,116.1,102.8,110.2,11.79830496300209,111.7,109.9,98.3,117.7,8.433399209228915,114.0,116.1,102.8,106.8,9.235198367598127,111.7,109.9,98.3,115.511375,113.95687
2024-04-09,104,91,116.0,120.2,113.5,108.9,101.9,99.6,0,0,112.6,8.792041856133215,116.0,113.5,101.9,117.2,7.823042886243141,120.2,108.9,99.6,116.8,10.538817137926952,116.0,113.5,101.9,120.6,7.30600970282516,120.2,108.9,99.6,114.37406,116.85193
2024-04-09,117,128,112.4,114.1,113.9,109.5,98.4,98.6,0,0,110.4,9.262828941527538,112.4,113.9,98.4,118.4,19.32097306038185,114.1,109.5,98.6,108.9,11.130039432894117,112.4,113.9,98.4,112.1,15.49516053482511,114.1,109.5,98.6,108.93522,113.49763
2024-04-09,118,106,111.5,110.6,110.4,108.6,101.6,99.4,0,0,115.6,17.728508115461924,111.5,110.4,101.6,107.6,18.915602025840993,110.6,108.6,99.4,118.7,13.630439790736306,111.5,110.4,101.6,105.4,14.599847792205042,110.6,108.6,99.4,112.33613,112.75187
2024-04-09,87,102,104.2,107.5,111.1,113.7,101.0,103.5,0,0,107.6,11.349008767288899,104.2,111.1,101.0,117.8,10.034938963441663,107.5,113.7,103.5,101.7,11.45086120002417,104.2,111.1,101.0,114.4,9.593979593705853,107.5,113.7,103.5,111.33536,112.62147
2024-04-09,130,121,113.1,108.3,106.6,117.1,99.3,104.8,0,0,113.4,12.177848742696685,113.1,106.6,99.3,108.6,11.588787684654491,108.3,117.1,104.8,111.0,12.229290885229464,113.1,106.6,99.3,112.0,10.614455552060448,108.3,117.1,104.8,121.9895,109.2145
2024-04-09,112,105,117.0,113.8,109.8,112.1,102.0,101.5,0,0,122.0,7.035623639735142,117.0,109.8,102.0,105.4,4.159326868616971,113.8,112.1,101.5,122.9,11.51279481465928,117.0,109.8,102.0,112.3,11.7950083604134,113.8,112.1,101.5,120.20503,115.0244
2024-04-09,95,111,112.0,115.6,116.7,110.3,102.6,99.3,0,0,106.6,5.319774431308176,112.0,116.7,102.6,110.2,7.328028384224485,115.6,110.3,99.3,110.8,9.472767986883664,112.0,116.7,102.6,111.6,10.95647956436953,115.6,110.3,99.3,114.68158,120.23929
2024-04-09,120,134,113.6,114.7,113.0,112.2,103.0,101.9,0,0,124.0,19.118054294305164,113.6,113.0,103.0,114.4,12.280065146407035,114.7,112.2,101.9,122.0,13.029880190461254,113.6,113.0,103.0,113.4,10.762073323585144,114.7,112.2,101.9,119.85667,118.86982
2024-04-09,92,105,114.9,116.1,111.9,112.8,100.7,99.4,0,0,113.4,12.541929676090538,114.9,111.9,100.7,111.6,15.339491516996242,116.1,112.8,99.4,112.3,9.092732140439393,114.9,111.9,100.7,113.2,12.200182148002632,116.1,112.8,99.4,119.8584,112.72361
2024-04-09,100,110,105.0,115.0,113.9,110.6,100.3,99.9,0,0,106.0,9.000000000000012,105.0,113.9,100.3,109.6,4.393176527297737,115.0,110.6,99.9,108.0,11.125546178852375,105.0,113.9,100.3,113.5,10.124228365658306,115.0,110.6,99.9,107.66537,112.52184
2024-04-10,110,98,112.8,104.2,110.4,111.1,99.2,101.0,0,1,109.6,6.913754406977451,112.8,110.4,99.2,102.2,9.36482781475455,104.2,111.1,101.0,109.4,7.366591251499362,112.8,110.4,99.2,105.2,9.378462323619893,104.2,111.1,101.0,113.02758,105.72553
2024-04-10,114,115,114.0,107.1,116.1,117.4,102.8,99.3,1,1,117.6,5.272570530585581,114.0,116.1,102.8,96.6,7.987490219086398,107.1,117.4,99.3,117.9,8.22529972435997,114.0,116.1,102.8,98.5,9.168181692983108,107.1,117.4,99.3,119.90261,110.25671
2024-04-10,106,102,110.4,109.8,113.3,116.1,99.3,101.7,0,1,106.8,18.253766734567407,110.4,113.3,99.3,102.2,12.27599283153913,109.8,116.1,101.7,107.7,14.802777517149337,110.4,113.3,99.3,111.4,13.376596477928613,109.8,116.1,101.7,112.05133,109.69256
2024-04-10,92,111,111.7,115.2,109.9,113.0,98.3,102.2,1,1,113.8,18.86001060445089,111.7,109.9,98.3,121.8,10.568822072492223,115.2,113.0,102.2,109.7,17.594506718480844,111.7,109.9,98.3,122.0,11.085526098877239,115.2,113.0,102.2,116.12325,107.72336
2024-04-10,117,99,116.0,110.6,113.5,108.6,101.9,99.4,1,1,109.8,8.871302046486651,116.0,113.5,101.9,105.0,17.818529681205458,110.6,108.6,99.4,114.9,10.999494937899906,116.0,113.5,101.9,106.5,14.136241839093303,110.6,108.6,99.4,113.94344,112.749405
2024-04-10,127,89,117.0,107.5,109.8,113.7,102.0,103.5,1,1,122.2,6.648308055437863,117.0,109.8,102.0,112.4,9.762171889492606,107.5,113.7,103.5,121.2,11.764352935882217,117.0,109.8,102.0,112.4,9.912954487269023,107.5,113.7,103.5,124.70215,114.19541
2024-04-10,116,107,115.6,113.1,110.3,106.6,99.3,99.3,1,1,115.4,19.9449241663136,115.6,110.3,99.3,111.6,15.026643005009468,113.1,106.6,99.3,120.0,16.13829124921364,115.6,110.3,99.3,113.0,11.83215956619926,113.1,106.6,99.3,113.985725,110.43327
2024-04-10,108,124,116.1,114.9,112.8,111.9,99.4,100.7,1,1,115.2,11.34460224071344,116.1,112.8,99.4,112.8,13.663820841916795,114.9,111.9,100.7,113.8,14.3279059491919,116.1,112.8,99.4,114.6,10.782702196883038,114.9,111.9,100.7,117.53426,113.50616
2024-04-11,105,127,107.2,112.4,116.1,113.9,102.1,98.4,0,0,103.0,2.915475947422652,107.2,116.1,102.1,112.8,12.676750372236567,112.4,113.9,98.4,107.9,9.09761873605755,107.2,116.1,102.1,113.7,10.22035007010776,112.4,113.9,98.4,109.368744,115.41616
2024-04-11,109,118,120.2,114.1,108.9,109.5,99.6,98.6,0,0,120.2,12.316655390161708,120.2,108.9,99.6,115.0,14.317821063276394,114.1,109.5,98.6,125.9,12.004165943538075,120.2,108.9,99.6,114.2,16.136914203155502,114.1,109.5,98.6,113.185104,110.82328
2024-04-11,124,121,112.0,111.5,116.7,110.4,102.6,101.6,0,0,104.8,7.496665925596539,112.0,116.7,102.6,122.4,17.444196742756592,111.5,110.4,101.6,107.6,8.771164878927284,112.0,116.7,102.6,117.3,14.000396819773053,111.5,110.4,101.6,116.98453,118.9109
2024-04-11,92,100,105.0,114.7,113.9,112.2,100.3,101.9,0,0,104.8,9.391485505499128,105.0,113.9,100.3,121.0,12.144957801491152,114.7,112.2,101.9,108.4,10.710327311110051,105.0,113.9,100.3,115.6,12.545030003064134,114.7,112.2,101.9,109.59706,113.28278
2024-04-11,123,135,113.8,115.0,112.1,110.6,101.5,99.9,0,0,108.6,11.502173707608481,113.8,112.1,101.5,110.8,3.1144823004794575,115.0,110.6,99.9,110.8,12.95976680174294,113.8,112.1,101.5,113.0,10.16530045465129,115.0,110.6,99.9,114.46649,113.17122
2024-04-12,125,113,113.8,110.6,110.7,108.6,100.2,99.4,0,0,108.6,7.829431652425383,113.8,110.7,100.2,110.0,7.416198487095651,110.6,108.6,99.4,107.0,8.768630958643918,113.8,110.7,100.2,104.8,13.886844293951143,110.6,108.6,99.4,112.543846,111.84653
2024-04-12,127,129,108.3,112.4,117.1,113.9,104.8,98.4,0,1,106.6,13.164345787011182,108.3,117.1,104.8,111.8,10.848963084092413,112.4,113.9,98.4,109.1,9.89331985623525,108.3,117.1,104.8,115.0,11.055415967851127,112.4,113.9,98.4,114.75274,116.04198
2024-04-12,131,98,120.2,107.1,108.9,117.4,99.6,99.3,1,0,118.2,13.330416347586429,120.2,108.9,99.6,97.6,10.11434624679227,107.1,117.4,99.3,123.2,12.505998560690783,120.2,108.9,99.6,101.5,9.16818169298316,107.1,117.4,99.3,120.01423,106.062546
2024-04-12,129,120,112.8,117.9,110.4,115.0,99.2,104.4,0,0,111.4,5.029910535983731,112.8,110.4,99.2,125.6,19.743353311937664,117.9,115.0,104.4,109.5,7.367345368433467,112.8,110.4,99.2,124.2,14.619621518128822,117.9,115.0,104.4,118.07928,114.37931
2024-04-12,111,107,114.1,110.4,109.5,113.3,98.6,99.3,1,0,113.4,8.414273587185027,114.1,109.5,98.6,106.0,11.768602295939743,110.4,113.3,99.3,102.9,14.51014970441187,114.1,109.5,98.6,107.0,10.033277962194873,110.4,113.3,99.3,114.071266,109.78855
2024-04-12,125,103,111.7,109.8,109.9,116.1,98.3,101.7,0,0,108.0,20.481699148264042,111.7,109.9,98.3,101.8,12.235195135346233,109.8,116.1,101.7,106.3,17.378466880341083,111.7,109.9,98.3,109.3,12.996153277027757,109.8,116.1,101.7,114.98588,107.520035
2024-04-12,120,123,104.2,113.6,111.1,113.0,101.0,103.0,0,0,105.4,14.34573107234345,104.2,111.1,101.0,119.0,17.720045146669342,113.6,113.0,103.0,101.8,11.301917241482972,104.2,111.1,101.0,116.9,13.177843357528491,113.6,113.0,103.0,111.154686,117.38562
2024-04-12,109,106,113.1,114.0,106.6,116.1,99.3,102.8,0,0,116.6,14.29335509948589,113.1,106.6,99.3,107.6,7.987490219086373,114.0,116.1,102.8,112.0,13.399834161494548,113.1,106.6,99.3,108.7,8.380532998165119,114.0,116.1,102.8,119.40159,108.54737
2024-04-12,125,107,117.0,116.0,109.8,113.5,102.0,101.9,0,0,122.4,6.804410334481599,117.0,109.8,102.0,109.6,12.136721138759059,116.0,113.5,101.9,119.2,7.983315935958767,117.0,109.8,102.0,110.8,12.172829489390462,116.0,113.5,101.9,121.450294,118.877846
2024-04-12,121,120,107.5,115.6,113.7,110.3,103.5,99.3,0,0,115.8,11.713240371477044,107.5,113.7,103.5,109.0,6.363961030678905,115.6,110.3,99.3,111.2,11.163432367431733,107.5,113.7,103.5,113.2,9.307106006822151,115.6,110.3,99.3,110.79546,120.52676
2024-04-12,89,107,115.2,107.2,113.0,116.1,102.2,102.1,0,1,116.8,17.035257556021865,115.2,113.0,102.2,100.8,8.584870412533872,107.2,116.1,102.1,116.6,11.918239989379579,115.2,113.0,102.2,98.9,8.061568636989163,107.2,116.1,102.1,119.9649,115.15905
2024-04-12,109,114,114.7,115.0,112.2,110.6,101.9,99.9,1,1,118.2,10.848963084092398,114.7,112.2,101.9,116.6,10.40672859259815,115.0,110.6,99.9,116.6,11.936870984009515,114.7,112.2,101.9,115.1,12.33288287465667,115.0,110.6,99.9,116.18994,114.03692
2024-04-12,107,116,105.0,111.5,113.9,110.4,100.3,101.6,1,1,104.6,9.710818709048182,105.0,113.9,100.3,119.2,15.449919093639284,111.5,110.4,101.6,105.6,10.99696927945754,105.0,113.9,100.3,118.9,13.337082806137866,111.5,110.4,101.6,107.485,112.57612
2024-04-12,109,110,116.1,112.0,112.8,116.7,99.4,102.6,0,1,115.4,11.171392035015172,116.1,112.8,99.4,106.8,8.348652585896742,112.0,116.7,102.6,110.6,11.017158334969002,116.1,112.8,99.4,108.6,8.934328302800592,112.0,116.7,102.6,120.5748,112.790085
2024-04-12,107,108,113.8,114.9,112.1,111.9,101.5,100.7,1,0,111.6,13.14534138012398,113.8,112.1,101.5,111.4,11.523888232710336,114.9,111.9,100.7,112.7,13.241768931847693,113.8,112.1,101.5,115.3,11.175866856758779,114.9,111.9,100.7,115.24947,114.13832
2024-04-14,132,122,120.2,108.3,108.9,117.1,99.6,104.8,0,0,120.0,14.525839046333932,120.2,108.9,99.6,113.4,10.50238068249288,108.3,117.1,104.8,124.6,12.51843085658545,120.2,108.9,99.6,113.5,10.73157335467015,108.3,117.1,104.8,132.11438,111.33329
2024-04-14,110,120,112.8,107.1,110.4,117.4,99.2,99.3,0,0,115.0,9.300537618869145,112.8,110.4,99.2,97.6,10.11434624679227,107.1,117.4,99.3,110.3,9.00678756395545,112.8,110.4,99.2,99.9,8.07533969013729,107.1,117.4,99.3,115.66488,107.80623
2024-04-14,157,115,117.9,114.0,115.0,116.1,104.4,102.8,0,0,117.6,12.198360545581526,117.9,115.0,104.4,107.8,7.918333157931691,114.0,116.1,102.8,119.4,9.406853293683763,117.9,115.0,104.4,107.7,8.000694414306315,114.0,116.1,102.8,125.888794,121.41784
2024-04-14,118,103,111.7,109.8,109.9,116.1,98.3,101.7,0,0,114.6,19.32097306038182,111.7,109.9,98.3,103.2,11.798304963002105,109.8,116.1,101.7,107.0,18.030837781731385,111.7,109.9,98.3,106.6,10.844353369380762,109.8,116.1,101.7,115.92132,108.271065
2024-04-14,120,119,114.1,112.4,109.5,113.9,98.6,98.4,0,0,114.4,7.569676347110197,114.1,109.5,98.6,114.2,13.330416347586445,112.4,113.9,98.4,104.8,14.164117417693975,114.1,109.5,98.6,116.6,11.862171433220217,112.4,113.9,98.4,112.69206,109.5557
2024-04-14,113,88,110.6,116.0,108.6,113.5,99.4,101.9,0,0,105.0,10.51189802081433,110.6,108.6,99.4,112.2,8.927485648266316,116.0,113.5,101.9,109.0,8.869423130433436,110.6,108.6,99.4,110.4,12.231107881136367,116.0,113.5,101.9,112.96178,110.771996
2024-04-14,107,86,113.8,110.4,110.7,113.3,100.2,99.3,0,0,111.8,10.756393447619907,113.8,110.7,100.2,105.8,11.73456432936469,110.4,113.3,99.3,109.1,10.34354334301785,113.8,110.7,100.2,107.8,9.635582205785147,110.4,113.3,99.3,116.560005,110.67733
2024-04-14,111,126,104.2,115.6,111.1,110.3,101.0,99.3,0,0,107.0,15.65247584249854,104.2,111.1,101.0,112.0,7.449832212875651,115.6,110.3,99.3,104.6,12.048051940274503,104.2,111.1,101.0,112.5,8.369919686326645,115.6,110.3,99.3,107.56267,114.03248
2024-04-14,106,125,113.1,114.9,106.6,111.9,99.3,100.7,0,0,117.2,13.791301606447425,113.1,106.6,99.3,112.6,10.57355191030903,114.9,111.9,100.7,114.1,10.566719242771423,113.1,106.6,99.3,114.4,11.384199576606154,114.9,111.9,100.7,113.79851,109.44955
2024-04-14,108,124,115.0,113.6,110.6,113.0,99.9,103.0,0,0,105.4,7.635443667528391,115.0,110.6,99.9,116.4,15.404544783926584,113.6,113.0,103.0,110.1,11.493476410555623,115.0,110.6,99.9,118.2,13.062244149541234,113.6,113.0,103.0,116.652596,113.85932
2024-04-14,135,86,117.0,115.2,109.8,113.0,102.0,102.2,0,0,123.6,6.580273550544839,117.0,109.8,102.0,121.0,11.335784048754581,115.2,113.0,102.2,120.5,7.735200923914882,117.0,109.8,102.0,122.1,10.969148655306926,115.2,113.0,102.2,122.38592,118.19443
2024-04-14,123,95,107.5,107.2,113.7,116.1,103.5,102.1,0,0,118.8,10.425929215182679,107.5,113.7,103.5,103.0,8.455767262643851,107.2,116.1,102.1,113.2,10.921945288678616,107.5,113.7,103.5,100.5,7.905694150420871,107.2,116.1,102.1,115.04364,115.57525
2024-04-14,123,116,114.7,112.0,112.2,116.7,101.9,102.6,0,0,117.4,11.45862120850496,114.7,112.2,101.9,109.4,6.308724118235032,112.0,116.7,102.6,114.7,11.42171421265457,114.7,112.2,101.9,109.9,7.950541560869465,112.0,116.7,102.6,119.860504,118.06535
2024-04-14,105,116,116.1,111.5,112.8,110.4,99.4,101.6,0,0,114.0,11.510864433221357,116.1,112.8,99.4,116.0,13.693063937629143,111.5,110.4,101.6,110.3,11.015645439303299,116.1,112.8,99.4,118.7,13.367040726270654,111.5,110.4,101.6,114.892044,112.41043
2024-04-14,121,82,113.8,105.0,112.1,113.9,101.5,100.3,0,0,113.8,10.545141061171247,113.8,112.1,101.5,97.8,11.649034294738792,105.0,113.9,100.3,110.5,12.002314591592677,113.8,112.1,101.5,101.5,10.211649121360196,105.0,113.9,100.3,117.736946,108.53198
2023-12-05,146,122,116.0,114.1,113.5,109.5,101.9,98.6,0,0,108.4,6.228964600958831,116.0,113.5,101.9,113.4,13.183322798141642,114.1,109.5,98.6,115.3,10.995453605922615,116.0,113.5,101.9,115.5,15.834210502018223,114.1,109.5,98.6,115.10394,113.98759
2023-12-04,122,112,117.9,120.2,115.0,108.9,104.4,99.6,0,0,128.4,18.379336223052235,117.9,115.0,104.4,110.6,12.915107432770329,120.2,108.9,99.6,122.9,15.205627613193498,117.9,115.0,104.4,118.0,11.907047399661105,120.2,108.9,99.6,114.18465,125.68165
2023-12-05,106,103,113.6,114.9,113.0,111.9,103.0,100.7,0,0,120.8,17.908098726553867,113.6,113.0,103.0,116.8,10.473776778220918,114.9,111.9,100.7,122.4,12.885823390239414,113.6,113.0,103.0,115.7,11.813833698959279,114.9,111.9,100.7,118.75857,116.20716
2023-12-04,117,127,113.8,115.0,112.1,110.6,101.5,99.9,0,0,117.4,8.87693640846885,113.8,112.1,101.5,117.2,10.08464178838296,115.0,110.6,99.9,110.6,12.094075684675932,113.8,112.1,101.5,112.6,9.045563676312423,115.0,110.6,99.9,114.6135,113.473656
2023-12-06,121,111,112.8,110.6,110.4,108.6,99.2,99.4,0,0,116.2,7.791020472312991,112.8,110.4,99.2,110.0,7.416198487095651,110.6,108.6,99.4,111.5,7.919736247011175,112.8,110.4,99.2,104.9,13.947919000497652,110.6,108.6,99.4,112.44159,111.48148
2023-12-06,102,116,107.2,104.2,116.1,111.1,102.1,101.0,0,0,103.8,2.774887385102324,107.2,116.1,102.1,102.0,9.460443964212276,104.2,111.1,101.0,106.6,8.395766128763222,107.2,116.1,102.1,104.4,9.640193635676376,104.2,111.1,101.0,110.60943,111.13989
2023-12-06,103,112,109.8,111.7,116.1,109.9,101.7,98.3,0,0,117.0,11.247221879201964,109.8,116.1,101.7,115.4,4.979959839195467,111.7,109.9,98.3,106.6,14.151560573543355,109.8,116.1,101.7,108.8,9.040648944258988,111.7,109.9,98.3,110.20403,115.85944
2023-12-06,126,131,108.3,113.8,117.1,110.7,104.8,100.2,0,0,114.6,10.064790112068861,108.3,117.1,104.8,121.4,11.802542099056476,113.8,110.7,100.2,111.4,11.167412910388517,108.3,117.1,104.8,112.5,14.167647024902216,113.8,110.7,100.2,114.98846,117.58862
2023-12-06,113,114,114.0,110.4,116.1,113.3,102.8,99.3,0,0,116.4,5.272570530585567,114.0,116.1,102.8,104.4,13.86722755275899,110.4,113.3,99.3,116.9,8.006247560499279,114.0,116.1,102.8,104.4,10.782702196882946,110.4,113.3,99.3,119.46779,114.455864
2023-12-06,102,94,113.1,107.5,106.6,113.7,99.3,103.5,0,0,118.2,12.437845472588863,113.1,106.6,99.3,105.0,10.839741694339384,107.5,113.7,103.5,112.8,10.695793565696777,113.1,106.6,99.3,109.5,12.094535037684535,107.5,113.7,103.5,119.40585,107.81182
2023-12-06,111,100,112.4,107.1,113.9,117.4,98.4,99.3,0,0,111.2,9.70566844684075,112.4,113.9,98.4,103.2,13.44247001112522,107.1,117.4,99.3,110.9,10.5351264296585,112.4,113.9,98.4,101.3,10.187683195353337,107.1,117.4,99.3,111.66821,108.08836
2023-12-06,110,101,111.5,117.0,110.4,109.8,101.6,102.0,0,0,109.8,5.2153619241620435,111.5,110.4,101.6,110.2,8.043631020876072,117.0,109.8,102.0,119.1,13.535549900580683,111.5,110.4,101.6,113.2,10.972693379476171,117.0,109.8,102.0,116.49622,118.410515
2023-12-06,147,97,115.2,112.0,113.0,116.7,102.2,102.6,0,0,113.2,21.05231578710523,115.2,113.0,102.2,108.8,5.215361924162158,112.0,116.7,102.6,113.2,14.46682027568219,115.2,113.0,102.2,110.8,8.0938934457474,112.0,116.7,102.6,119.94904,119.476006
2023-12-06,110,106,114.7,105.0,112.2,113.9,101.9,100.3,0,0,119.6,11.216059914247948,114.7,112.2,101.9,97.8,11.649034294738792,105.0,113.9,100.3,117.3,9.78717982305874,114.7,112.2,101.9,98.3,10.853058964590927,105.0,113.9,100.3,119.323105,109.740875
2023-12-06,111,102,116.1,115.6,112.8,110.3,99.4,99.3,0,0,114.6,10.784247771634348,116.1,112.8,99.4,114.2,9.808159868191368,115.6,110.3,99.3,109.1,10.857153299911387,116.1,112.8,99.4,113.2,9.223159256278157,115.6,110.3,99.3,113.908165,113.31161
2023-12-08,119,116,107.1,109.8,117.4,116.1,99.3,101.7,0,0,107.2,14.73770674155242,107.1,117.4,99.3,102.0,11.357816691600553,109.8,116.1,101.7,107.5,12.195172086617843,107.1,117.4,99.3,105.6,10.647900158142821,109.8,116.1,101.7,110.833275,109.952484
2023-12-08,123,91,110.6,107.2,108.6,116.1,99.4,102.1,0,0,109.0,8.396427811873346,110.6,108.6,99.4,99.4,6.804410334481563,107.2,116.1,102.1,108.9,8.812238963825058,110.6,108.6,99.4,99.0,7.302967433402108,107.2,116.1,102.1,115.09758,107.1317
2023-12-08,125,114,113.8,114.0,110.7,116.1,100.2,102.8,0,0,113.6,8.354639429682196,113.8,110.7,100.2,107.8,7.918333157931691,114.0,116.1,102.8,110.0,9.637888196533979,113.8,110.7,100.2,109.3,7.6601421512775385,114.0,116.1,102.8,118.75252,112.586426
2023-12-08,124,97,110.4,108.3,113.3,117.1,99.3,104.8,0,0,103.0,15.247950681976896,110.4,113.3,99.3,114.0,10.977249200050057,108.3,117.1,104.8,105.9,13.649989824986024,110.4,113.3,99.3,112.6,9.39503414930817,108.3,117.1,104.8,117.548134,113.779564
2023-12-08,99,111,111.7,112.8,109.9,110.4,98.3,99.2,0,0,109.8,12.637246535539298,111.7,109.9,98.3,109.2,13.718600511714001,112.8,110.4,99.2,108.0,18.366636418607904,111.7,109.9,98.3,104.3,13.004700005083684,112.8,110.4,99.2,110.50355,110.42873
2023-12-08,103,127,104.2,113.1,111.1,106.6,101.0,99.3,0,0,104.4,12.973048986263805,104.2,111.1,101.0,109.2,14.498275759551547,113.1,106.6,99.3,105.7,12.083505745896252,104.2,111.1,101.0,110.9,10.681760154581296,113.1,106.6,99.3,106.812836,112.75186
2023-12-08,138,136,117.0,114.7,109.8,112.2,102.0,101.9,0,0,125.4,8.38450952650183,117.0,109.8,102.0,118.0,15.411035007422466,114.7,112.2,101.9,123.3,7.364328437361728,117.0,109.8,102.0,115.7,12.401164819842144,114.7,112.2,101.9,117.63592,117.4689
2023-12-08,112,121,107.5,112.4,113.7,113.9,103.5,98.4,0,0,122.6,6.348228099241528,107.5,113.7,103.5,116.4,12.953763931769016,112.4,113.9,98.4,114.9,10.999494937900053,107.5,113.7,103.5,116.6,11.862171433220217,112.4,113.9,98.4,113.452065,116.542915
2023-12-08,106,114,115.6,111.5,110.3,110.4,99.3,101.6,0,0,119.2,17.18138527593163,115.6,110.3,99.3,119.0,10.95445115010331,111.5,110.4,101.6,120.1,16.106934324486907,115.6,110.3,99.3,118.0,13.299958228840016,111.5,110.4,101.6,115.08467,111.71728
2023-12-08,103,117,112.0,116.1,116.7,112.8,102.6,99.4,0,0,108.6,11.414902540100824,112.0,116.7,102.6,107.6,13.464768843169928,116.1,112.8,99.4,108.3,9.821178929005915,112.0,116.7,102.6,113.1,12.26965543299575,116.1,112.8,99.4,114.81676,120.821655
2023-12-08,112,125,105.0,115.2,113.9,113.0,100.3,102.2,0,0,105.4,9.710818709048182,105.0,113.9,100.3,111.8,17.282939564784655,115.2,113.0,102.2,105.6,10.99696927945754,105.0,113.9,100.3,116.5,13.648361725048835,115.2,113.0,102.2,111.19103,113.19459
2023-12-08,133,123,120.2,114.1,108.9,109.5,99.6,98.6,0,0,119.4,13.794926603646699,120.2,108.9,99.6,118.0,10.677078252031365,114.1,109.5,98.6,124.0,11.935009193312094,120.2,108.9,99.6,117.9,14.662499407975814,114.1,109.5,98.6,113.185104,111.67342
2023-12-08,106,114,114.9,113.8,111.9,112.1,100.7,101.5,0,0,108.8,15.642889758609197,114.9,111.9,100.7,106.0,3.7416573867738148,113.8,112.1,101.5,110.5,11.14799433879384,114.9,111.9,100.7,110.5,11.345581616744992,113.8,112.1,101.5,115.50717,112.00305
2023-12-07,119,128,116.0,117.9,113.5,115.0,101.9,104.4,0,0,117.4,16.65232716469379,116.0,113.5,101.9,120.6,16.50151508195535,117.9,115.0,104.4,118.5,14.630637564903013,116.0,113.5,101.9,122.5,13.938356351370103,117.9,115.0,104.4,122.520775,121.224785
2023-12-07,133,89,113.6,115.0,113.0,110.6,103.0,99.9,0,0,121.8,16.619265928433787,113.6,113.0,103.0,119.8,10.709808588392224,115.0,110.6,99.9,121.0,13.896442390450446,113.6,113.0,103.0,115.0,9.392668535736906,115.0,110.6,99.9,116.98424,115.576065
2024-11-12,116,117,117.5,111.9,108.3,112.9,98.2,105.1,0,0,125.8,10.034938963441652,120.2,108.9,99.6,108.0,8.093207028119352,114.0,116.1,102.8,123.3,11.065963833103533,120.2,108.9,99.6,110.5,7.321960878829671,114.0,116.1,102.8,126.43207,110.75618
2024-11-12,123,121,112.0,110.8,110.2,110.3,102.5,98.5,0,0,103.6,2.8809720581775884,107.2,116.1,102.1,116.4,2.9664793948382204,111.7,109.9,98.3,104.4,5.815687596683763,107.2,116.1,102.1,109.2,9.089676684141189,111.7,109.9,98.3,110.01805,114.43891
2024-11-12,114,89,106.5,104.0,106.6,113.0,98.7,100.7,0,0,114.2,7.049822692805842,110.6,108.6,99.4,105.0,11.91637528781302,107.1,117.4,99.3,110.1,9.882082551545327,110.6,108.6,99.4,101.3,10.187683195353337,107.1,117.4,99.3,113.16941,104.44127
2024-11-12,99,111,109.0,115.0,115.2,110.9,99.9,99.7,0,0,117.2,8.671793355471547,113.8,110.7,100.2,122.6,3.5777087639998246,114.1,109.5,98.6,110.4,10.211105065891097,113.8,110.7,100.2,118.3,14.750141242261678,114.1,109.5,98.6,110.55592,111.85503
2024-11-12,99,85,113.6,107.6,111.2,111.8,101.3,102.3,0,0,119.0,16.263455967290557,116.0,113.5,101.9,108.2,7.596051605933184,109.8,116.1,101.7,116.4,12.56273147934869,116.0,113.5,101.9,105.4,10.405126941400901,109.8,116.1,101.7,121.706116,114.60558
2024-11-12,112,120,107.8,113.7,116.8,116.7,103.1,99.2,0,0,107.0,11.554220008291352,112.0,116.7,102.6,116.8,10.473776778220918,114.9,111.9,100.7,107.9,9.960477453973041,112.0,116.7,102.6,115.3,12.202458768625254,114.9,111.9,100.7,114.90793,117.94618
2024-11-12,120,117,112.0,112.1,108.7,113.3,101.4,101.6,0,0,114.2,6.058052492344355,114.7,112.2,101.9,115.4,17.89692711054048,115.2,113.0,102.2,118.0,8.85688683705756,114.7,112.2,101.9,116.3,13.491149362122984,115.2,113.0,102.2,118.42346,110.8317
2024-11-12,122,108,108.1,113.6,111.0,108.7,102.1,99.8,0,0,104.4,8.384509526501846,105.0,113.9,100.3,111.8,16.58915308266218,113.1,106.6,99.3,104.0,8.178562764256867,105.0,113.9,100.3,112.3,11.84201559420245,113.1,106.6,99.3,108.5257,115.90267
2024-11-15,111,124,114.1,110.8,111.9,110.3,101.9,98.5,0,0,131.0,15.668439615992398,117.9,115.0,104.4,116.8,3.4928498393145593,111.52000000000001,109.98000000000002,98.34,122.8,15.208184930782842,117.9,115.0,104.4,111.3,9.153627089240977,111.60999999999999,109.94000000000001,98.32,114.32264,117.10918
2024-11-15,98,86,106.5,109.0,106.6,115.2,98.7,99.9,0,0,113.4,6.730527468185552,109.78,108.2,99.26000000000002,124.8,11.584472366059684,113.8,110.7,100.2,110.3,9.944847912361508,110.19000000000001,108.4,99.33000000000001,115.1,14.999629625056999,113.8,110.7,100.2,111.67076,106.49649
2024-11-15,95,99,107.6,112.0,111.8,110.2,102.3,102.5,0,0,117.4,10.54988151592232,109.8,116.1,101.7,99.6,6.465291950097804,107.2,116.1,102.1,107.1,13.90003996796812,109.8,116.1,101.7,98.7,7.587270040447028,107.2,116.1,102.1,116.99389,115.98441
2024-11-15,129,117,111.9,103.9,112.9,115.9,105.1,103.7,0,0,114.4,3.847076812334155,114.0,116.1,102.8,113.8,11.344602240713405,108.3,117.1,104.8,117.0,7.944250191875366,114.0,116.1,102.8,110.8,10.538817137927165,108.3,117.1,104.8,126.63386,116.20342
2024-11-15,144,126,119.1,111.9,109.8,113.4,102.0,104.9,0,0,117.4,8.01872807869179,112.8,110.4,99.2,118.8,12.336936410632903,112.4,113.9,98.4,113.1,8.075339690137602,112.8,110.4,99.2,116.2,11.612254063894715,112.4,113.9,98.4,125.24858,116.40119
2024-11-15,124,122,115.0,105.7,110.9,112.8,99.7,99.0,0,0,117.4,5.639148871948635,114.1,109.5,98.6,108.0,13.472193585307416,110.4,113.3,99.3,106.9,14.753154088382434,114.1,109.5,98.6,105.2,11.203174153386575,110.4,113.3,99.3,116.66298,110.6728
2024-11-15,115,120,111.7,113.4,114.4,112.2,101.7,99.7,0,0,119.0,6.204836822995403,107.5,113.7,103.5,123.2,4.438468204234391,113.6,113.0,103.0,113.9,10.733643887846808,107.5,113.7,103.5,119.3,13.038830895103782,113.6,113.0,103.0,113.27926,116.64613
2024-11-15,125,104,111.4,112.4,107.0,107.8,102.1,99.8,0,0,109.8,5.2153619241620435,111.5,110.4,101.6,109.4,14.117365193264627,116.1,112.8,99.4,118.5,13.818264885449373,111.5,110.4,101.6,112.6,11.96476307979198,116.1,112.8,99.4,112.11506,109.96701
2024-11-15,101,94,107.6,117.2,116.9,113.4,101.7,102.1,0,0,105.6,7.700649323271345,115.0,110.6,99.9,111.8,11.23387733598688,115.6,110.3,99.3,108.0,9.38083151964673,115.0,110.6,99.9,111.0,8.981462390205138,115.6,110.3,99.3,114.171646,118.09239
2024-11-15,99,83,117.3,113.7,104.8,116.7,102.6,99.2,0,0,127.4,10.163660757817526,117.0,109.8,102.0,116.0,9.924716620639591,114.66,112.86000000000001,100.4,124.7,8.718435129718687,117.0,109.8,102.0,114.4,11.384199576606152,114.78000000000002,112.38,100.55,119.48535,109.88325
2024-11-15,123,118,112.0,114.4,108.7,109.9,101.4,106.2,0,0,116.0,6.2048368229954,114.16,111.5,101.8,104.6,11.392980294900912,104.2,111.1,101.0,117.5,8.553751613570844,114.42999999999999,111.85,101.85000000000001,104.5,9.76672354932251,104.2,111.1,101.0,119.72442,111.157326
2024-11-15,126,130,113.8,113.6,113.3,108.7,100.7,99.8,0,0,115.4,7.127411872482177,113.8,112.1,101.5,111.2,16.679328523654664,113.2,107.02000000000001,99.4,113.2,10.031062866028927,113.8,112.1,101.5,112.7,11.595497210363868,113.15,106.80999999999999,99.35,113.55766,112.147804
2024-11-19,120,117,117.5,119.1,108.3,109.8,98.2,102.0,0,0,124.2,10.986355173577788,119.66000000000001,108.78000000000002,99.32,111.2,12.930583900195677,112.8,110.4,99.2,122.2,11.203174153386675,119.93000000000002,108.84,99.46,105.1,13.160969231447663,112.8,110.4,99.2,113.38821,108.39243
2024-11-19,116,115,105.7,104.0,112.8,113.0,99.0,100.7,0,0,107.0,17.958284996067963,110.4,113.3,99.3,104.4,12.778888840583944,106.47999999999999,116.52000000000001,99.58,106.9,14.639748024546801,110.4,113.3,99.3,100.5,10.855106325288988,106.78999999999999,116.96,99.44,110.65567,108.0988
2024-11-19,110,122,114.4,117.2,109.9,113.4,106.2,102.1,0,0,103.4,12.817956155331487,104.2,111.1,101.0,110.6,12.992305415129358,115.92,110.92,99.85999999999999,106.8,11.163432367431572,104.2,111.1,101.0,110.4,9.94652368083121,115.76000000000002,110.60999999999999,99.58,114.45027,118.28982
2024-11-19,132,91,112.1,107.6,113.3,116.9,101.6,101.7,0,0,120.0,25.903667693977237,115.2,113.0,102.2,115.0,17.64936259472279,115.0,110.6,99.9,116.3,18.01881732461317,115.2,113.0,102.2,112.3,12.454807193297807,115.0,110.6,99.9,115.867226,113.946396
2024-11-19,110,104,111.7,117.3,114.4,104.8,101.7,102.6,0,0,119.4,5.770615218501377,108.33999999999999,113.84,103.14000000000001,107.8,8.757853618324518,117.0,109.8,102.0,114.7,10.456789394668158,107.92,113.77000000000001,103.32000000000001,110.5,10.222524150130505,117.0,109.8,102.0,111.63137,120.4207
2024-11-19,124,118,113.4,107.8,112.2,116.8,99.7,103.1,0,0,118.4,9.710818709048178,113.6,113.0,103.0,107.0,7.48331477354791,112.0,116.7,102.6,122.0,14.406788523316095,113.6,113.0,103.0,108.5,8.449194570424474,112.0,116.7,102.6,123.30587,111.613976
2024-11-22,113,98,109.0,105.7,115.2,112.8,99.9,99.0,0,0,115.2,11.670475568716148,112.84,111.6,100.14,108.0,13.472193585307416,109.46,113.2,99.24000000000001,109.4,10.834102536794536,113.31999999999998,111.15,100.17,107.4,12.185601704014767,109.92999999999999,113.25,99.27,113.94545,108.65146
2024-11-22,96,108,103.9,117.5,115.9,108.3,103.7,98.2,0,0,118.4,10.064790112068861,108.3,117.1,104.8,109.4,12.320714265009126,120.2,108.9,99.6,112.6,12.08488495784902,108.3,117.1,104.8,117.1,11.994906326344388,120.2,108.9,99.6,109.426155,123.59715
2024-11-22,129,117,113.6,114.1,111.2,111.9,101.3,101.9,0,0,117.0,18.289341158171847,115.52000000000001,113.04,101.78,119.6,15.693947878083446,117.9,115.0,104.4,114.8,13.725887949418675,115.75999999999999,113.27000000000001,101.84,124.2,13.406466101599454,117.9,115.0,104.4,119.42958,116.11573
2024-11-22,136,122,111.9,111.9,113.4,112.9,104.9,105.1,0,0,112.4,9.09945053286187,112.4,113.9,98.4,112.4,4.393176527297811,113.58000000000001,115.46,103.25999999999999,112.8,8.20298048814509,112.4,113.9,98.4,110.0,6.582805886043915,113.78999999999999,115.78,103.03,125.28563,119.21101
2024-11-22,116,88,111.4,108.1,107.0,111.0,102.1,102.1,0,0,113.4,8.17312669668097,111.47999999999999,109.72,101.69999999999999,98.4,12.054044964243351,105.0,113.9,100.3,117.5,12.817089286486874,111.49000000000001,110.06000000000002,101.65,98.2,10.76826613506344,105.0,113.9,100.3,117.831635,109.71247
2024-11-22,108,112,107.6,112.0,116.9,108.7,101.7,101.4,0,0,107.4,3.7815340802377357,113.52000000000001,111.85999999999999,100.26,121.8,17.32628061645086,114.7,112.2,101.9,108.6,8.617811013631275,114.25999999999999,111.22999999999999,100.08000000000001,116.5,13.492796432006132,114.7,112.2,101.9,112.33327,113.558655
2024-11-22,120,123,117.2,112.1,113.4,113.3,102.1,101.6,0,0,120.8,14.939879517586485,115.6,110.3,99.3,113.8,17.166828478201758,114.58,113.06000000000002,102.08000000000001,116.5,14.623041179362598,115.6,110.3,99.3,116.1,13.461467643281376,114.89000000000001,113.03,102.14,119.49728,115.41729
2024-11-22,104,88,112.4,113.8,107.8,113.3,99.8,100.7,0,0,110.6,5.6833088953531625,116.1,112.8,99.4,107.0,5.147815070493408,113.8,112.1,101.5,110.2,10.379466909881858,116.1,112.8,99.4,112.3,10.15491123655062,113.8,112.1,101.5,113.50571,105.62966
2024-11-26,108,127,103.9,111.9,115.9,113.4,103.7,104.9,0,0,114.2,14.28985654231697,107.42,116.85999999999999,104.58,124.4,4.219004621945784,112.3,113.8,99.7,111.3,13.16603374006179,107.85999999999999,116.97999999999999,104.69000000000001,118.6,10.80329167944219,112.35,113.85,99.05,115.02617,119.61164
2024-11-26,103,106,110.8,113.6,110.3,111.2,98.5,101.3,0,0,107.8,13.553597308463905,111.7,109.9,98.3,106.0,12.90348790056398,116.0,113.5,101.9,109.1,17.336217708728896,111.7,109.9,98.3,107.9,14.059002651523713,116.0,113.5,101.9,113.09086,110.52371
2024-11-26,111,117,113.6,111.4,108.7,107.0,99.8,102.1,0,0,116.0,14.404860290887909,113.1,106.6,99.3,120.6,8.988882021697677,111.5,110.4,101.6,111.8,11.232888220657168,113.1,106.6,99.3,118.2,13.214470183182625,111.5,110.4,101.6,114.53178,110.94608
2024-11-26,115,128,107.8,111.7,116.8,114.4,103.1,101.7,0,0,109.4,10.968135666557021,111.16,116.72,102.7,100.2,8.757853618324507,107.5,113.7,103.5,106.7,8.407007658957598,111.58,116.71,102.65,108.0,13.055437351710815,107.5,113.7,103.5,116.72778,113.906395
2024-11-26,127,100,113.7,113.4,116.7,112.2,99.2,99.7,0,0,104.4,11.414902540100833,114.9,111.9,100.7,124.0,2.9154759474225904,113.55999999999999,112.84,102.34,110.2,11.232888220657209,114.9,111.9,100.7,119.7,12.987600924642683,113.58,112.92,102.67,115.425385,113.07674
2024-11-29,98,99,104.0,115.0,113.0,110.9,100.7,99.7,0,0,110.2,15.433729296576367,107.1,117.4,99.3,120.4,6.348228099241643,114.28,109.78,98.82000000000001,108.4,12.72093637364102,107.1,117.4,99.3,119.4,13.599019572503586,114.18999999999998,109.64000000000001,98.71,107.75004,116.1776
2024-11-29,117,101,111.9,119.1,112.9,109.8,105.1,102.0,0,0,117.6,7.402702209328665,113.58,115.46,103.25999999999999,108.8,9.444575162494056,114.05999999999999,110.28000000000002,99.75999999999999,119.6,7.058485830702136,113.78999999999999,115.78,103.03,106.0,13.67885635245548,113.42999999999999,110.34,99.47999999999999,117.41067,121.32287
2024-11-29,120,109,114.4,107.6,109.9,116.9,106.2,101.7,0,0,106.2,12.316655390161744,106.24000000000001,110.85999999999999,102.04,111.2,20.765355763867856,113.52000000000001,111.85999999999999,100.26,106.9,11.189777080492163,105.22,110.97999999999999,101.52,111.0,14.00000000000003,114.25999999999999,111.22999999999999,100.08,113.712166,115.587845
2024-11-29,100,123,105.7,106.5,112.8,106.6,99.0,98.7,0,0,107.2,18.07484439767047,109.46,113.2,99.24000000000001,108.8,6.418722614352472,110.6,108.6,99.4,108.3,14.787757699454554,109.92999999999999,113.25,99.27,106.8,13.273197722394423,110.6,108.6,99.4,107.4954,110.83818
2024-11-29,93,92,113.6,112.4,108.7,107.8,99.8,99.8,0,0,111.6,10.830512453249813,113.2,107.02000000000001,99.4,110.2,13.55359730846389,115.35999999999999,111.8,99.48,112.5,10.906165432655287,113.15,106.80999999999999,99.35,110.4,11.226951698677711,115.73000000000002,112.3,99.44000000000001,114.32403,111.19626
2024-11-29,106,130,114.1,112.0,111.9,110.2,101.9,102.5,0,0,126.6,17.896927110540513,117.14000000000001,114.38,103.9,98.8,6.180614856144934,108.16,114.92,102.17999999999999,122.8,15.208184930782842,117.52000000000001,114.69000000000001,104.15,98.7,7.587270040447028,107.67999999999999,115.51000000000002,102.14,122.195854,116.649055
2024-11-29,121,111,110.8,107.6,110.3,111.8,98.5,102.3,0,0,107.4,13.685759021698432,111.52000000000001,109.97999999999999,98.34,101.8,11.031772296417294,109.35999999999999,115.23999999999998,101.82000000000001,110.6,15.896889982355416,111.60999999999999,109.94000000000001,98.32,102.0,11.005049346146162,109.58,115.67,101.76,116.05221,107.441284
2024-11-29,129,138,111.9,117.5,113.4,108.3,104.9,98.2,0,0,114.6,13.277801022759762,112.3,113.8,99.7,106.6,10.13903348450923,119.66000000000001,108.78000000000002,99.32,115.3,10.944811048569504,112.35,113.85,99.05,115.6,12.112436217008968,119.93000000000002,108.84,99.46,113.69011,121.50528
2024-11-29,93,101,113.4,117.3,112.2,104.8,99.7,102.6,0,0,120.0,9.874208829065756,113.55999999999999,112.84,102.34,107.6,8.848728722251566,117.05999999999999,108.8,102.11999999999999,122.4,14.400617270720533,113.58,112.92,102.67,109.1,10.03826014141239,117.03,109.3,102.05999999999999,115.232635,110.937515
2024-11-29,115,106,108.1,113.8,111.0,113.3,102.1,100.7,0,0,106.6,11.436782764396648,105.62,113.32000000000001,100.66,102.8,9.679876032264001,113.8,112.33999999999999,101.34,106.3,9.707385504518337,105.30999999999999,113.61000000000001,100.47999999999999,108.7,11.795008360413396,113.8,112.22,101.42,111.72813,115.46261
2024-12-03,104,110,104.0,109.0,113.0,115.2,100.7,99.9,0,0,112.6,11.036303729057098,106.47999999999999,116.52000000000001,99.58000000000001,115.0,19.091883092036795,112.84,111.6,100.14000000000001,108.6,12.518430856585503,106.79,116.96,99.44,113.5,17.238522751867837,113.32000000000001,111.15,100.16999999999999,110.155624,117.37212
2024-12-03,118,87,119.1,103.9,109.8,115.9,102.0,103.7,0,0,122.8,14.30734077318354,114.05999999999999,110.28,99.76,115.8,10.709808588392214,107.42,116.85999999999999,104.58,116.2,12.6736822676846,113.42999999999999,110.34,99.47999999999999,111.0,10.645812948447569,107.85999999999999,116.97999999999999,104.69000000000001,128.53606,112.45334
2024-12-03,107,128,112.0,113.6,110.2,111.2,102.5,101.3,0,0,107.8,8.92748564826626,108.16,114.92,102.17999999999999,107.2,12.477980605851295,115.52000000000001,113.04,101.78,105.3,7.818070236459971,107.67999999999999,115.50999999999999,102.13999999999999,109.5,12.633729105497986,115.75999999999999,113.27000000000001,101.84,113.571075,118.68404
2024-12-03,121,106,115.0,106.5,110.9,106.6,99.7,98.7,0,0,117.4,5.639148871948635,114.28,109.78,98.82000000000001,110.4,8.876936408468847,109.78,108.2,99.26000000000002,109.3,15.44200620241928,114.18999999999998,109.64000000000001,98.71,109.0,14.00793425963374,110.18999999999998,108.4,99.33000000000001,109.375916,109.145805
2024-12-03,122,111,107.6,114.1,111.8,111.9,102.3,101.9,0,0,112.4,14.27585373979432,109.35999999999999,115.23999999999998,101.82000000000001,123.2,11.211601134539167,117.14000000000001,114.38,103.9,106.3,14.384018909887462,109.58,115.67,101.76,123.8,13.571211359999506,117.52000000000001,114.69000000000001,104.15,114.060326,120.78463
2024-12-03,133,106,117.3,107.8,104.8,116.8,102.6,103.1,0,0,124.8,15.401298646542761,117.05999999999999,108.8,102.11999999999999,110.2,8.197560612767703,111.16,116.72,102.7,123.5,11.266962520770443,117.03,109.3,102.05999999999999,108.2,7.9972217398017085,111.58,116.71,102.65,125.81583,110.721016
2024-12-03,121,116,112.1,114.4,113.3,109.9,101.6,106.2,0,0,124.8,25.341665296503308,114.58,113.05999999999999,102.08,110.6,7.797435475847205,106.24000000000001,110.85999999999999,102.03999999999999,117.5,18.680054722736948,114.89000000000001,113.03,102.14000000000001,107.0,9.695359714832806,105.22,110.97999999999999,101.52000000000001,117.52178,113.032135
2024-12-03,104,93,113.7,111.7,116.7,114.4,99.2,101.7,0,0,105.4,13.390294993016415,114.66000000000001,112.86000000000001,100.4,104.8,15.417522498767422,108.34,113.84,103.14000000000001,111.9,12.422649565299022,114.78000000000002,112.38,100.55,110.3,14.422590305181382,107.92,113.77000000000001,103.32000000000001,114.93302,110.93843
2024-12-03,119,115,117.2,112.0,113.4,108.7,102.1,101.4,0,0,118.8,14.042791745233572,115.91999999999999,110.92,99.85999999999999,123.0,16.124515496597123,114.16000000000001,111.5,101.8,116.0,14.383632673594311,115.75999999999999,110.60999999999999,99.58000000000001,116.7,13.400248753910079,114.43000000000002,111.85,101.85000000000001,115.50843,115.36731
2024-12-03,120,111,113.8,111.4,113.3,107.0,100.7,102.1,0,0,118.8,7.362064927722376,113.8,112.33999999999999,101.34,116.8,2.588435821108894,111.47999999999999,109.72,101.69999999999999,113.7,10.573026477262363,113.8,112.22,101.42,119.6,12.121606054204781,111.49000000000001,110.06000000000002,101.65,115.10791,114.83633
2024-12-03,127,105,112.4,108.1,107.8,111.0,99.8,102.1,0,0,107.4,2.8809720581776506,115.35999999999999,111.8,99.48,98.2,12.255610959882844,105.62,113.32000000000001,100.66,111.3,8.819800955173998,115.73000000000002,112.3,99.44000000000001,96.3,10.719141756689224,105.30999999999999,113.61000000000001,100.47999999999999,115.55155,107.69931
2024-10-22,132,109,117.5,115.0,108.3,110.9,98.2,99.7,0,0,126.4,7.829431652425317,119.12,108.66,99.04,114.6,9.914635646356407,114.46,110.05999999999999,99.03999999999999,122.3,11.175866856758812,119.66000000000001,108.78,99.32000000000001,114.8,11.612254063895024,114.28,109.78,98.82,113.70801,111.369675
2024-10-22,110,103,113.4,113.6,112.2,108.7,99.7,99.8,0,0,115.2,15.770225109363535,113.52000000000001,112.67999999999999,101.67999999999999,119.8,11.300442469213321,113.3,107.43999999999998,99.5,119.6,17.16067856726202,113.55999999999999,112.84,102.34,114.8,12.69995625539276,113.2,107.02000000000001,99.4,112.97322,113.47089
2024-10-23,109,115,112.0,114.1,110.2,111.9,102.5,101.9,0,0,109.0,8.154753215150048,109.12,113.73999999999998,102.26,123.2,11.211601134539167,116.38000000000002,113.75999999999999,103.4,104.7,7.379400758568047,108.16000000000001,114.92,102.17999999999999,122.7,14.1660784191596,117.14000000000001,114.38,103.9,115.72482,119.72656
2024-10-23,120,116,111.9,105.7,112.9,112.8,105.1,99.0,0,0,116.8,7.155417527999285,113.16000000000001,114.82000000000001,103.71999999999998,105.4,13.992855319769376,108.52000000000001,113.1,99.17999999999999,118.1,5.566766466171318,113.58,115.46,103.25999999999999,105.7,12.193349735727907,109.46000000000001,113.2,99.24,115.694664,109.72572
2024-10-23,97,116,110.8,106.5,110.3,106.6,98.5,98.7,0,0,113.2,11.497825881443848,111.34,110.06000000000002,98.38,110.4,8.876936408468847,108.96,107.8,99.12,110.6,15.896889982355416,111.52000000000001,109.97999999999999,98.34,107.7,13.573258022056901,109.78,108.2,99.26,109.44494,107.90344
2024-10-23,109,124,109.0,113.6,115.2,111.2,99.9,101.3,0,0,113.8,11.366617790706279,111.88,112.5,100.08000000000001,108.4,14.397916515940805,115.04,112.58,101.66,111.2,9.600925881277183,112.84,111.6,100.14,110.1,13.41185213823109,115.51999999999998,113.03999999999999,101.78,114.52824,110.90813
2024-10-23,106,136,107.6,119.1,111.8,109.8,102.3,102.0,0,0,114.6,14.842506526863966,108.92,114.38,101.94,108.8,9.444575162494056,115.32000000000001,110.16,100.32000000000001,109.6,13.745302227791623,109.35999999999999,115.23999999999998,101.82000000000001,107.0,12.797569213634977,114.05999999999999,110.28000000000002,99.76,113.45649,120.691055
2024-10-23,105,110,111.4,104.0,107.0,113.0,102.1,100.7,0,0,114.6,7.987490219086292,111.46,109.04,101.8,104.4,12.778888840583944,105.85999999999999,115.64000000000001,99.85999999999999,117.4,12.825322174857353,111.47999999999999,109.72,101.69999999999999,101.0,11.440668201153493,106.47999999999999,116.52000000000001,99.58,117.31885,105.80252
2024-10-23,123,111,107.6,111.9,116.9,113.4,101.7,104.9,0,0,106.8,3.2710854467591433,112.04,113.11999999999998,100.62,124.4,4.219004621945784,112.2,113.7,101.00000000000001,108.2,8.534895690308238,113.51999999999998,111.85999999999999,100.26000000000002,118.1,10.213825053436944,112.3,113.8,99.7,119.5047,115.53112
2024-10-23,124,126,107.8,114.4,116.8,109.9,103.1,106.2,0,0,109.8,11.166915420114913,110.32000000000001,116.74000000000001,102.8,111.8,8.13633824272323,108.28,110.62,103.08,108.2,8.41691418777919,111.16,116.72,102.7,107.5,10.047111248734508,106.24000000000001,110.85999999999999,102.03999999999999,118.05388,114.12111
2024-10-23,113,116,112.4,113.7,107.8,116.7,99.8,99.2,0,0,111.2,9.284395510748148,114.62,110.8,99.56,107.8,16.452963258939096,114.42,113.82000000000001,100.1,113.3,9.933668898135139,115.35999999999999,111.8,99.48,109.6,13.5252849631102,114.66000000000001,112.86000000000001,100.4,115.65834,108.32193
2024-10-23,104,140,108.1,112.0,111.0,108.7,102.1,101.4,0,0,109.6,11.23832727766905,106.24000000000001,112.74000000000001,101.02,119.4,15.32318504750239,113.62,110.8,101.70000000000002,107.2,10.086294331087728,105.62,113.32000000000001,100.66,116.9,13.353734392379693,114.16000000000001,111.5,101.80000000000001,112.68071,115.66625
2024-10-24,102,122,103.9,117.5,115.9,108.3,103.7,98.2,0,0,111.8,14.078352176302422,106.54,116.62,104.35999999999999,113.4,17.023513150933308,119.12,108.66,99.04,110.9,13.203114110777925,107.42,116.85999999999999,104.58,116.4,13.368287516025013,119.66000000000001,108.78,99.32000000000001,108.314926,123.85318
2024-10-24,120,109,112.1,111.7,113.3,114.4,101.6,101.7,0,0,127.2,24.004166305039632,113.96,113.12,101.96000000000001,101.2,15.706686474237642,109.17999999999999,113.97999999999999,102.78,118.2,18.665476152512234,114.58,113.06000000000002,102.08,109.5,15.196856400073193,108.33999999999999,113.83999999999999,103.14000000000001,117.071465,112.76148
2024-10-24,87,102,117.2,117.3,113.4,104.8,102.1,102.6,0,0,120.6,13.183322798141605,116.24000000000001,111.54,100.42,107.8,8.64291617453275,117.12,107.8,102.24000000000001,116.6,14.369721252998955,115.91999999999999,110.92,99.85999999999999,106.9,9.011720763045984,117.06000000000002,108.8,102.11999999999999,116.72956,118.695526
2024-10-24,115,117,113.8,113.6,113.3,108.7,100.7,99.8,0,0,118.2,7.049822692805818,113.8,112.58,101.17999999999999,115.0,12.509996003196806,113.4,107.85999999999999,99.6,114.9,10.535126429658579,113.8,112.33999999999999,101.34,113.3,13.157591809378454,113.25,107.22999999999999,99.45,113.443016,113.76997
2024-10-25,116,101,106.5,105.7,106.6,112.8,98.7,99.0,0,0,112.2,8.983317872590295,108.96,107.8,99.12,107.2,14.80540441865734,107.58,113.0,99.12,108.0,9.854496999396368,109.78,108.2,99.26,106.5,12.616127245183643,108.99000000000001,113.15,99.21,113.911545,104.193634
2024-10-25,115,107,107.6,109.0,111.8,115.2,102.3,99.9,0,0,109.8,12.275992831539103,108.47999999999999,113.51999999999998,102.06,115.2,19.018412131405725,111.88,112.5,100.08,109.9,13.617390841616222,109.14000000000001,114.80999999999999,101.88,115.1,15.919589609450739,112.84,111.6,100.14000000000001,113.01608,114.61616
2024-10-25,125,120,111.9,104.0,112.9,113.0,105.1,100.7,0,0,118.6,6.426507605223821,112.74000000000001,114.17999999999999,104.17999999999999,106.8,12.397580409095996,105.23999999999998,114.75999999999999,100.14000000000001,118.1,5.566766466171318,113.37,115.14000000000001,103.48999999999998,102.2,11.717034133640007,106.16999999999999,116.08,99.72,117.83851,109.909584
2024-10-25,113,101,119.1,112.0,109.8,110.2,102.0,102.5,0,0,124.4,12.895735729302155,115.31999999999998,110.16000000000001,100.32000000000001,104.4,15.485477067239467,109.12,113.73999999999998,102.26,117.9,11.493476410555726,114.05999999999999,110.28,99.75999999999999,102.6,11.95547294477858,108.16,114.91999999999999,102.17999999999999,120.0535,111.9318
2024-10-25,123,98,115.0,114.1,110.9,111.9,99.7,101.9,0,0,119.2,4.868264577855188,114.46,110.05999999999999,99.03999999999999,118.2,6.379655163094631,115.62,113.14000000000001,102.9,111.6,15.283978539634246,114.28,109.78,98.82,121.9,14.371654200002371,116.76000000000002,114.07000000000001,103.65,115.92928,114.00025
2024-10-25,128,108,111.4,114.4,107.0,109.9,102.1,106.2,0,0,114.8,7.661592523751129,111.44000000000001,108.36000000000001,101.89999999999999,114.8,10.256705123966496,110.32000000000001,110.38,104.12,115.2,12.882373832316569,111.47,109.38000000000002,101.74999999999999,108.5,11.394443090091622,107.26000000000002,110.74000000000001,102.55999999999999,119.995224,112.30047
2024-10-25,122,133,113.6,111.9,111.2,113.4,101.3,104.9,0,0,122.0,17.233687939614057,115.04,112.58,101.66,120.8,6.418722614352476,112.1,113.6,102.3,115.9,14.433371824428923,115.51999999999998,113.04,101.78,117.5,10.458914326491213,112.25,113.75,100.35000000000001,120.76401,115.62552
2024-10-25,86,127,107.8,112.0,116.8,108.7,103.1,101.4,0,0,115.6,8.84872872225159,109.47999999999999,116.75999999999999,102.9,120.6,16.905620367203355,113.08,110.1,101.6,110.2,9.600925881276881,110.73999999999998,116.73000000000002,102.75,120.8,13.878840809744366,113.89000000000001,111.15,101.75,112.93526,119.215454
2024-10-25,123,116,113.4,113.7,112.2,116.7,99.7,99.2,0,0,113.2,15.642889758609186,113.47999999999999,112.52000000000001,101.02000000000001,109.4,16.86119805944998,114.17999999999999,114.78000000000002,99.8,117.0,16.35033129124089,113.54,112.75999999999999,102.01,111.0,13.374935098492625,114.53999999999999,113.34,100.25,118.049614,112.4936
2024-10-25,103,105,108.1,107.6,111.0,116.9,102.1,101.7,0,0,112.0,7.0356236397351655,106.85999999999999,112.16000000000001,101.38,106.0,16.031219541881395,112.04,113.11999999999998,100.62,108.3,8.895067297228335,105.92999999999999,113.03000000000002,100.84,111.3,13.912823820729832,113.51999999999998,111.85999999999999,100.26,112.67742,114.664444
2024-10-26,104,109,117.2,112.4,113.4,107.8,102.1,99.8,0,0,109.6,13.794926603646722,116.55999999999999,112.16,100.97999999999999,102.6,9.813256340277656,114.62,110.8,99.56,112.5,16.453638570912602,116.08,111.22999999999999,100.14,109.2,12.550343067466684,115.35999999999999,111.8,99.48,114.32869,113.41918
2024-10-26,106,114,104.0,110.8,113.0,110.3,100.7,98.5,1,0,108.6,9.37016542009796,105.85999999999999,115.64000000000001,99.86,117.8,4.764451699828611,111.34,110.05999999999999,98.38,107.2,12.127104628338431,106.47999999999999,116.52000000000001,99.58,112.9,9.882082551545126,111.52000000000001,109.97999999999999,98.34,108.109276,114.4105
2024-10-26,118,124,112.0,117.5,110.2,108.3,102.5,98.2,1,0,109.2,8.1363382427232,110.08,112.55999999999999,102.34,114.2,17.383900597967056,118.58,108.54,98.76,106.1,6.624030327359375,108.64000000000001,114.33,102.22,115.7,12.806682283523337,119.39000000000001,108.72,99.17999999999999,109.82671,117.844406
2024-10-26,116,135,103.9,119.1,115.9,109.8,103.7,102.0,0,1,111.8,14.078352176302422,105.66000000000001,116.38,104.14000000000001,116.6,12.778888840583898,116.58,110.04,100.88,109.2,13.138577633146712,106.97999999999999,116.74000000000001,104.47,112.2,12.976902558006564,114.69000000000001,110.22,100.03999999999999,111.71251,123.98192
2024-10-26,95,114,111.9,117.3,113.4,104.8,104.9,102.6,1,0,120.2,11.94571052721437,112.2,113.7,101.00000000000001,105.8,8.584870412533892,117.17999999999999,106.8,102.36,115.5,11.19771802149389,112.3,113.80000000000003,99.7,107.8,7.842901957254962,117.08999999999999,108.3,102.17999999999999,113.00827,121.6658
2024-10-26,124,111,114.4,106.5,109.9,106.6,106.2,98.7,1,1,112.8,7.259476565152636,108.28,110.61999999999998,103.08,113.8,6.300793600809328,108.13999999999999,107.4,98.98,109.1,11.406138698086943,106.24000000000001,110.85999999999999,102.03999999999999,111.9,6.789698078707043,109.37,108.0,99.19000000000001,110.936455,113.20606
2024-10-26,112,101,113.6,107.6,108.7,111.8,99.8,102.3,0,1,104.2,7.120393247567107,113.3,107.43999999999998,99.5,103.6,11.781341180018519,108.92,114.38,101.94,110.4,12.491775071800063,113.2,107.02000000000001,99.4,102.7,11.363195951061613,109.35999999999999,115.23999999999998,101.82000000000001,115.75454,108.04203
2024-10-26,109,106,111.7,111.4,114.4,107.0,101.7,102.1,0,1,116.2,5.630275304103674,109.17999999999999,113.98000000000002,102.78,114.8,2.3874672772625947,111.46,109.04,101.8,116.0,8.666666666666666,108.34,113.84,103.14000000000001,117.0,10.677078252031324,111.47999999999999,109.72,101.69999999999999,113.00082,117.916695
2024-10-26,114,102,113.7,112.1,116.7,113.3,99.2,101.6,1,0,106.8,12.637246535539315,114.42,113.82000000000001,100.1,112.4,15.741664460913873,113.96,113.12,101.96000000000001,110.3,12.293177873203653,114.66000000000001,112.86000000000001,100.4,117.1,13.576532039597684,114.58000000000001,113.05999999999999,102.08,114.7239,111.33405
2024-10-26,131,127,113.4,113.8,112.2,113.3,99.7,100.7,1,0,116.6,15.533834040570929,113.44000000000001,112.35999999999999,100.36,104.0,9.617692030835624,113.8,112.58,101.17999999999999,119.2,15.411395495253128,113.52000000000001,112.67999999999999,101.67999999999999,106.3,9.117138927438907,113.8,112.33999999999999,101.34,116.53229,112.636086
2024-10-27,114,118,114.1,109.0,111.9,115.2,101.9,99.9,0,0,122.6,20.15688467993008,116.38,113.75999999999999,103.4,113.4,19.346834366376335,110.92,113.4,100.02000000000001,120.5,15.890248582070722,117.14000000000001,114.38,103.9,113.7,15.958627064311521,112.35999999999999,112.05,100.11,116.929276,118.02473
2024-10-27,115,102,105.7,113.6,112.8,111.2,99.0,101.3,0,0,104.6,17.966635745180557,108.52000000000001,113.1,99.17999999999999,110.6,16.024980499208137,114.55999999999999,112.12,101.53999999999999,107.1,14.940251373759105,109.46000000000001,113.2,99.24,110.1,13.41185213823109,115.28,112.80999999999999,101.72,111.1101,112.42673
2024-10-27,125,103,108.1,107.6,111.0,116.9,102.1,101.7,0,0,111.2,7.918333157931681,107.47999999999999,111.58,101.74,104.2,15.401298646542763,110.55999999999999,114.38,100.97999999999999,108.3,8.895067297228335,106.24000000000001,112.74000000000001,101.02,110.7,14.055841015985761,112.78,112.48999999999998,100.44000000000001,113.483955,113.94003
2024-10-27,128,104,117.3,111.9,104.8,112.9,102.6,105.1,1,0,126.0,15.842979517754857,117.12,107.8,102.24000000000001,114.8,5.805170109480036,113.16000000000001,114.81999999999998,103.72,124.2,11.650464940650867,117.06000000000002,108.8,102.11999999999999,111.2,7.598245411496944,113.58,115.46,103.25999999999999,125.45785,113.47954
2024-10-27,104,112,112.0,112.4,108.7,107.8,101.4,99.8,0,1,117.0,6.964194138592034,113.62,110.8,101.70000000000002,105.4,9.07193474403336,113.88,109.8,99.64000000000001,117.6,8.61781101363135,114.16,111.5,101.80000000000001,108.5,12.322066926182934,114.99000000000001,111.3,99.52000000000001,111.97433,109.15702
2024-10-28,119,115,106.5,114.1,106.6,111.9,98.7,101.9,0,1,112.8,9.148770409186156,108.14000000000001,107.4,98.98,113.8,10.848963084092413,114.85999999999999,112.52000000000001,102.4,108.9,10.159286939107098,109.37,108.0,99.19000000000001,117.2,13.644697789902787,116.38,113.75999999999999,103.4,113.65216,110.288025
2024-10-28,119,121,111.9,103.9,112.9,115.9,105.1,103.7,1,0,120.8,6.340346993658933,112.32000000000001,113.54,104.64000000000001,108.8,15.849290204927147,106.54,116.62,104.35999999999999,118.6,5.9665735560705695,113.16,114.81999999999998,103.72,108.7,13.089860367645093,107.42,116.85999999999999,104.58,128.83122,115.60801
2024-10-28,119,108,117.5,113.6,108.3,111.2,98.2,101.3,0,1,126.6,7.987490219086308,118.58,108.54,98.76,109.6,16.456001944579402,114.08,111.66000000000001,101.42,123.3,11.585910984179588,119.39000000000001,108.72,99.17999999999999,110.9,12.55609635020184,115.03999999999999,112.58,101.66,117.46063,110.13407
2024-10-28,106,98,110.8,112.0,110.3,110.2,98.5,102.5,0,0,107.6,11.126544836560898,111.16,110.14000000000001,98.42,103.2,15.466091943344946,110.08,112.55999999999999,102.34,111.1,15.314843924913024,111.42999999999999,110.02000000000001,98.35999999999999,103.1,11.751595636338044,108.64000000000001,114.33,102.22,115.69693,109.19649
2024-10-28,104,110,115.0,119.1,110.9,109.8,99.7,102.0,0,0,119.8,5.167204273105481,114.64000000000001,110.34,99.26,120.0,15.264337522473737,117.83999999999999,109.92,101.44000000000001,116.6,7.396695959082787,114.37,109.92,98.92999999999999,114.6,14.818906842274034,115.31999999999998,110.16,100.32000000000001,115.708626,112.68001
2024-10-28,125,127,107.6,117.2,111.8,113.4,102.3,102.1,0,0,108.2,10.52140675005008,108.03999999999999,112.66,102.18,112.8,13.971399357258372,116.23999999999998,111.54,100.41999999999999,112.6,11.26646942628139,108.91999999999999,114.38,101.94,110.9,10.429125882194988,115.91999999999999,110.92,99.86,113.265076,121.51891
2024-10-28,123,126,114.4,111.9,109.9,113.4,106.2,104.9,0,0,113.6,8.384509526501853,110.32000000000001,110.38,104.12,123.6,8.234075540095555,112.0,113.5,103.6,110.3,12.338287293353556,107.26000000000002,110.73999999999998,102.55999999999999,120.0,10.913803695829616,112.2,113.7,101.00000000000001,125.78205,116.97521
2024-10-28,101,106,111.7,111.4,114.4,107.0,101.7,102.1,0,0,113.8,5.630275304103674,110.02000000000001,114.12,102.42,112.8,4.438468204234391,111.44000000000001,108.36000000000001,101.89999999999999,116.3,8.32733117177673,108.75999999999999,113.91,102.96,114.4,9.74337381677072,111.47,109.38000000000002,101.74999999999999,113.450775,116.7004
2024-10-28,110,102,112.1,107.8,113.3,116.8,101.6,103.1,0,0,121.8,21.323695739716417,113.34,113.17999999999999,101.84,109.4,8.414273587185075,110.32000000000001,116.74000000000001,102.8,119.3,18.385078490752072,114.27000000000001,113.09,102.02,108.1,8.020113604072185,111.16,116.72,102.7,121.399475,120.1214
2024-10-28,109,105,113.7,113.4,116.7,112.2,99.2,99.7,0,0,108.6,12.95376393176904,114.17999999999999,114.78000000000002,99.8,118.4,10.454664030948086,113.52000000000001,112.67999999999999,101.68,111.0,12.283683848458923,114.53999999999999,113.34,100.25,119.0,13.904435743076206,113.55999999999999,112.84,102.34,116.03385,113.10252
2024-10-28,111,98,113.8,108.1,113.3,111.0,100.7,102.1,0,1,119.8,4.207136793592508,113.8,112.82000000000001,101.02000000000001,97.6,11.717508267545645,106.24000000000001,112.74000000000001,101.02,116.8,8.202980488145164,113.8,112.46,101.26,97.6,10.92601381006707,105.62,113.32000000000001,100.66,116.59601,108.83749
2024-10-29,139,144,105.7,117.2,112.8,113.4,99.0,102.1,0,1,112.2,9.338094023942986,107.58,113.0,99.12,114.2,15.17234326002413,116.55999999999999,112.16,100.97999999999999,109.5,13.962250694083817,108.99000000000001,113.15,99.21,113.1,11.327939893123773,116.08,111.22999999999999,100.14,111.45701,112.50161
2024-10-29,114,120,113.6,112.1,108.7,113.3,99.8,101.6,0,1,104.8,7.726577508832696,113.4,107.85999999999999,99.6,110.6,16.440802900101893,113.33999999999999,113.17999999999999,101.84,111.0,12.400716825158884,113.25,107.22999999999999,99.45,115.8,14.397530652472637,114.27000000000001,113.09,102.02000000000001,114.491806,111.74358
2024-10-29,96,113,107.8,113.8,116.8,113.3,103.1,100.7,1,1,108.0,14.40486029088794,108.64000000000001,116.78,103.0,108.0,14.230249470757673,113.8,112.81999999999998,101.02000000000001,108.3,12.256970805763043,110.32000000000001,116.74000000000001,102.8,106.7,9.978309810116455,113.8,112.46,101.26,115.465706,118.02414
2024-10-29,124,106,112.0,107.6,108.7,116.9,101.4,101.7,0,0,116.0,8.573214099741103,113.08,110.1,101.6,99.4,8.876936408468856,109.08,115.64000000000001,101.34,116.7,9.569047322835539,113.88999999999999,111.15,101.75,109.6,14.198591479439122,112.04,113.12,100.62,116.682945,109.48417
2024-10-30,138,133,104.0,107.6,113.0,111.8,100.7,102.3,0,0,106.2,7.758865896508301,105.24000000000001,114.75999999999999,100.14,103.2,11.840608092492552,108.47999999999999,113.51999999999998,102.06,108.1,11.60890462820104,106.17,116.08,99.72,103.2,11.143508324481049,109.14000000000001,114.80999999999999,101.88,110.1836,112.7621
2024-10-30,134,110,119.1,113.4,109.8,112.2,102.0,99.7,0,0,121.2,13.442470011125195,116.58,110.04,100.88,114.4,11.104053313993036,113.47999999999999,112.52000000000001,101.02000000000001,118.1,11.376877134492325,114.69000000000001,110.22,100.04,116.7,14.150382798120184,113.53999999999999,112.75999999999999,102.00999999999999,118.38277,113.46823
2024-10-30,135,132,114.1,117.5,111.9,108.3,101.9,98.2,0,0,122.0,20.40833163195855,115.62,113.14000000000001,102.9,120.8,11.713240371477028,118.04,108.42,98.48,119.8,16.01943264358081,116.75999999999999,114.07000000000001,103.65,115.7,12.806682283523337,119.12,108.66000000000001,99.03999999999999,114.60621,115.32665
2024-10-30,95,105,109.0,112.0,115.2,110.2,99.9,102.5,0,0,110.6,9.528903399657302,110.92,113.4,100.02000000000001,103.8,15.12283042290693,111.04,111.38,102.42,111.2,9.600925881277183,112.35999999999999,112.05,100.11000000000001,101.6,11.296016997154307,109.12,113.73999999999998,102.26,115.85736,110.32801
2024-10-30,133,120,103.9,111.9,115.9,112.9,103.7,105.1,0,0,109.6,11.781341180018476,104.78,116.14000000000001,103.92,114.4,6.580273550544877,112.74000000000001,114.17999999999999,104.17999999999999,112.1,10.660935960578536,106.54,116.61999999999998,104.36000000000001,111.1,7.694875639743125,113.37,115.14000000000001,103.48999999999998,112.33921,125.85749
2024-10-30,107,116,110.8,115.0,110.3,110.9,98.5,99.7,0,0,105.2,9.49736805646701,110.97999999999999,110.22,98.46,112.8,9.959919678391044,114.64000000000001,110.34,99.26,107.5,10.814085465005592,111.34,110.06000000000002,98.38,113.1,11.019679366176465,114.37,109.92,98.92999999999999,110.100494,111.112305
2024-10-30,102,99,111.9,106.5,113.4,106.6,104.9,98.7,0,0,117.6,15.99374877881981,112.1,113.6,102.3,113.4,6.4265076052238355,107.32000000000001,107.0,98.84,114.0,12.89271973720915,112.25,113.75,100.35000000000001,111.7,6.783149055645855,108.96,107.8,99.12,111.740906,112.27224
2024-10-30,106,119,114.4,105.7,109.9,112.8,106.2,99.0,0,1,116.0,9.137833441248551,112.36000000000001,110.14000000000001,105.16000000000001,110.2,10.256705123966391,106.64000000000001,112.9,99.05999999999999,110.2,12.218383235472905,108.28,110.62,103.08,107.3,11.898179132399433,108.52000000000001,113.1,99.17999999999999,119.25875,111.93801
2024-10-30,105,93,117.3,111.7,104.8,114.4,102.6,101.7,0,0,126.6,15.852444606432154,117.17999999999999,106.8,102.36,102.6,16.102794788483138,110.02000000000001,114.12,102.42,125.1,11.551334699217026,117.09,108.3,102.17999999999999,107.5,13.57489512953155,108.75999999999999,113.91000000000001,102.96,120.96206,107.00247
2024-10-30,104,89,112.0,107.6,108.7,116.9,101.4,101.7,1,1,116.2,8.786353054595498,112.53999999999999,109.4,101.50000000000001,102.8,6.9426219830839075,107.6,116.9,101.7,117.9,9.666091936937718,113.61999999999998,110.8,101.7,108.9,14.184890239656863,111.3,113.75,100.8,117.52301,108.51958
2024-10-30,105,106,112.4,108.1,107.8,111.0,99.8,102.1,0,0,112.0,9.219544457292907,113.88,109.8,99.64000000000001,95.8,10.545141061171279,106.85999999999999,112.16,101.38,113.0,9.888264649460861,114.99000000000001,111.3,99.52000000000001,96.8,10.528268824666428,105.92999999999999,113.03,100.84,115.99,108.351685
2024-10-31,122,99,114.4,113.6,109.9,111.2,106.2,101.3,1,0,116.6,8.111719916269317,114.4,109.9,106.2,113.6,11.610340218960042,113.6,111.2,101.3,110.0,12.274635093014503,109.3,110.5,103.6,109.8,12.245634142646574,114.79999999999998,112.35,101.60000000000001,116.15092,116.04363
2024-10-31,102,108,112.1,111.4,113.3,107.0,101.6,102.1,0,0,126.0,14.089002803605373,112.72,113.24000000000001,101.72,110.8,4.868264577855198,111.42,107.67999999999999,102.0,119.6,18.18546428087869,113.96000000000001,113.12,101.96000000000001,114.9,9.085397319019373,111.46000000000001,109.04,101.8,114.34628,118.594765
2024-10-31,88,106,107.8,111.7,116.8,114.4,103.1,101.7,0,1,106.6,15.32318504750237,107.8,116.8,103.1,103.4,15.339491516996246,110.85999999999999,114.26000000000002,102.06,106.8,12.795832654943846,109.9,116.75,102.85,104.2,12.550343067466864,109.17999999999999,113.98000000000002,102.78,110.92099,116.377396
2024-10-31,119,125,112.4,113.7,107.8,116.7,99.8,99.2,1,0,112.0,9.219544457292907,113.14000000000001,108.8,99.72,107.6,15.175638372075154,113.94000000000001,115.74000000000001,99.5,113.3,9.557428756964084,114.61999999999998,110.8,99.56,112.2,13.21447018318263,114.42,113.82000000000001,100.1,115.351776,107.209015
2024-11-01,109,124,104.0,117.5,113.0,108.3,100.7,98.2,0,0,113.0,15.937377450509214,104.62,113.88000000000002,100.42,124.8,11.366617790706227,117.5,108.3,98.2,110.1,14.79076288318719,105.85999999999999,115.64000000000001,99.86,117.1,13.811830677599024,118.85,108.6,98.9,108.034035,115.50813
2024-11-01,120,109,119.1,106.5,109.8,106.6,102.0,98.7,0,0,126.0,12.708265027138843,117.84,109.92,101.44,111.0,9.192388155425107,106.5,106.6,98.7,121.1,11.199702376997994,115.32000000000001,110.16,100.32000000000001,109.9,7.563802688536334,108.55,107.6,99.05,115.833954,108.14522
2024-11-01,98,128,112.0,115.0,110.2,110.9,102.5,99.7,0,0,111.8,8.526429498916885,111.04,111.38,102.42,111.6,8.876936408468923,114.81999999999998,110.62,99.47999999999999,107.8,7.31512891965069,109.12,113.73999999999998,102.25999999999999,114.8,9.852241707686058,114.46,110.05999999999999,99.03999999999999,114.953445,113.90037
2024-11-01,115,123,111.9,113.8,112.9,113.3,105.1,100.7,0,0,122.0,4.898979485566357,111.9,112.9,105.1,109.6,14.258330898110026,113.8,113.05999999999999,100.86,118.2,5.769652406245068,112.95,114.5,103.95,107.8,10.00888494177935,113.8,112.58,101.18,118.30232,115.3325
2024-11-01,120,112,105.7,111.9,112.8,113.4,99.0,104.9,0,0,118.8,14.237275020171513,106.64000000000001,112.9,99.05999999999999,124.6,8.142481194328907,111.9,113.4,104.9,110.9,16.210079169043752,108.52000000000001,113.1,99.17999999999999,121.7,10.317730155201183,112.15,113.65,101.65,117.60605,113.69049
2024-11-01,125,131,107.6,113.4,111.8,112.2,102.3,99.7,0,0,112.6,12.259690045021506,107.6,111.8,102.3,111.8,10.05982107196742,113.44000000000001,112.35999999999999,100.36,115.0,11.075498483890764,108.7,113.95,102.0,114.1,12.502888555138968,113.52000000000001,112.67999999999999,101.67999999999999,111.40008,115.07639
2024-11-01,125,118,107.6,114.1,116.9,111.9,101.7,101.9,0,0,109.8,8.043631020876049,110.55999999999999,114.38,100.97999999999999,111.2,7.694153624668535,114.1,111.9,101.9,107.9,7.866242926440511,112.78,112.49000000000001,100.44,115.4,12.465062285354916,116.0,113.45,103.15,114.27885,118.78575
2024-11-01,119,116,113.6,117.2,108.7,113.4,99.8,102.1,0,0,106.4,8.792041856133263,113.5,108.28,99.7,117.8,20.029977533686843,116.88,112.78000000000002,101.53999999999999,112.3,11.907513967612616,113.3,107.44000000000001,99.49999999999999,116.0,14.988884770611508,116.23999999999998,111.54,100.42,115.518196,111.09466
2024-11-01,114,137,108.1,117.3,111.0,104.8,102.1,102.6,0,0,113.8,10.084641788382982,108.1,111.0,102.1,104.4,5.5045435778091365,117.24000000000001,105.8,102.47999999999999,109.1,10.049322807477498,106.55,112.45,101.2,107.3,7.180993431738361,117.12,107.8,102.24,107.69648,117.41763
2024-11-02,103,113,104.0,117.5,113.0,108.3,100.7,98.2,1,1,111.0,15.620499351813294,104.0,113.0,100.7,128.0,6.78232998312522,117.5,108.3,98.2,110.6,14.645439183885545,105.55,115.2,100.0,117.3,13.904835290086798,118.58000000000001,108.54,98.76,107.23625,116.573006
2024-11-02,107,124,109.0,114.4,115.2,109.9,99.9,106.2,0,0,108.2,11.88276062201038,109.96,114.3,99.96000000000001,116.8,6.418722614352529,112.35999999999999,110.14000000000001,105.16,110.9,10.09345222298981,111.88,112.5,100.08000000000001,109.4,10.905656024895386,108.28,110.62,103.08,117.27641,115.1995
2024-11-02,131,128,107.6,113.8,111.8,113.3,102.3,100.7,1,1,118.6,8.14248119432888,107.6,111.8,102.3,111.4,15.469324484281756,113.8,113.3,100.7,115.5,11.433381924094993,108.47999999999999,113.52000000000001,102.06,109.2,11.113555286725791,113.8,112.7,101.1,113.312454,115.31326
2024-11-02,121,127,111.4,112.0,107.0,108.7,102.1,101.4,0,0,116.8,9.731392500562249,111.42,107.67999999999999,102.0,126.0,12.389511693363904,112.54,109.4,101.50000000000001,113.3,8.233400809440056,111.46000000000001,109.04,101.8,122.0,13.840359661351268,113.62,110.8,101.7,114.15761,113.123886
2024-11-02,113,114,113.6,119.1,111.2,109.8,101.3,102.0,0,1,123.0,17.01469952717353,114.55999999999999,112.12,101.53999999999999,119.8,15.417522498767422,119.1,109.8,102.0,115.7,14.322088612427265,115.28,112.81000000000002,101.72,115.5,14.159802258506144,115.95,110.1,100.6,115.49558,119.32135
2024-11-02,113,103,111.7,113.6,114.4,108.7,101.7,99.8,0,1,109.4,5.224940191045226,110.85999999999999,114.25999999999999,102.06,117.0,11.683321445547925,113.5,108.28,99.7,116.0,8.856886837057614,109.17999999999999,113.98000000000002,102.78,113.1,13.076271979768913,113.3,107.44000000000001,99.49999999999999,113.36799,115.900185
2024-11-02,129,103,117.2,107.8,113.4,116.8,102.1,103.1,1,0,107.2,13.442470011125192,116.88,112.78000000000002,101.53999999999999,107.8,9.01110426085507,109.47999999999999,116.75999999999999,102.9,113.2,15.859101838096377,116.24000000000001,111.54,100.41999999999999,108.6,7.381658952355521,110.73999999999998,116.73000000000002,102.75,117.62913,119.31829
2024-11-02,103,97,113.7,108.1,116.7,111.0,99.2,102.1,0,1,112.0,9.192388155425144,113.94000000000001,115.74000000000001,99.5,100.6,7.797435475847205,107.47999999999999,111.58,101.74,110.4,12.21292575739152,114.42,113.82000000000001,100.1,99.2,9.46103118645688,106.23999999999998,112.74000000000001,101.02000000000001,116.35712,107.46868
2024-11-02,92,105,112.4,117.3,107.8,104.8,99.8,102.6,0,1,113.6,9.68504001024262,112.4,107.8,99.8,111.6,15.10959959760681,117.3,104.8,102.6,112.1,7.651434142985472,114.25,110.3,99.6,109.7,11.813833698959387,117.14999999999998,107.3,102.3,111.976456,109.086136
2024-11-03,92,106,105.7,112.0,112.8,110.2,99.0,102.5,0,0,118.0,13.982131454109552,105.7,112.8,99.0,106.6,13.35290230624037,112.0,110.2,102.5,112.5,16.242947187420537,108.05,113.05,99.15,103.1,10.556198810809347,109.6,113.15,102.3,112.75389,111.14954
2024-11-03,111,126,107.6,111.9,116.9,112.9,101.7,105.1,0,0,113.0,10.46422476822815,109.08,115.64000000000001,101.34,115.4,7.056911505750974,112.32000000000001,113.54,104.63999999999999,109.2,9.519570485175283,112.04,113.12,100.62,111.6,8.12677331075781,113.16000000000001,114.81999999999998,103.72,121.56587,117.32942
2024-11-03,108,85,112.1,106.5,113.3,106.6,101.6,98.7,0,0,117.0,11.4455231422596,112.1,113.3,101.6,108.2,6.300793600809329,106.5,106.6,98.7,118.5,18.94582920973499,113.65,113.15,101.9,109.3,7.3492252048164595,108.14000000000001,107.4,98.97999999999999,111.65311,110.54931
2024-11-04,116,114,119.1,113.6,109.8,111.2,102.0,101.3,0,0,125.8,12.814054783713084,119.1,109.8,102.0,112.2,13.084341787036944,113.6,111.2,101.3,121.6,11.007068436034947,115.94999999999997,110.1,100.6,109.7,12.338287293353533,114.55999999999999,112.12,101.53999999999999,118.267075,115.88315
2024-11-04,112,125,103.9,112.0,115.9,108.7,103.7,101.4,0,0,111.0,14.352700094407291,103.9,115.9,103.7,124.2,11.166915420114943,112.0,108.7,101.4,114.7,12.320263344948847,106.1,116.5,104.25,123.0,13.800161029656453,113.35,110.45,101.65,110.35572,121.62326
2024-11-04,115,103,112.0,113.4,110.2,112.2,102.5,99.7,1,0,111.0,9.772410142846034,112.0,110.2,102.5,113.2,12.397580409095951,113.4,112.2,99.7,107.3,7.832269431297884,109.6,113.15,102.29999999999998,118.2,10.239357618739877,113.5,112.6,101.35,114.79313,113.13756
2024-11-04,93,123,111.9,117.5,112.9,108.3,105.1,98.2,1,0,119.2,3.768288736283315,111.9,112.9,105.1,123.0,6.78232998312522,117.5,108.3,98.2,118.4,5.601587076693389,112.74000000000001,114.18000000000002,104.17999999999999,118.2,13.222875800840107,118.31000000000002,108.47999999999999,98.62,113.20629,122.7646
2024-11-04,106,104,105.7,114.4,112.8,109.9,99.0,106.2,1,0,113.2,18.29480800664494,105.7,112.8,99.0,118.4,7.127411872482223,114.4,109.9,106.2,110.2,17.43432119572067,107.58,113.0,99.11999999999999,111.5,11.539786248742699,109.3,110.5,103.6,115.638435,115.6501
2024-11-04,110,111,110.8,113.8,110.3,113.3,98.5,100.7,0,0,106.8,8.843076387773657,110.8,110.3,98.5,119.4,9.555103348472949,113.8,113.3,100.7,107.3,10.801748829600628,111.25,110.1,98.4,111.1,12.60026454748734,113.8,112.81999999999998,101.02000000000001,113.01893,111.48044
2024-11-04,126,135,111.9,107.8,113.4,116.8,104.9,103.1,0,0,114.6,17.47283606058273,112.0,113.5,103.6,105.2,7.854934754662219,108.64000000000001,116.78,103.0,112.9,13.444949485463559,112.2,113.7,101.00000000000001,107.0,6.565905201197515,110.32000000000001,116.74000000000001,102.8,122.83117,114.87569
2024-11-04,109,97,111.4,115.0,107.0,110.9,102.1,99.7,0,0,119.0,9.02773504263385,111.4,107.0,102.1,112.6,10.597169433391217,115.0,110.9,99.7,114.4,8.474799243770994,111.45,108.7,101.85,117.6,9.131143289740876,114.55,110.2,99.15,114.55642,109.934296
2024-11-04,114,93,113.6,104.0,108.7,113.0,99.8,100.7,0,0,109.8,9.884331034521216,113.6,108.7,99.8,106.8,12.397580409095996,104.62,113.88,100.42,112.9,12.096372275282485,113.35,107.65,99.55,105.0,12.337837015547706,105.85999999999999,115.64000000000001,99.85999999999999,116.70608,104.65376
2024-11-04,102,86,117.3,106.5,104.8,106.6,102.6,98.7,0,1,120.6,17.472836060582722,117.24000000000001,105.8,102.47999999999999,104.0,12.288205727444499,106.5,106.6,98.7,123.0,13.165611772087711,117.12,107.8,102.24,107.2,10.65415933385219,107.72999999999999,107.2,98.91,118.17964,103.66889
2024-11-04,100,118,107.6,108.1,116.9,111.0,101.7,102.1,1,0,113.6,10.188228501559998,107.6,116.9,101.7,98.8,7.25947656515265,108.1,111.0,102.1,109.6,9.500877152487815,111.3,113.75,100.8,98.6,9.383200117467549,106.55,112.45,101.19999999999999,115.95866,109.30157
2024-11-04,127,134,112.1,114.1,113.3,111.9,101.6,101.9,1,0,112.2,8.1363382427232,112.1,113.3,101.6,111.4,7.8930349042684425,114.1,111.9,101.9,118.5,18.94582920973499,113.33999999999999,113.17999999999999,101.84,117.3,11.055918475338611,115.62,113.14000000000001,102.9,115.035484,116.88543
2024-11-04,121,119,117.2,107.6,113.4,111.8,102.1,102.3,0,0,111.8,16.513630733427465,117.2,113.4,102.1,109.2,17.810109488714552,108.03999999999999,112.66,102.18,116.3,15.585249436566647,116.4,111.85,100.7,105.6,14.584618990947662,108.91999999999999,114.38,101.94,119.471306,113.09124
2024-11-04,118,116,113.7,109.0,116.7,115.2,99.2,99.9,0,0,111.4,9.76217188949265,113.7,116.7,99.2,110.4,16.501515081955368,109.96,114.3,99.96000000000001,107.9,10.67135313715085,114.3,114.30000000000003,99.95,115.9,14.715449175762293,111.88,112.5,100.08000000000001,116.17902,113.62297
2024-11-04,113,104,112.4,111.7,107.8,114.4,99.8,101.7,0,0,111.2,13.423859355639882,112.4,107.8,99.8,105.8,14.411800720243107,111.7,114.4,101.7,109.3,9.369572502995421,113.88000000000002,109.8,99.64,103.0,11.623730516108584,109.6,114.05,102.6,114.044464,106.38559
2024-11-06,108,107,104.0,112.0,113.0,110.2,100.7,102.5,0,0,112.0,14.713938969562147,104.0,113.0,100.7,108.0,12.708265027138811,112.0,110.2,102.5,112.3,12.266032592307791,105.24000000000001,114.75999999999999,100.14000000000001,103.4,10.595596569644679,110.08,112.56000000000002,102.34,108.82997,113.74399
2024-11-06,118,111,114.1,106.5,111.9,106.6,101.9,98.7,0,0,117.6,11.326958991715292,114.85999999999999,112.52000000000001,102.4,98.0,12.288205727444499,106.5,106.6,98.7,123.0,15.477582354991915,116.38,113.75999999999999,103.4,105.9,12.413702106946127,107.32000000000001,107.0,98.84,112.68751,109.422806
2024-11-06,121,116,111.9,115.0,112.9,110.9,105.1,99.7,0,0,114.4,12.481987021303905,111.9,112.9,105.1,109.8,12.755391017134722,115.0,110.9,99.7,115.6,9.674709297958293,112.53,113.85999999999999,104.41,115.1,11.019679366176465,114.64000000000001,110.34,99.25999999999999,116.03657,119.41175
2024-11-06,112,118,117.5,112.0,108.3,108.7,98.2,101.4,0,0,124.0,7.905694150420913,118.04,108.42,98.48,126.8,8.899438184514846,112.0,108.7,101.4,121.7,10.87351522431148,119.12,108.66000000000001,99.03999999999999,124.9,12.44052517648156,113.08,110.1,101.60000000000001,113.73417,111.10345
2024-11-06,127,100,111.4,111.7,107.0,114.4,102.1,101.7,0,0,115.8,9.203260291874788,111.4,107.0,102.1,101.0,7.516648189186435,111.7,114.4,101.7,114.6,8.302610031389678,111.44000000000001,108.36000000000001,101.89999999999999,102.9,11.608904628201124,110.02000000000001,114.12,102.42,117.62739,111.30677
2024-11-06,131,114,114.4,113.4,109.9,112.2,106.2,99.7,0,0,119.0,7.416198487095684,114.4,109.9,106.2,109.8,12.397580409095951,113.4,112.2,99.7,112.6,11.720826667849591,110.32000000000001,110.38,104.12,116.9,11.318127053536827,113.47999999999999,112.52000000000001,101.02,118.99381,115.65447
2024-11-06,122,131,107.6,119.1,116.9,109.8,101.7,102.0,0,0,113.4,10.502380682492875,107.6,116.9,101.7,119.2,15.610893632332509,119.1,109.8,102.0,110.4,8.08565258824397,110.55999999999999,114.38000000000002,100.98,114.0,13.341664064126201,116.58,110.04,100.88,112.687614,122.2227
2024-11-06,119,99,112.1,111.9,113.3,113.4,101.6,104.9,0,0,113.4,9.989994994993744,112.1,113.3,101.6,121.8,9.782637681116473,111.9,113.4,104.9,120.3,18.79745845704808,113.03,113.21000000000001,101.78,123.1,7.233410137840506,112.1,113.6,102.3,122.53761,121.58459
2024-11-06,124,122,117.2,117.3,113.4,104.8,102.1,102.6,0,0,112.0,16.643316977093242,117.2,113.4,102.1,111.8,14.989996664442586,117.3,104.8,102.6,115.4,14.953260514015026,116.56000000000002,112.16,100.97999999999999,109.7,11.813833698959387,117.18000000000002,106.8,102.35999999999999,113.07622,121.23778
2024-11-06,115,112,113.7,110.8,116.7,110.3,99.2,98.5,0,0,109.6,6.426507605223894,113.7,116.7,99.2,117.6,4.92950301754647,111.16,110.14000000000001,98.42,107.5,10.14615417014969,114.17999999999999,114.78000000000002,99.8,113.9,9.374314789773953,111.42999999999999,110.02000000000001,98.36,111.35739,112.936775
2024-11-06,110,98,112.4,109.0,107.8,115.2,99.8,99.9,0,0,108.4,10.430723848324257,112.4,107.8,99.8,107.4,12.759310326189286,109.0,115.2,99.9,109.8,9.425733098515124,113.50999999999999,109.3,99.68,116.1,14.70034013211935,111.4,112.95,100.05,113.82502,107.285736
2024-11-06,122,107,113.8,107.6,113.3,111.8,100.7,102.3,0,0,117.8,5.6302753041036855,113.8,113.05999999999999,100.86,109.8,18.143869488066763,107.6,111.8,102.3,117.6,7.011102306738703,113.8,112.58,101.17999999999999,109.0,13.140268896284654,108.7,113.95,102.0,116.82889,113.63932
2024-11-07,119,135,111.9,113.6,113.4,108.7,104.9,99.8,1,0,117.6,17.980545041794482,111.9,113.4,104.9,112.2,11.47606204235582,113.6,108.7,99.8,115.0,13.711309200802093,112.15,113.65,101.65,112.0,13.449494001221368,113.35,107.65,99.55,113.46859,115.977745
2024-11-07,123,100,113.6,107.8,111.2,116.8,101.3,103.1,0,0,116.4,11.304866208850004,114.08,111.66,101.42,112.8,13.953494186045317,107.8,116.8,103.1,116.9,13.428411008835646,115.03999999999999,112.58,101.66,109.9,10.989388821343441,109.9,116.75,102.85,120.59749,112.518585
2024-11-07,118,105,111.7,108.1,114.4,111.0,101.7,102.1,1,0,109.6,5.36656314599947,111.7,114.4,101.7,104.8,8.408329203831196,108.1,111.0,102.1,114.3,7.379400758568108,109.6,114.05,102.6,101.5,10.501322668015508,106.85999999999999,112.16000000000001,101.38,115.18587,112.63635
2024-11-08,103,83,104.0,114.1,113.0,111.9,100.7,101.9,0,0,112.8,14.272350892547434,104.0,113.0,100.7,116.0,12.78671185254442,114.1,111.9,101.9,110.7,11.595497210363888,104.92999999999999,114.32000000000001,100.28,119.6,11.955472944778647,115.23999999999998,112.83,102.65,110.80517,115.25111
2024-11-08,122,121,112.0,111.9,110.2,112.9,102.5,105.1,0,0,109.4,7.765307463326874,112.0,110.2,102.5,117.8,8.378544026261393,111.9,112.9,105.1,108.6,7.933053216343126,110.08,112.55999999999999,102.34,112.9,9.326783415995562,112.95,114.5,103.95,121.40079,116.845695
2024-11-08,115,88,106.5,107.6,106.6,116.9,98.7,101.7,0,0,114.0,9.565563234854507,107.32000000000001,107.0,98.84,102.4,7.797435475847169,107.6,116.9,101.7,111.5,8.885068623507953,108.96,107.8,99.12,106.8,15.497670075781704,110.55999999999999,114.38000000000002,100.98,113.01641,106.156654
2024-11-08,108,104,117.5,105.7,108.3,112.8,98.2,99.0,0,0,119.8,7.496665925596487,117.5,108.3,98.2,111.2,10.940749517286212,105.7,112.8,99.0,122.8,8.929352346801714,118.85,108.6,98.9,109.6,11.692352676476645,108.05,113.05,99.15,119.00506,104.76365
2024-11-08,136,117,119.1,112.0,109.8,108.7,102.0,101.4,0,0,120.2,8.136338242723207,119.1,109.8,102.0,127.4,7.956129712366494,112.0,108.7,101.4,121.5,11.057928276932303,116.58,110.03999999999999,100.88,123.4,12.258330500792962,112.81000000000002,109.75,101.55,117.25461,116.184906
2024-11-08,116,94,115.0,113.6,110.9,111.2,99.7,101.3,0,1,118.4,8.203657720797448,114.81999999999998,110.62,99.47999999999999,109.4,9.989994994993799,113.6,111.2,101.3,116.4,7.734482673212392,114.46,110.05999999999999,99.03999999999999,108.9,11.694728157022816,114.31999999999998,111.89000000000001,101.47999999999999,115.84876,111.23878
2024-11-08,113,114,112.1,113.7,113.3,116.7,101.6,99.2,0,0,113.2,9.833615815151619,112.1,113.3,101.6,112.0,16.628289148315886,113.7,116.7,99.2,117.5,16.297579915776257,112.72,113.24000000000001,101.72,114.4,13.343329586143188,114.3,114.30000000000003,99.95000000000002,116.80203,114.26461
2024-11-08,128,104,114.4,103.9,109.9,115.9,106.2,103.7,0,0,121.2,9.203260291874848,114.4,109.9,106.2,108.8,15.849290204927147,105.66000000000001,116.38,104.14000000000001,117.0,8.98146239020478,111.34,110.25999999999999,104.64000000000001,111.1,12.905209972892537,106.97999999999999,116.74000000000001,104.47,129.40388,115.02257
2024-11-08,126,107,117.3,111.4,104.8,107.0,102.6,102.1,0,0,113.4,15.852444606432154,117.3,104.8,102.6,109.6,4.615192303685692,111.4,107.0,102.1,120.4,14.561745927066736,117.15,107.3,102.3,115.1,8.887569346502389,111.45,108.7,101.85,118.93939,111.53287
2024-11-08,127,102,113.6,108.1,108.7,111.0,99.8,102.1,1,1,110.4,10.064790112068867,113.6,108.7,99.8,104.8,8.408329203831196,108.1,111.0,102.1,111.0,9.877021593352746,113.4,107.86000000000001,99.6,101.2,10.336558636434228,107.16999999999999,111.87,101.56,115.91756,107.786415
2024-11-08,135,122,117.2,110.8,113.4,110.3,102.1,98.5,0,0,113.0,17.306068299876785,117.2,113.4,102.1,116.6,5.549774770204619,110.97999999999999,110.22,98.46000000000001,116.8,15.046594299043258,116.71999999999998,112.47,101.25999999999999,116.0,5.011098792790623,111.34,110.06000000000002,98.38,115.60405,111.88063
2024-11-08,116,106,113.4,109.0,112.2,115.2,99.7,99.9,0,0,116.2,15.023315213360869,113.4,112.2,99.7,109.8,7.9498427657407476,109.0,115.2,99.9,117.3,11.981930840505814,113.5,112.6,101.35,112.4,14.057026712644397,110.92,113.4,100.02000000000001,117.854355,110.68352
2024-11-08,98,107,113.8,112.4,113.3,107.8,100.7,99.8,0,0,118.8,5.890670590009243,113.8,113.3,100.7,106.8,9.523654760647283,113.14000000000001,108.8,99.72,117.1,6.419588079550932,113.8,112.7,101.1,107.2,11.003029885748052,114.61999999999998,110.8,99.56,114.99265,113.36428
2024-11-09,110,111,111.7,107.8,114.4,116.8,101.7,103.1,0,0,110.2,6.220932405998292,111.7,114.4,101.7,109.2,14.584238067173768,107.8,116.8,103.1,114.8,7.450577904505873,110.02000000000001,114.12,102.42,109.7,11.165920373071774,109.47999999999999,116.75999999999999,102.9,118.39702,114.1103
2024-11-09,113,125,111.9,111.9,112.9,113.4,105.1,104.9,1,0,114.6,12.601587201618656,111.9,112.9,105.1,116.2,13.405222862750172,111.9,113.4,104.9,116.6,9.663217775553774,112.32000000000001,113.54,104.63999999999999,120.3,10.317730155201213,112.05,113.55,102.95,129.8514,121.30053
2024-11-09,105,100,119.1,105.7,109.8,112.8,102.0,99.0,1,1,123.8,10.545141061171263,119.1,109.8,102.0,107.6,9.34344690143837,105.7,112.8,99.0,124.1,11.110055505411967,117.21,109.97999999999999,101.16,107.8,10.932113753117918,107.58,113.0,99.11999999999999,119.02621,108.91656
2024-11-09,105,103,112.4,107.6,107.8,111.8,99.8,102.3,1,0,107.8,10.183319694480794,112.4,107.8,99.8,114.2,12.377398757412646,107.6,111.8,102.3,109.9,9.421606374003627,113.14000000000001,108.8,99.72,108.0,12.84090685617213,108.47999999999999,113.52000000000001,102.06,115.48693,107.540825
2024-11-10,99,101,112.0,111.4,110.2,107.0,102.5,102.1,0,0,112.4,9.343446901438464,112.0,110.2,102.5,107.6,2.0736441353326835,111.4,107.0,102.1,110.7,8.459708426811478,110.56000000000002,111.97,102.38,112.2,5.329165037789654,111.44000000000001,108.36000000000001,101.89999999999999,114.60803,115.89032
2024-11-10,107,113,113.6,117.5,111.2,108.3,101.3,98.2,0,0,117.2,11.670475568716073,113.6,111.2,101.3,123.2,6.76017751246218,117.5,108.3,98.2,118.1,13.37867291209725,114.79999999999998,112.35,101.6,118.7,13.308727295358505,118.04,108.42,98.47999999999999,113.603134,114.471054
2024-11-10,132,121,114.1,115.0,111.9,110.9,101.9,99.7,0,0,116.8,11.077003204838388,114.1,111.9,101.9,113.2,11.344602240713472,115.0,110.9,99.7,123.9,14.820781205980925,116.0,113.45,103.15,113.9,10.071411685227416,114.72999999999999,110.47999999999999,99.37,114.669136,114.77711
2024-11-10,121,94,106.5,103.9,106.6,115.9,98.7,103.7,0,0,112.4,8.264381404557767,106.5,106.6,98.7,105.2,14.042791745233552,104.78,116.14000000000001,103.92,113.3,7.303728119559599,108.55,107.6,99.05000000000001,109.6,12.75582655538684,106.54,116.61999999999998,104.36000000000001,114.80528,106.30764
2024-11-10,107,105,109.0,104.0,115.2,113.0,99.9,100.7,0,0,104.6,7.402702209328734,109.0,115.2,99.9,105.4,13.685759021698463,104.0,113.0,100.7,110.9,10.09345222298981,111.4,112.95,100.05,105.2,12.099586769803212,105.55,115.2,100.0,112.0711,107.317
2024-11-10,94,95,113.6,110.8,108.7,110.3,99.8,98.5,0,0,117.2,6.058052492344318,113.6,108.7,99.8,118.6,5.272570530585603,110.8,110.3,98.5,110.7,9.262229153335054,113.45,108.07000000000001,99.65,117.5,4.196559437337615,111.25,110.1,98.4,110.67471,106.34643
2024-11-10,116,127,117.3,112.0,104.8,108.7,102.6,101.4,0,0,118.8,14.237275020171518,117.3,104.8,102.6,122.8,4.919349550499635,112.0,108.7,101.4,121.8,14.33565872609668,117.17999999999999,106.8,102.35999999999999,121.7,11.79500836041357,112.54,109.4,101.5,118.07997,112.0426
2024-11-10,122,120,117.2,112.1,113.4,113.3,102.1,101.6,0,0,122.6,11.67475909815702,117.2,113.4,102.1,117.4,9.126883367283646,112.72,113.24000000000001,101.72,116.1,13.860014430006954,116.88,112.78000000000002,101.53999999999999,114.6,13.35997338653372,113.96,113.12,101.96000000000001,119.537575,116.755844
2024-11-10,118,127,113.7,113.8,116.7,113.3,99.2,100.7,0,0,111.8,5.890670590009305,113.7,116.7,99.2,120.4,7.924645102463514,113.8,113.3,100.7,109.3,9.66149286831212,114.06000000000002,115.25999999999999,99.65,112.2,11.98888374008744,113.8,112.94000000000001,100.94000000000001,117.78374,115.21194
2024-11-10,89,134,108.1,114.4,111.0,109.9,102.1,106.2,0,0,112.2,9.03880523078135,108.1,111.0,102.1,115.6,9.633275663033864,114.4,109.9,106.2,109.4,10.15655234592694,106.85999999999999,112.16000000000001,101.38,113.1,8.672433978481248,110.32000000000001,110.38,104.12,116.00455,117.59954
2024-11-10,123,103,113.4,107.6,112.2,111.8,99.7,102.3,0,1,114.6,14.397916515940775,113.4,112.2,99.7,112.6,13.371611720357427,107.6,111.8,102.3,117.3,11.981930840505814,113.47999999999999,112.52000000000001,101.02000000000001,108.1,12.792793110011397,108.25999999999999,113.08999999999999,102.12,117.57998,111.67719
2024-11-11,113,119,111.9,119.1,113.4,109.8,104.9,102.0,0,0,114.2,14.989996664442593,111.9,113.4,104.9,125.2,12.275992831539112,119.1,109.8,102.0,114.4,13.351654079801005,112.1,113.6,102.3,117.0,13.466006584482583,117.21,109.97999999999999,101.16,118.90932,123.647606
2024-11-11,107,92,111.4,103.9,107.0,115.9,102.1,103.7,1,1,118.0,10.488088481701476,111.4,107.0,102.1,104.6,14.536161804272803,103.9,115.9,103.7,116.3,8.969702088450571,111.43000000000002,108.02000000000001,101.94999999999999,109.2,13.21447018318265,106.1,116.5,104.25,121.38663,107.153564
2024-11-11,105,107,107.6,105.7,116.9,112.8,101.7,99.0,0,0,116.2,10.568822072492257,107.6,116.9,101.7,108.0,8.860022573334579,105.7,112.8,99.0,111.5,8.885068623507845,109.82000000000001,115.00999999999999,101.16,106.7,11.126045518911349,107.11000000000001,112.95,99.09,113.87222,110.541824
2024-11-11,134,128,117.3,112.4,104.8,107.8,102.6,99.8,1,0,115.4,11.823705003085957,117.3,104.8,102.6,104.8,7.726577508832719,112.4,107.8,99.8,120.7,14.314328485821482,117.21000000000001,106.3,102.41999999999999,107.1,10.99949493789997,114.25,110.3,99.6,114.21904,110.124084
2024-11-11,116,96,111.7,113.8,114.4,113.3,101.7,100.7,0,1,110.2,6.220932405998292,111.7,114.4,101.7,120.4,7.924645102463514,113.8,113.3,100.7,113.2,6.425643072011466,110.44000000000001,114.19000000000001,102.24,114.2,12.673682267684557,113.8,113.05999999999999,100.86,115.560776,115.594025
2024-11-13,94,90,106.5,114.1,106.6,111.9,98.7,101.9,1,0,113.8,9.148770409186156,106.5,106.6,98.7,109.6,19.603571103245446,114.1,111.9,101.9,113.6,7.574812062208471,108.14000000000001,107.4,98.97999999999999,113.9,14.47181168110381,114.85999999999999,112.52000000000001,102.4,112.35193,111.19844
2024-11-13,114,139,105.7,117.5,112.8,108.3,99.0,98.2,0,1,114.4,17.38677658451962,105.7,112.8,99.0,121.0,8.093207028119282,117.5,108.3,98.2,109.5,17.449928366615136,107.11000000000001,112.95,99.09,120.9,9.492101980067293,117.77000000000001,108.35999999999999,98.34,109.07615,111.23621
2024-11-13,123,124,115.0,111.9,110.9,113.4,99.7,104.9,1,0,117.6,8.203657720797448,115.0,110.9,99.7,119.0,13.509256086106292,111.9,113.4,104.9,117.5,6.63743591724667,114.55,110.2,99.15,119.9,10.016098153583325,112.0,113.5,103.6,122.6047,113.18324
2024-11-13,106,114,109.0,119.1,115.2,109.8,99.9,102.0,1,0,106.2,6.723094525588683,109.0,115.2,99.9,121.8,10.802777420645103,119.1,109.8,102.0,110.7,10.154911236550637,110.92,113.4,100.02000000000001,119.2,11.487190934059964,117.84,109.92,101.44,112.05459,114.88425
2024-11-13,106,88,117.3,107.6,104.8,116.9,102.6,101.7,0,0,116.6,13.594116374373142,117.3,104.8,102.6,98.2,8.927485648266257,107.6,116.9,101.7,121.6,14.88623525274274,117.24000000000001,105.8,102.47999999999999,102.1,12.905209972892633,109.82000000000001,115.00999999999999,101.16,121.98692,106.907074
2024-11-13,111,103,111.4,112.4,107.0,107.8,102.1,99.8,0,0,118.4,9.889388252060852,111.4,107.0,102.1,109.6,12.856904759700123,112.4,107.8,99.8,116.6,8.553102101317071,111.42,107.67999999999999,102.0,109.9,12.458375139283175,113.88000000000002,109.8,99.64,113.05371,111.16396
2024-11-13,127,120,113.6,112.0,111.2,110.2,101.3,102.5,1,1,118.8,8.729261137118014,113.6,111.2,101.3,103.4,3.7815340802377277,112.0,110.2,102.5,117.9,13.543756249037015,114.55999999999999,112.12,101.54,103.9,10.640071010623501,110.55999999999999,111.97,102.38,117.61238,112.155464
2024-11-13,139,130,111.7,103.9,114.4,115.9,101.7,103.7,0,0,111.6,6.655824516917473,111.7,114.4,101.7,99.6,13.464768843169924,103.9,115.9,103.7,112.7,5.926400443964472,110.85999999999999,114.25999999999999,102.06,107.7,14.298795598075982,105.66,116.38000000000002,104.14000000000001,117.58402,113.97528
2024-11-13,128,123,113.4,114.4,112.2,109.9,99.7,106.2,0,0,120.6,7.956129712366446,113.4,112.2,99.7,119.2,12.696456198483123,114.4,109.9,106.2,117.9,12.114729327007856,113.46000000000001,112.44000000000001,100.69,115.5,10.783217413081474,111.34,110.26000000000002,104.64000000000001,119.01177,114.24765
2024-11-13,106,98,108.1,113.6,111.0,108.7,102.1,99.8,1,1,107.0,13.435028842544414,108.1,111.0,102.1,117.6,14.859340496805372,113.6,108.7,99.8,108.3,11.757267256183818,107.17,111.87,101.55999999999999,114.4,15.269432063949083,113.4,107.86000000000001,99.6,109.09011,113.997894
2024-11-13,127,104,113.8,113.7,113.3,116.7,100.7,99.2,0,1,113.2,9.523654760647293,113.8,113.3,100.7,110.8,16.115210206509868,113.7,116.7,99.2,116.0,8.550503558920528,113.8,112.82000000000001,101.02000000000001,113.4,12.911665698549944,114.18000000000002,114.78000000000002,99.8,118.560005,113.97253
2024-11-14,115,113,107.8,112.1,116.8,113.3,103.1,101.6,0,0,101.8,16.887865466067645,107.8,116.8,103.1,116.4,8.324662155306898,112.1,113.3,101.6,105.6,14.009520572334386,109.47999999999999,116.75999999999999,102.9,115.9,13.169408997116523,113.65,113.15,101.9,109.973274,117.838104
2024-11-16,115,114,104.0,113.6,113.0,111.2,100.7,101.3,0,0,112.2,14.686728703152365,104.0,113.0,100.7,103.4,7.797435475847249,113.6,111.2,101.3,109.2,11.516172203567603,104.62,113.88,100.42,107.0,12.472191289246267,114.08,111.66,101.42,109.578445,114.08582
2024-11-16,126,123,117.5,107.6,108.3,111.8,98.2,102.3,0,1,118.2,9.17605579756354,117.5,108.3,98.2,113.0,12.961481396815724,107.6,111.8,102.3,121.2,10.05319186461031,118.58000000000001,108.54,98.76,108.1,12.792793110011397,108.03999999999999,112.66,102.17999999999999,119.70304,106.41739
2024-11-16,99,104,107.6,113.4,116.9,112.2,101.7,99.7,1,1,112.6,10.73778375643687,107.6,116.9,101.7,112.6,11.148990985734976,113.4,112.2,99.7,111.2,9.0651959591493,109.08,115.64000000000001,101.34,115.5,10.637982264822083,113.46,112.44000000000001,100.69,113.30556,116.667046
2024-11-16,110,93,112.1,111.7,113.3,114.4,101.6,101.7,0,1,113.8,9.679876032264051,112.1,113.3,101.6,102.4,6.188699378706298,111.7,114.4,101.7,119.9,13.08476637587064,112.41,113.27000000000001,101.66,101.8,11.272385136548065,110.43999999999998,114.19000000000001,102.24000000000001,118.27444,114.328415
2024-11-16,121,117,113.8,107.8,113.3,116.8,100.7,103.1,1,0,114.6,11.148990985734983,113.8,113.3,100.7,110.2,14.481022063376619,107.8,116.8,103.1,116.4,8.996295533903652,113.8,112.93999999999998,100.94,109.8,11.173381065928341,109.05999999999999,116.77000000000001,102.95,119.85564,113.27906
2024-11-17,120,117,113.6,113.7,108.7,116.7,99.8,99.2,0,0,113.6,12.177848742696682,113.6,108.7,99.8,115.0,7.4833147735478756,113.7,116.7,99.2,109.2,10.674996747332374,113.5,108.28,99.7,111.4,12.633289357883042,114.06000000000002,115.25999999999999,99.65,116.9485,109.47217
2024-11-17,119,110,114.1,110.8,111.9,110.3,101.9,98.5,0,0,121.0,12.247448713915885,114.1,111.9,101.9,113.4,11.480418110852922,110.8,110.3,98.5,123.8,14.755789824110911,115.62,113.14000000000001,102.9,115.1,8.198238293140045,111.16,110.13999999999999,98.42,114.72911,112.51338
2024-11-17,128,114,119.1,104.0,109.8,113.0,102.0,100.7,0,1,122.2,12.9305839001957,119.1,109.8,102.0,108.6,10.358571330062889,104.0,113.0,100.7,121.7,12.445882853377707,117.84,109.92,101.44000000000001,106.5,11.187790964558818,105.23999999999998,114.75999999999999,100.14000000000001,119.44494,106.723175
2024-11-17,104,124,103.9,112.0,115.9,110.2,103.7,102.5,0,0,114.2,11.713240371477019,103.9,115.9,103.7,107.2,7.981227975693927,112.0,110.2,102.5,114.2,12.318008497047506,105.66,116.38000000000002,104.14000000000001,105.2,11.792653080060754,111.04,111.38,102.42,114.027306,119.86455
2024-11-17,105,90,114.4,117.2,109.9,113.4,106.2,102.1,0,0,122.0,9.669539802906874,114.4,109.9,106.2,120.6,18.16039647144301,117.2,113.4,102.1,117.8,9.612491872558136,112.36000000000001,110.14000000000001,105.16,116.2,14.972567507871878,116.4,111.85,100.69999999999999,119.1368,121.1234
2024-11-17,114,110,108.1,111.9,111.0,112.9,102.1,105.1,0,0,107.4,13.352902306240404,108.1,111.0,102.1,118.6,8.473488065725972,111.9,112.9,105.1,109.7,10.349986580774905,107.47999999999999,111.58,101.74,115.5,7.153087911291703,112.74000000000001,114.18000000000002,104.17999999999999,117.281334,118.53851
2024-11-17,114,104,115.0,105.7,110.9,112.8,99.7,99.0,0,0,117.4,8.018728078691755,115.0,110.9,99.7,106.2,7.661592523751062,105.7,112.8,99.0,117.4,6.535373831014695,114.64000000000001,110.34,99.25999999999999,106.7,11.126045518911349,106.64000000000001,112.9,99.05999999999999,120.18329,106.25953
2024-11-17,107,143,111.9,111.4,113.4,107.0,104.9,102.1,0,0,111.0,12.549900398011136,111.9,113.4,104.9,105.6,2.7018512172211886,111.4,107.0,102.1,115.6,12.527303514058143,112.05,113.55,102.95,110.2,5.411920998027248,111.43000000000002,108.02000000000001,101.94999999999999,117.10169,120.08325
2024-11-17,119,121,117.3,112.1,104.8,113.3,102.6,101.6,0,1,116.8,13.386560424545207,117.3,104.8,102.6,115.6,8.443932733033753,112.1,113.3,101.6,118.7,14.810281713878503,117.27000000000001,105.3,102.53999999999999,114.7,12.789318459819,113.34,113.17999999999999,101.84,121.56803,112.147156
2024-11-17,116,105,112.4,107.8,107.8,116.8,99.8,103.1,0,1,107.8,10.183319694480794,112.4,107.8,99.8,113.2,13.899640283115259,107.8,116.8,103.1,109.9,9.421606374003627,112.77000000000001,108.3,99.75999999999999,110.5,11.404190263037403,108.63999999999999,116.78,103.0,118.17345,109.328674
2024-11-18,112,122,112.0,111.9,110.2,113.4,102.5,104.9,1,1,110.4,11.148990985734988,112.0,110.2,102.5,117.2,11.649034294738765,111.9,113.4,104.9,109.8,9.22315925627793,111.04,111.38000000000002,102.42,120.4,10.090699788528795,111.95,113.45,104.25,121.789986,117.17812
2024-11-18,106,89,110.8,109.0,110.3,115.2,98.5,99.9,1,0,108.2,8.64291617453276,110.8,110.3,98.5,109.0,8.124038404635991,109.0,115.2,99.9,107.8,10.799176923368883,111.16,110.14000000000001,98.41999999999999,112.1,14.169215456992132,110.44000000000001,113.85,99.99000000000001,112.795235,108.18177
2024-11-18,134,106,115.0,103.9,110.9,115.9,99.7,103.7,1,1,116.0,7.842193570679033,115.0,110.9,99.7,108.2,16.73917560694073,103.9,115.9,103.7,117.6,6.380525927469592,114.72999999999999,110.47999999999999,99.37,108.5,15.371329733558483,105.22,116.25999999999999,104.03000000000002,121.0362,110.39408
2024-11-18,130,119,107.6,114.1,111.8,111.9,102.3,101.9,0,1,120.4,9.889388252060865,107.6,111.8,102.3,108.0,21.059439688652684,114.1,111.9,101.9,117.5,12.276897907135258,108.25999999999999,113.08999999999999,102.12,110.9,16.086225992030116,114.47999999999999,112.21000000000001,102.15,113.108894,116.74406
2024-11-18,101,100,113.6,111.4,111.2,107.0,101.3,102.1,0,1,118.4,8.173126696680951,113.6,111.2,101.3,113.0,16.985287751463016,111.4,107.0,102.1,120.2,12.856472645670898,114.31999999999998,111.89000000000001,101.47999999999999,112.9,11.704225257952299,111.42,107.67999999999999,102.0,117.35168,115.854836
2024-11-18,99,109,113.7,106.5,116.7,106.6,99.2,98.7,1,0,112.6,6.503845016603684,113.7,116.7,99.2,98.0,12.288205727444499,106.5,106.6,98.7,110.6,9.890511727015127,113.94000000000001,115.74000000000001,99.5,105.7,12.302212989720312,106.91,106.8,98.77,109.92137,108.72797
2024-11-18,108,109,113.8,111.9,113.3,112.9,100.7,105.1,0,1,115.8,11.51954860226736,113.8,113.3,100.7,116.2,8.95544527089527,111.9,112.9,105.1,117.8,8.44327477279344,113.8,113.05999999999999,100.86,115.5,7.153087911291703,112.53000000000002,113.85999999999999,104.41,120.52489,119.04596
2024-11-18,102,99,112.4,112.0,107.8,108.7,99.8,101.4,1,0,107.2,9.418067742376904,112.4,107.8,99.8,122.8,4.919349550499635,112.0,108.7,101.4,110.4,9.617114374327054,112.4,107.8,99.8,124.4,9.045563676312655,112.27000000000001,109.05,101.45000000000002,111.85833,111.78913
2024-11-20,128,100,119.1,107.6,109.8,116.9,102.0,101.7,1,1,121.0,11.789826122551606,119.1,109.8,102.0,94.8,8.927485648266257,107.6,116.9,101.7,123.5,11.853269591129758,118.47,109.85999999999999,101.72,99.5,12.860361149240427,109.08,115.64000000000001,101.34,122.834404,110.87174
2024-11-20,122,106,113.6,111.9,111.2,113.4,101.3,104.9,0,0,114.2,10.825894882179423,113.6,111.2,101.3,116.4,11.013627921806686,111.9,113.4,104.9,118.6,14.222048610051306,114.08,111.66000000000001,101.41999999999999,120.5,10.102254973794135,111.9,113.4,104.9,122.80338,116.5781
2024-11-20,130,113,111.4,114.1,107.0,111.9,102.1,101.9,0,0,115.0,8.602325267042582,111.4,107.0,102.1,108.8,21.463923220138483,114.1,111.9,101.9,115.9,8.710785141293336,111.41000000000001,107.34,102.05,110.0,15.253414918196679,114.1,111.9,101.9,117.17286,113.53213
2024-11-20,117,111,114.4,109.0,109.9,115.2,106.2,99.9,1,0,118.4,12.218837915284757,114.4,109.9,106.2,105.4,12.198360545581547,109.0,115.2,99.9,117.2,10.250203250017188,113.38,110.02000000000001,105.67999999999999,109.4,15.819818793736681,109.96000000000001,114.3,99.96000000000001,119.33395,109.891594
2024-11-20,109,99,117.3,108.1,104.8,111.0,102.6,102.1,1,0,120.2,10.545141061171252,117.3,104.8,102.6,105.6,7.765307463326906,108.1,111.0,102.1,116.8,13.189221188362652,117.3,104.8,102.6,100.7,10.143963722332536,107.47999999999999,111.58,101.73999999999998,118.9846,108.991165
2024-11-20,122,138,113.7,115.0,116.7,110.9,99.2,99.7,0,0,110.6,8.961026726887972,113.7,116.7,99.2,115.6,11.502173707608536,115.0,110.9,99.7,111.3,8.59004591890465,113.82000000000001,116.22,99.35,114.2,10.250203250017469,114.82000000000001,110.62,99.48,113.27434,115.202644
2024-11-20,120,97,112.0,111.9,108.7,112.9,101.4,105.1,0,0,115.0,10.148891565092201,112.0,108.7,101.4,117.2,7.395944834840269,111.9,112.9,105.1,114.6,7.890923055426818,113.35,110.45,101.65,115.8,6.7626424815551305,112.32000000000001,113.54,104.64000000000001,121.605194,114.32604
2024-11-20,104,93,112.4,106.5,107.8,106.6,99.8,98.7,0,0,109.2,5.718391382198352,112.4,107.8,99.8,100.0,13.26649916142159,106.5,106.6,98.7,110.2,9.784341231443866,112.4,107.8,99.8,105.5,12.222474744866018,106.5,106.6,98.7,109.47217,105.552414
2024-11-21,123,121,104.0,112.0,113.0,110.2,100.7,102.5,0,0,107.6,4.979959839195451,104.0,113.0,100.7,112.4,8.905054744357239,112.0,110.2,102.5,110.3,11.489608831945159,104.31000000000002,113.44000000000001,100.56,108.1,12.547244053310417,111.52000000000001,110.79,102.46,108.79332,115.14949
2024-11-21,110,105,107.6,113.6,111.8,108.7,102.3,99.8,0,0,125.2,6.340346993658897,107.6,111.8,102.3,111.2,15.07315494513342,113.6,108.7,99.8,117.5,12.276897907135258,108.03999999999999,112.66,102.17999999999999,115.5,13.35207016824652,113.45,108.07000000000001,99.65,111.42524,114.35261
2024-11-21,126,118,111.7,107.8,114.4,116.8,101.7,103.1,0,0,119.2,11.476062042355805,111.7,114.4,101.7,113.6,13.557285864065875,107.8,116.8,103.1,114.3,9.866328823044794,111.28,114.33000000000001,101.88000000000001,109.4,11.345091939297479,108.21999999999998,116.79,103.05,120.02707,114.40212
2024-11-21,118,119,113.4,106.5,112.2,106.6,99.7,98.7,0,1,124.2,5.718391382198336,113.4,112.2,99.7,96.8,12.45792920191794,106.5,106.6,98.7,118.7,12.525973016097288,113.44000000000001,112.35999999999999,100.36,102.5,11.078006238589195,106.5,106.6,98.7,114.41092,107.50153
2024-11-23,121,106,107.8,115.0,116.8,110.9,103.1,99.7,0,0,101.8,16.887865466067645,107.8,116.8,103.1,120.0,15.280706789936161,115.0,110.9,99.7,105.8,14.140564188021258,109.05999999999999,116.77000000000001,102.95,115.8,12.5857061780419,114.91,110.76000000000002,99.59,106.525826,118.52141
2024-11-23,111,100,106.5,112.0,106.6,110.2,98.7,102.5,0,0,113.0,10.88577052853863,106.5,106.6,98.7,115.6,8.443932733033781,112.0,110.2,102.5,112.6,9.41865760663972,107.72999999999999,107.2,98.91,111.1,11.551334699216975,112.0,110.2,102.5,112.211784,109.67503
2024-11-23,131,142,111.9,114.4,113.4,109.9,104.9,106.2,1,0,113.4,9.502631214563685,111.9,113.4,104.9,118.6,12.361229712289976,114.4,109.9,106.2,115.5,12.598500792642845,112.0,113.5,103.6,116.7,10.893933072026094,112.36000000000001,110.14000000000001,105.16,123.17788,121.60131
2024-11-23,98,104,111.4,108.1,107.0,111.0,102.1,102.1,1,1,116.8,10.825894882179451,111.4,107.0,102.1,104.2,8.288546314040873,108.1,111.0,102.1,117.9,9.468661761598327,111.4,107.0,102.1,102.4,7.82020175926134,107.78999999999999,111.29,101.91999999999999,117.296,108.686455
2024-11-23,125,119,113.6,104.0,111.2,113.0,101.3,100.7,1,0,116.0,11.313708498984704,113.6,111.2,101.3,108.4,10.212737145349468,104.0,113.0,100.7,116.2,10.664583129842896,113.83999999999999,111.43000000000002,101.36,106.4,11.107554986484425,104.92999999999999,114.32000000000001,100.28,117.03748,107.40845
2024-11-23,104,94,111.7,112.0,114.4,108.7,101.7,101.4,0,1,121.8,11.189280584559478,111.7,114.4,101.7,117.2,11.054410884348428,112.0,108.7,101.4,115.7,10.478019320887363,111.7,114.4,101.7,120.7,11.10605440489321,112.0,108.7,101.4,115.71904,117.68877
2024-11-23,102,127,113.4,117.2,112.2,113.4,99.7,102.1,0,1,123.2,6.379655163094647,113.4,112.2,99.7,119.8,19.651971911235773,117.2,113.4,102.1,119.9,11.723196378690005,113.42,112.28,100.03,115.2,16.437085440484292,116.56000000000002,112.16,100.97999999999999,116.81259,114.65222
2024-11-24,107,105,117.5,113.6,108.3,108.7,98.2,99.8,0,0,119.4,9.838699100999046,117.5,108.3,98.2,111.6,14.825653442597396,113.6,108.7,99.8,122.9,9.15848119383218,118.31000000000002,108.47999999999999,98.62,113.3,13.055862880543602,113.5,108.28,99.7,113.12193,111.00367
2024-11-24,115,103,114.1,103.9,111.9,115.9,101.9,103.7,0,0,123.6,9.289779329994866,114.1,111.9,101.9,105.2,15.139352694220435,103.9,115.9,103.7,123.1,14.805779652254476,115.24000000000001,112.83,102.65,107.0,14.734690736866956,104.78,116.14000000000001,103.92,124.632965,111.27882
2024-11-24,123,118,110.8,112.1,110.3,113.3,98.5,101.6,0,0,105.2,4.868264577855233,110.8,110.3,98.5,115.2,8.04363102087601,112.1,113.3,101.6,109.2,9.330952077182026,111.07000000000001,110.17999999999999,98.44,113.8,11.877148928369431,113.03,113.21,101.78,112.4701,110.473526
2024-11-24,99,125,109.0,112.4,115.2,107.8,99.9,99.8,0,0,104.8,5.585696017507624,109.0,115.2,99.9,111.8,9.628083921528711,112.4,107.8,99.8,109.3,9.684466370889458,110.44000000000001,113.85,99.99000000000001,107.2,10.368756488176837,113.50999999999999,109.3,99.68,109.23978,111.84288
2024-11-24,122,108,119.1,107.6,109.8,111.8,102.0,102.3,0,0,122.6,12.157302332343317,119.1,109.8,102.0,111.0,9.380831519646865,107.6,111.8,102.3,124.2,11.895844279037641,119.1,109.8,102.0,110.1,13.453211099543775,107.82000000000001,112.22999999999999,102.24,120.35781,114.60079
2024-11-24,103,108,113.8,105.7,113.3,112.8,100.7,99.0,0,0,115.2,11.90378091196238,113.8,113.3,100.7,106.8,7.25947656515249,105.7,112.8,99.0,116.5,8.885068623507973,113.8,113.17999999999999,100.78,108.5,8.56673151726421,106.17,112.85,99.03,118.28952,108.22692
2024-11-25,84,95,104.0,106.5,113.0,106.6,100.7,98.7,0,0,110.4,8.590692637965786,104.0,113.0,100.7,103.6,13.630847369110983,106.5,106.6,98.7,110.7,11.888836967695607,104.0,113.0,100.7,103.8,12.236557250032877,106.5,106.6,98.7,107.02465,107.85882
2024-11-25,102,100,112.0,107.6,110.2,111.8,102.5,102.3,0,1,109.2,10.425929215182695,112.0,110.2,102.5,108.8,8.258329128825038,107.6,111.8,102.3,110.5,9.082951062292391,111.52000000000001,110.79,102.46,109.3,13.300375934536557,107.6,111.8,102.3,118.68183,113.82236
2024-11-25,114,110,114.1,107.6,111.9,116.9,101.9,101.7,1,0,123.8,9.038805230781328,114.1,111.9,101.9,94.2,8.318653737234168,107.6,116.9,101.7,122.9,14.910473574713302,114.85999999999999,112.52000000000001,102.4,96.8,8.560892995995994,108.34,116.27000000000001,101.52000000000001,118.66858,111.324554
2024-11-25,119,129,111.9,112.1,112.9,113.3,105.1,101.6,0,1,112.2,11.189280584559441,111.9,112.9,105.1,118.4,3.2093613071760623,112.1,113.3,101.6,116.5,9.698224350650802,112.10999999999999,113.22,104.87,114.5,11.900046685249245,112.72,113.24000000000001,101.72,119.77694,117.04062
2024-11-25,126,94,117.5,112.4,108.3,107.8,98.2,99.8,1,1,114.4,8.01872807869175,117.5,108.3,98.2,115.0,11.022703842524287,112.4,107.8,99.8,120.5,9.913514905308721,118.04,108.42,98.47999999999999,110.2,10.77857958071358,113.14000000000001,108.8,99.72,113.648125,109.92353
2024-11-25,123,98,114.4,108.1,109.9,111.0,106.2,102.1,0,0,120.6,10.261578825892258,114.4,109.9,106.2,105.6,7.300684899377629,108.1,111.0,102.1,118.6,8.97156000308113,114.4,109.9,106.2,102.2,7.743097284391702,108.1,111.0,102.1,118.57695,114.42694
2024-11-25,118,145,117.2,115.0,113.4,110.9,102.1,99.7,0,0,126.2,5.80517010948001,117.2,113.4,102.1,115.6,15.565988564816598,115.0,110.9,99.7,116.7,13.984515246037944,117.04,113.09,101.82,114.1,12.653062870309387,115.0,110.9,99.7,116.94477,115.34299
2024-11-25,120,128,112.0,105.7,108.7,112.8,101.4,99.0,0,1,115.0,10.148891565092201,112.0,108.7,101.4,104.6,3.130495168499402,105.7,112.8,99.0,115.5,7.947746011710886,113.08,110.1,101.60000000000001,107.9,8.345990387938054,105.7,112.8,99.0,116.703,106.29539
2024-11-25,109,130,113.8,117.3,113.3,104.8,100.7,102.6,1,0,111.4,12.218837915284741,113.8,113.3,100.7,116.0,14.12444689182553,117.3,104.8,102.6,115.1,9.84829370443888,113.8,113.3,100.7,111.9,11.855144218627002,117.21000000000001,106.3,102.41999999999999,109.53845,115.785095
2024-11-27,94,98,104.0,110.8,113.0,110.3,100.7,98.5,0,1,106.6,14.707141122597536,104.0,113.0,100.7,110.6,9.838699100999065,110.8,110.3,98.5,109.3,14.158232783633572,104.0,113.0,100.7,114.2,8.216514535440679,111.07000000000001,110.17999999999999,98.44,107.58852,112.89799
2024-11-27,124,135,119.1,111.9,109.8,112.9,102.0,105.1,0,0,123.8,11.627553482998916,119.1,109.8,102.0,112.6,11.326958991715316,111.9,112.9,105.1,122.0,9.649409884086818,119.1,109.8,102.0,114.0,9.018499505645838,112.11000000000001,113.22,104.86999999999998,127.85297,117.73613
2024-11-27,121,114,114.1,108.1,111.9,111.0,101.9,102.1,0,0,119.6,7.231873892705809,114.1,111.9,101.9,101.6,3.049590136395464,108.1,111.0,102.1,118.6,9.0209632400192,114.47999999999999,112.21000000000001,102.15,103.2,6.196773353931755,108.1,111.0,102.1,117.2103,113.462326
2024-11-27,133,119,106.5,111.9,106.6,113.4,98.7,104.9,0,1,112.0,10.770329614269018,106.5,106.6,98.7,115.2,11.903780911962379,111.9,113.4,104.9,112.4,9.430447143870456,107.32000000000001,107.0,98.84,118.5,10.844865656664672,111.9,113.4,104.9,115.53194,109.08189
2024-11-27,115,122,109.0,111.4,115.2,107.0,99.9,102.1,0,1,102.8,5.495452665613683,109.0,115.2,99.9,111.8,17.796066981218058,111.4,107.0,102.1,106.7,8.40700765895793,109.96,114.3,99.96000000000001,111.3,12.311241475442927,111.41000000000001,107.34,102.05,110.756584,115.380165
2024-11-27,96,121,103.9,112.4,115.9,107.8,103.7,99.8,1,0,113.4,12.36122971228992,103.9,115.9,103.7,111.4,14.604793733565693,112.4,107.8,99.8,112.6,12.518430856585509,105.22,116.25999999999999,104.03000000000002,109.1,11.873874215641958,112.77000000000001,108.3,99.75999999999999,108.49639,118.386955
2024-11-27,129,114,112.1,115.0,113.3,110.9,101.6,99.7,0,0,115.4,7.700649323271387,112.1,113.3,101.6,125.2,16.021860066796275,115.0,110.9,99.7,116.2,9.235198367598327,112.1,113.3,101.6,117.5,15.883254634292676,115.0,110.9,99.7,113.57265,113.75934
2024-11-27,131,111,114.4,112.0,109.9,110.2,106.2,102.5,0,0,120.8,10.305338422390617,114.4,109.9,106.2,114.4,10.35857133006282,112.0,110.2,102.5,119.9,8.517302650748098,114.4,109.9,106.2,111.2,11.438725647747884,112.0,110.2,102.5,119.75773,118.382545
2024-11-27,104,115,113.6,113.8,108.7,113.3,99.8,100.7,1,0,114.8,12.517987058628842,113.6,108.7,99.8,117.0,13.546217184144028,113.8,113.3,100.7,110.6,11.117553687749878,113.55,108.49000000000001,99.75,113.3,13.6792624882419,113.8,113.17999999999999,100.78,115.792885,109.89262
2024-11-27,93,119,107.6,107.6,116.9,111.8,101.7,102.3,0,0,107.4,9.449867723941933,107.6,116.9,101.7,107.4,9.18150314491043,107.6,111.8,102.3,110.2,9.852241707685883,108.34,116.27000000000001,101.52000000000001,110.8,10.881176406988297,107.6,111.8,102.3,117.40613,113.22128
2024-11-27,101,119,111.7,113.4,114.4,112.2,101.7,99.7,1,1,119.0,13.820274961085243,111.7,114.4,101.7,112.4,11.326958991715287,113.4,112.2,99.7,114.6,11.117553687749838,111.7,114.4,101.7,113.4,10.6270096138724,113.44000000000001,112.35999999999999,100.36,115.83955,116.64539
2024-11-27,117,127,113.7,105.7,116.7,112.8,99.2,99.0,1,0,114.4,8.961026726887972,113.7,116.7,99.2,109.4,10.853570840972033,105.7,112.8,99.0,112.9,8.97465567275124,113.7,116.7,99.2,108.5,9.594558643082784,105.7,112.8,99.0,117.36271,110.18018
2024-11-27,103,122,107.8,117.2,116.8,113.4,103.1,102.1,1,0,101.2,15.927962832704003,107.8,116.8,103.1,120.8,19.917329138215287,117.2,113.4,102.1,108.4,14.323252268795304,108.63999999999999,116.78,103.0,116.8,16.758414138707977,116.71999999999998,112.47,101.26,112.244286,123.011154
2024-11-27,101,105,112.0,117.3,108.7,104.8,101.4,102.6,0,0,114.4,9.633275663033816,112.0,108.7,101.4,121.6,12.660963628413118,117.3,104.8,102.6,115.7,8.042249547096718,112.80999999999999,109.75,101.55,113.7,13.16603374006175,117.23999999999998,105.8,102.47999999999999,111.12596,114.15969
2024-11-30,104,107,104.0,111.9,113.0,112.9,100.7,105.1,1,1,103.8,15.67482057313574,104.0,113.0,100.7,114.4,14.310835055998666,111.9,112.9,105.1,108.3,14.907492523336511,104.0,113.0,100.7,116.1,11.199702376997976,111.9,112.9,105.1,111.2031,114.65968
2024-11-30,96,111,112.0,109.0,110.2,115.2,102.5,99.9,1,0,110.0,9.460443964212253,112.0,110.2,102.5,104.0,10.700467279516374,109.0,115.2,99.9,110.5,9.082951062292391,112.0,110.2,102.5,107.2,13.538422688366845,109.47999999999999,114.75000000000003,99.93,116.529884,110.019135
2024-11-30,124,114,113.6,103.9,111.2,115.9,101.3,103.7,0,0,116.4,11.653325705565718,113.6,111.2,101.3,105.0,15.165750888103085,103.9,115.9,103.7,116.8,11.003029885747964,113.6,111.2,101.3,105.1,13.7796145729037,104.34,116.02000000000001,103.81000000000002,119.960884,111.57547
2024-11-30,113,105,113.7,112.0,116.7,108.7,99.2,101.4,0,0,114.2,8.871302046486782,113.7,116.7,99.2,111.0,13.910427743243591,112.0,108.7,101.4,111.9,7.694875639743158,113.7,116.7,99.2,118.9,13.803783700292007,112.0,108.7,101.4,113.83174,115.02232
2024-11-30,94,106,107.8,112.1,116.8,113.3,103.1,101.6,0,0,104.6,13.501851724856119,107.8,116.8,103.1,120.2,5.805170109479897,112.1,113.3,101.6,106.3,13.283657461540832,108.21999999999998,116.79,103.05,118.8,7.360555534589623,112.41,113.27000000000001,101.66,111.08457,118.54562
2024-12-01,92,100,105.7,106.5,112.8,106.6,99.0,98.7,0,0,114.2,17.383900597967067,105.7,112.8,99.0,105.4,11.081516141756047,106.5,106.6,98.7,113.2,13.197642887189254,106.64000000000001,112.9,99.05999999999999,101.7,11.700427342622959,106.5,106.6,98.7,107.72643,107.40656
2024-12-01,136,121,114.4,114.1,109.9,111.9,106.2,101.9,0,0,120.8,10.305338422390617,114.4,109.9,106.2,107.8,21.040437257813817,114.1,111.9,101.9,121.0,9.213516640723288,114.4,109.9,106.2,109.6,15.101140501446991,114.1,111.9,101.9,119.240524,119.878876
2024-12-01,115,111,119.1,117.5,109.8,108.3,102.0,98.2,0,0,121.4,9.528903399657288,119.1,109.8,102.0,122.4,10.667708282475637,117.5,108.3,98.2,122.6,9.559172442098694,119.1,109.8,102.0,123.6,10.469001862641747,117.5,108.3,98.2,116.00576,113.512634
2024-12-01,118,85,115.0,107.6,110.9,116.9,99.7,101.7,0,0,118.2,11.144505372604005,115.0,110.9,99.7,95.0,9.797958971132712,107.6,116.9,101.7,119.0,8.232726023485688,114.82000000000001,110.62,99.48,98.9,8.999382694879285,107.6,116.9,101.7,119.24434,108.47046
2024-12-01,119,116,107.6,110.8,111.8,110.3,102.3,98.5,0,0,124.2,8.408329203831128,107.6,111.8,102.3,107.4,10.99090533122726,110.8,110.3,98.5,116.2,12.318008497047453,107.82000000000001,112.22999999999999,102.24,112.5,9.663792676216001,110.97999999999999,110.22,98.46000000000001,110.005646,111.78779
2024-12-01,119,116,111.4,117.3,107.0,104.8,102.1,102.6,0,0,114.6,13.575713609236136,111.4,107.0,102.1,119.8,14.5155089473294,117.3,104.8,102.6,115.2,10.95242236017013,111.4,107.0,102.1,112.1,13.152524050116371,117.27000000000001,105.3,102.53999999999999,111.62072,114.48129
2024-12-01,104,105,107.8,113.4,116.8,112.2,103.1,99.7,1,0,104.2,13.845576911057197,107.8,116.8,103.1,114.2,11.562871615649797,113.4,112.2,99.7,105.4,13.82590161817844,107.8,116.8,103.1,113.0,10.295630140987154,113.42,112.28,100.03,109.39235,116.62956
2024-12-01,131,137,108.1,112.1,111.0,113.3,102.1,101.6,0,1,109.6,13.352902306240404,108.1,111.0,102.1,117.4,8.619744775803913,112.1,113.3,101.6,110.4,10.383747985299932,107.78999999999999,111.29,101.91999999999999,116.9,8.006247560499256,112.1,113.3,101.6,111.60457,115.66952
2024-12-01,125,127,113.8,111.7,113.3,114.4,100.7,101.7,0,0,113.6,9.989994994993738,113.8,113.3,100.7,99.2,6.058052492344362,111.7,114.4,101.7,113.4,9.203863922892003,113.8,113.3,100.7,100.9,11.608904628201143,110.85999999999999,114.26000000000002,102.06,116.946655,110.892975
2024-12-01,126,122,112.4,117.2,107.8,113.4,99.8,102.1,0,0,107.4,5.6391488719487075,112.4,107.8,99.8,119.8,19.651971911235773,117.2,113.4,102.1,107.9,7.922541679705164,112.4,107.8,99.8,117.0,16.812693617224742,116.88,112.78000000000002,101.53999999999999,115.00904,110.83415
2024-12-02,124,112,111.9,107.6,112.9,116.9,105.1,101.7,0,1,112.2,11.189280584559441,111.9,112.9,105.1,94.2,10.545141061171254,107.6,116.9,101.7,117.1,9.64307465951029,111.9,112.9,105.1,98.3,9.753062197188441,107.6,116.9,101.7,119.77694,112.782425
2024-12-02,108,89,117.5,110.8,108.3,110.3,98.2,98.5,1,1,115.8,9.497368056466986,117.5,108.3,98.2,108.2,11.541230437002799,110.8,110.3,98.5,119.9,9.302926660166948,117.77000000000001,108.35999999999999,98.34,112.4,9.61711437432695,110.88999999999999,110.25999999999999,98.47999999999999,112.03938,109.80352
2024-12-02,128,102,111.9,105.7,113.4,112.8,104.9,99.0,0,1,119.2,9.65401470891774,111.9,113.4,104.9,114.8,11.69187752245116,105.7,112.8,99.0,116.9,13.527338573750903,111.95,113.45,104.25,111.4,10.415799963943662,105.7,112.8,99.0,119.557755,111.84969
2024-12-02,109,80,113.6,113.4,108.7,112.2,99.8,99.7,0,1,111.8,13.046072205840312,113.6,108.7,99.8,109.0,7.106335201775932,113.4,112.2,99.7,110.8,10.962562555250422,113.6,108.7,99.8,111.1,9.78036581910714,113.4,112.2,99.7,115.96157,108.82061
2024-12-04,130,120,117.5,112.0,108.3,110.2,98.2,102.5,0,1,115.0,10.049875621120865,117.5,108.3,98.2,115.2,9.782637681116448,112.0,110.2,102.5,117.4,8.733078876700223,117.5,108.3,98.2,109.3,9.357706271660117,112.0,110.2,102.5,117.41955,107.64241
2024-12-04,99,90,105.7,114.1,112.8,111.9,99.0,101.9,0,1,104.8,12.69645619848309,105.7,112.8,99.0,105.2,17.498571370257626,114.1,111.9,101.9,111.8,14.702985335562882,106.17,112.85,99.03,110.6,15.529183995160663,114.1,111.9,101.9,109.72816,114.38829
2024-12-04,134,93,110.8,113.4,110.3,112.2,98.5,99.7,0,0,110.4,7.231873892705814,110.8,110.3,98.5,104.4,15.009996668887032,113.4,112.2,99.7,109.0,8.969082698049188,110.97999999999999,110.22,98.46,107.1,13.28700283903218,113.4,112.2,99.7,112.62857,110.931885
2024-12-04,102,106,109.0,106.5,115.2,106.6,99.9,98.7,1,1,106.8,5.674504383644491,109.0,115.2,99.9,103.2,10.779610382569485,106.5,106.6,98.7,107.5,8.809716857601654,109.47999999999999,114.75,99.93,100.6,11.236844159579045,106.5,106.6,98.7,108.841866,108.03572
2024-12-04,104,119,113.6,111.9,111.2,112.9,101.3,105.1,1,0,119.8,10.66302021005301,113.6,111.2,101.3,111.6,14.064138793399344,111.9,112.9,105.1,119.3,9.202052911050508,113.6,111.2,101.3,115.1,11.551334699216978,111.9,112.9,105.1,122.43315,117.367485
2024-12-04,80,108,112.4,113.6,107.8,108.7,99.8,99.8,1,0,110.6,10.188228501560044,112.4,107.8,99.8,109.2,14.703741020570243,113.6,108.7,99.8,109.2,9.715966241192845,112.4,107.8,99.8,113.1,13.177843357528435,113.55,108.49000000000001,99.75,110.722626,110.52116
2024-12-05,126,114,119.1,117.2,109.8,113.4,102.0,102.1,0,0,123.4,5.366563145999515,119.1,109.8,102.0,115.4,14.72412985544476,117.2,113.4,102.1,122.8,9.35473736195263,119.1,109.8,102.0,116.6,16.62127151173067,117.04,113.09,101.82,122.88378,118.74953
2024-12-05,101,137,103.9,112.1,115.9,113.3,103.7,101.6,0,0,112.2,13.935566009315844,103.9,115.9,103.7,122.2,11.691877522451167,112.1,113.3,101.6,112.0,13.20774183743934,104.78,116.14000000000001,103.92,118.9,10.224697767877766,112.1,113.3,101.6,114.00318,118.11582
2024-12-05,125,101,115.0,104.0,110.9,113.0,99.7,100.7,0,0,121.0,7.999999999999971,115.0,110.9,99.7,110.2,11.300442469213353,104.0,113.0,100.7,119.7,7.761013679496646,114.91,110.76000000000002,99.59,108.5,11.325978005354571,104.62,113.88,100.42,119.5175,106.044426
2024-12-05,92,129,107.6,117.3,111.8,104.8,102.3,102.6,0,0,123.0,8.68907359849135,107.6,111.8,102.3,115.6,10.876580344942976,117.3,104.8,102.6,117.8,11.41928193889615,107.6,111.8,102.3,113.6,12.589237025685428,117.3,104.8,102.6,111.41583,119.44552
2024-12-05,115,110,114.4,113.8,109.9,113.3,106.2,100.7,0,0,122.4,12.157302332343319,114.4,109.9,106.2,115.4,13.126309458488283,113.8,113.3,100.7,122.2,10.358034991680848,114.4,109.9,106.2,113.4,13.688600285557962,113.8,113.3,100.7,119.89065,116.48027
2024-12-05,126,124,107.6,113.7,116.9,116.7,101.7,99.2,0,0,103.8,11.031772296417266,107.6,116.9,101.7,115.2,7.529940238806672,113.7,116.7,99.2,108.7,11.26499001331106,107.6,116.9,101.7,112.3,12.684636376341285,113.93999999999998,115.74000000000001,99.5,111.55581,116.67513
2024-12-05,124,139,111.7,111.9,114.4,113.4,101.7,104.9,0,0,117.2,15.73848785620778,111.7,114.4,101.7,119.2,7.726577508832734,111.9,113.4,104.9,113.7,11.87013058057914,111.7,114.4,101.7,117.7,10.43551627855537,111.9,113.4,104.9,122.35928,119.73379
2024-12-05,99,93,112.0,111.4,108.7,107.0,101.4,102.1,0,0,113.8,10.497618777608547,112.0,108.7,101.4,114.6,18.14662503056697,111.4,107.0,102.1,114.9,9.109823757290185,112.53999999999999,109.4,101.5,112.1,12.758004023618515,111.4,107.0,102.1,115.35844,111.94317
2024-12-06,102,94,109.0,106.5,115.2,106.6,99.9,98.7,0,0,105.8,6.058052492344428,109.0,115.2,99.9,102.6,10.454664030948095,106.5,106.6,98.7,105.2,6.408327915038832,109.0,115.2,99.9,101.3,11.34362278012526,106.5,106.6,98.7,108.51401,107.70404
2024-12-06,134,132,111.9,113.4,112.9,112.2,105.1,99.7,0,0,114.0,12.40967364599082,111.9,112.9,105.1,100.2,14.584238067173748,113.4,112.2,99.7,116.6,9.070097390142362,111.9,112.9,105.1,106.4,13.874036503083515,113.4,112.2,99.7,116.263596,116.03636
2024-12-06,111,105,117.5,113.6,108.3,111.2,98.2,101.3,0,0,119.4,10.990905331227244,117.5,108.3,98.2,105.8,9.011104260855115,113.6,111.2,101.3,118.8,9.566144004305592,117.5,108.3,98.2,107.7,12.667105255564538,113.83999999999999,111.42999999999999,101.35999999999999,115.39731,107.47124
2024-12-06,123,132,111.9,114.1,113.4,111.9,104.9,101.9,1,0,119.6,10.039920318408912,111.9,113.4,104.9,106.6,15.436968614336164,114.1,111.9,101.9,118.6,13.769531582446813,111.9,113.4,104.9,108.1,16.709611339319324,114.1,111.9,101.9,117.81987,118.931244
2024-12-06,113,140,111.7,113.8,114.4,113.3,101.7,100.7,1,1,118.8,15.990622251807457,111.7,114.4,101.7,111.8,11.12205017071938,113.8,113.3,100.7,115.2,12.15456018675021,111.7,114.4,101.7,115.6,10.564090116995395,113.8,113.3,100.7,118.02486,117.03157
2024-12-06,90,107,112.0,113.6,108.7,108.7,101.4,99.8,1,0,108.8,10.377861051295666,112.0,108.7,101.4,110.2,14.342245291445828,113.6,108.7,99.8,112.5,9.868580895391657,112.27000000000001,109.05,101.45000000000002,111.2,12.290918056299427,113.6,108.7,99.8,111.42985,111.3384
2024-12-06,99,141,108.1,107.8,111.0,116.8,102.1,103.1,0,0,110.8,15.221695043588289,108.1,111.0,102.1,110.2,7.726577508832764,107.8,116.8,103.1,112.3,12.275087689209203,108.1,111.0,102.1,111.5,10.721214690717,107.8,116.8,103.1,116.36901,115.536575
2024-12-07,102,116,104.0,119.1,113.0,109.8,100.7,102.0,0,0,104.0,15.668439615992382,104.0,113.0,100.7,117.6,8.14248119432889,119.1,109.8,102.0,108.1,14.955118038837279,104.0,113.0,100.7,118.8,11.602681682361894,118.47,109.85999999999999,101.72,107.492485,117.69213
2024-12-07,122,113,103.9,117.2,115.9,113.4,103.7,102.1,0,0,109.2,14.515508947329375,103.9,115.9,103.7,115.0,14.730919862656226,117.2,113.4,102.1,109.4,12.46506228535496,104.34,116.02000000000001,103.81000000000002,117.8,15.866106432686507,117.2,113.4,102.1,114.042725,126.23244
2024-12-07,109,119,107.6,117.3,116.9,104.8,101.7,102.6,0,0,109.0,14.404860290887916,107.6,116.9,101.7,120.4,10.310189135025597,117.3,104.8,102.6,111.2,12.108766337749739,107.6,116.9,101.7,116.1,12.94818734632591,117.3,104.8,102.6,109.09929,120.46466
2024-12-07,111,120,115.0,112.0,110.9,110.2,99.7,102.5,0,0,122.8,7.596051605933147,115.0,110.9,99.7,115.2,9.782637681116448,112.0,110.2,102.5,120.2,7.941452428030241,115.0,110.9,99.7,111.2,9.41393765765543,112.0,110.2,102.5,117.292435,112.25677
2024-12-07,118,125,107.6,112.1,111.8,113.3,102.3,101.6,0,0,116.4,16.13381541979452,107.6,111.8,102.3,125.4,13.352902306240349,112.1,113.3,101.6,117.5,12.1037184369102,107.6,111.8,102.3,120.3,11.700427342623003,112.1,113.3,101.6,113.60249,115.926895
2024-12-07,121,127,117.5,114.4,108.3,109.9,98.2,106.2,1,0,116.4,10.784247771634305,117.5,108.3,98.2,125.4,14.275853739794357,114.4,109.9,106.2,117.9,9.859569519563822,117.5,108.3,98.2,121.1,11.37687713449261,113.38,110.02000000000001,105.67999999999999,120.547424,111.78073
2024-12-07,121,111,110.8,113.7,110.3,116.7,98.5,99.2,0,0,116.0,12.144957801491117,110.8,110.3,98.5,116.8,8.526429498916876,113.7,116.7,99.2,110.6,11.749231653365486,110.88999999999999,110.25999999999999,98.47999999999999,112.2,12.576874722194635,113.82000000000001,116.22,99.35,114.35766,111.931885
2024-12-08,100,108,111.9,109.0,113.4,115.2,104.9,99.9,0,0,120.4,10.139033484509266,111.9,113.4,104.9,103.0,9.46044396421228,109.0,115.2,99.9,117.3,12.499333315554615,111.9,113.4,104.9,105.2,10.840254199561373,109.0,115.2,99.9,118.44496,111.83535
2024-12-08,113,118,105.7,113.6,112.8,111.2,99.0,101.3,0,0,100.6,9.47628619238569,105.7,112.8,99.0,105.2,8.927485648266325,113.6,111.2,101.3,109.3,14.52239649644643,105.7,112.8,99.0,109.4,10.720696494786575,113.6,111.2,101.3,109.520294,112.3233
2024-12-08,109,113,114.1,104.0,111.9,113.0,101.9,100.7,0,1,120.2,7.190271204899011,114.1,111.9,101.9,106.4,10.33440854621109,104.0,113.0,100.7,118.5,8.984554647962362,114.1,111.9,101.9,106.6,10.762073323584982,104.30999999999999,113.44000000000001,100.56,119.51067,109.67362
2024-12-08,111,141,111.9,117.2,112.9,113.4,105.1,102.1,0,1,122.2,7.726577508832739,111.9,112.9,105.1,119.6,5.941380311005155,117.2,113.4,102.1,118.3,10.614978934401064,111.9,112.9,105.1,119.7,13.687382673266914,117.2,113.4,102.1,119.69768,122.03547
2024-12-08,122,113,110.8,119.1,110.3,109.8,98.5,102.0,1,1,118.8,11.122050170719422,110.8,110.3,98.5,118.8,7.120393247567136,119.1,109.8,102.0,112.8,11.390054140930784,110.8,110.3,98.5,119.3,11.333823518810823,119.1,109.8,102.0,112.44957,114.002846
2024-12-08,115,110,106.5,113.7,106.6,116.7,98.7,99.2,0,1,114.8,14.28985654231701,106.5,106.6,98.7,114.0,7.382411530116692,113.7,116.7,99.2,114.4,11.471704319760041,106.91000000000001,106.8,98.77000000000001,113.0,12.174654911833128,113.7,116.7,99.2,111.49133,108.462364
2024-12-08,112,140,103.9,114.4,115.9,109.9,103.7,106.2,1,1,107.0,10.198039027185528,103.9,115.9,103.7,126.0,14.265342617687123,114.4,109.9,106.2,109.0,11.925695879998914,103.9,115.9,103.7,122.2,11.360751148875432,114.4,109.9,106.2,114.52913,123.56197
2024-12-08,121,116,111.7,107.6,114.4,116.9,101.7,101.7,0,1,113.6,11.326958991715285,111.7,114.4,101.7,99.0,12.328828005937952,107.6,116.9,101.7,116.4,11.14749598190852,111.7,114.4,101.7,98.6,10.15655234592721,107.6,116.9,101.7,118.094986,110.68396
2024-12-08,114,106,112.0,113.6,108.7,108.7,101.4,99.8,0,0,106.0,13.435028842544387,112.0,108.7,101.4,104.6,3.9115214431215932,113.6,108.7,99.8,110.5,12.186057606953971,112.0,108.7,101.4,111.1,12.323870243465661,113.6,108.7,99.8,111.83597,109.07186
2024-12-08,106,117,112.4,111.4,107.8,107.0,99.8,102.1,0,0,105.6,17.285832349065533,112.4,107.8,99.8,111.8,20.535335400231464,111.4,107.0,102.1,106.7,13.425100868646464,112.4,107.8,99.8,109.7,13.936761938604413,111.4,107.0,102.1,113.99288,109.26072
2024-12-08,141,97,113.8,107.8,113.3,116.8,100.7,103.1,0,0,113.2,9.338094023942995,113.8,113.3,100.7,118.4,13.66747965061592,107.8,116.8,103.1,113.9,9.723396754449867,113.8,113.3,100.7,113.8,14.179797835888504,107.8,116.8,103.1,119.62632,113.83908
2024-12-08,107,98,113.4,108.1,112.2,111.0,99.7,102.1,0,0,117.4,9.787747442593735,113.4,112.2,99.7,103.4,6.387487769068563,108.1,111.0,102.1,116.8,11.970333699980406,113.4,112.2,99.7,104.1,7.078135347674459,108.1,111.0,102.1,115.59475,111.46743
2024-12-09,108,113,107.6,115.0,111.8,110.9,102.3,99.7,0,0,113.8,14.113823011501863,107.6,111.8,102.3,124.8,16.330952207388307,115.0,110.9,99.7,117.1,12.004165943538096,107.6,111.8,102.3,119.0,14.598325626972196,115.0,110.9,99.7,111.03747,113.910835
2024-12-19,119,126,112.0,107.8,110.2,116.8,102.5,103.1,0,0,106.2,10.68644000591404,112.0,110.2,102.5,115.6,16.66733332000054,107.8,116.8,103.1,107.8,8.96660470858389,112.0,110.2,102.5,112.9,14.99222020471512,107.8,116.8,103.1,116.75201,114.678154
2024-12-19,99,105,106.5,117.3,106.6,104.8,98.7,102.6,0,0,114.8,14.28985654231701,106.5,106.6,98.7,119.8,10.281050529979893,117.3,104.8,102.6,113.6,11.077504733066572,106.5,106.6,98.7,117.9,11.81759516803455,117.3,104.8,102.6,105.93291,110.227295
2024-12-19,123,114,103.9,104.0,115.9,113.0,103.7,100.7,0,0,107.0,10.198039027185528,103.9,115.9,103.7,110.4,7.266360849834035,104.0,113.0,100.7,110.6,11.027239001672221,103.9,115.9,103.7,107.9,10.660935960578373,104.0,113.0,100.7,110.02196,110.54604
2024-12-19,108,117,117.5,111.9,108.3,113.4,98.2,104.9,0,0,119.2,9.471008394041233,117.5,108.3,98.2,122.0,11.81101181101771,111.9,113.4,104.9,116.8,8.651268372004505,117.5,108.3,98.2,120.5,12.066942906598335,111.9,113.4,104.9,122.894325,111.267815
2024-12-19,94,101,107.6,105.7,111.8,112.8,102.3,99.0,0,0,109.4,10.853570840972084,107.6,111.8,102.3,113.8,12.696456198483048,105.7,112.8,99.0,117.3,11.813833698959305,107.6,111.8,102.3,110.0,10.666666666666643,105.7,112.8,99.0,113.35666,110.29371
2024-12-19,133,113,111.4,107.6,107.0,116.9,102.1,101.7,0,0,113.0,12.144957801491087,111.4,107.0,102.1,104.6,12.441864811996632,107.6,116.9,101.7,115.5,11.017662587358897,111.4,107.0,102.1,99.7,11.441153787971022,107.6,116.9,101.7,117.49608,108.79581
2024-12-19,144,93,114.4,112.0,109.9,108.7,106.2,101.4,0,0,124.4,8.988882021697709,114.4,109.9,106.2,108.4,13.483323032546576,112.0,108.7,101.4,121.4,10.595596569644519,114.4,109.9,106.2,117.9,14.46413188238802,112.0,108.7,101.4,117.0843,117.50152
2024-12-19,107,133,113.6,115.0,108.7,110.9,99.8,99.7,0,0,110.8,13.02689525558562,113.6,108.7,99.8,123.2,17.166828478201822,115.0,110.9,99.7,110.6,10.976743091140003,113.6,108.7,99.8,119.4,14.346505575303842,115.0,110.9,99.7,113.30451,109.294945
2024-12-19,95,118,112.1,112.4,113.3,107.8,101.6,99.8,0,0,119.6,8.354639429682173,112.1,113.3,101.6,114.2,14.889593681494459,112.4,107.8,99.8,115.9,8.698020208964643,112.1,113.3,101.6,109.5,12.231562087939102,112.4,107.8,99.8,113.16383,114.37481
2024-12-19,111,120,113.7,114.1,116.7,111.9,99.2,101.9,0,0,113.8,8.871302046486782,113.7,116.7,99.2,115.0,15.572411502397431,114.1,111.9,101.9,112.8,7.177124153246387,113.7,116.7,99.2,111.5,17.846568297574713,114.1,111.9,101.9,114.59965,118.44727
2024-12-19,133,126,111.7,111.9,114.4,112.9,101.7,105.1,0,0,112.6,10.114346246792215,111.7,114.4,101.7,113.4,14.38054240979805,111.9,112.9,105.1,117.2,11.163432367431716,111.7,114.4,101.7,114.8,11.39005414093077,111.9,112.9,105.1,121.55766,119.63951
2024-12-19,126,124,108.1,117.2,111.0,113.4,102.1,102.1,0,0,107.8,15.896540504147444,108.1,111.0,102.1,122.4,11.238327277669026,117.2,113.4,102.1,110.0,12.40967364599079,108.1,111.0,102.1,121.6,15.269432063949152,117.2,113.4,102.1,114.70691,120.93689
2024-12-19,100,113,113.8,113.4,113.3,112.2,100.7,99.7,0,0,117.2,15.658863304850703,113.8,113.3,100.7,105.8,20.559669258040117,113.4,112.2,99.7,116.5,12.980754985747225,113.8,113.3,100.7,109.1,16.03087299210162,113.4,112.2,99.7,118.29022,113.25131
2024-12-20,108,98,109.0,104.0,115.2,113.0,99.9,100.7,0,1,104.8,6.220932405998359,109.0,115.2,99.9,112.2,6.685805860178769,104.0,113.0,100.7,105.5,6.150880695748589,109.0,115.2,99.9,110.4,8.435375246872761,104.0,113.0,100.7,112.258804,108.23934
2024-12-20,124,101,119.1,113.6,109.8,111.2,102.0,101.3,0,0,123.0,5.000000000000022,119.1,109.8,102.0,109.0,9.643650760993017,113.6,111.2,101.3,122.0,8.602325267042701,119.1,109.8,102.0,110.6,10.966616007988193,113.6,111.2,101.3,119.92265,115.83211
2024-12-20,97,104,110.8,117.3,110.3,104.8,98.5,102.6,0,1,121.2,9.98498873309329,110.8,110.3,98.5,114.8,10.158740079360228,117.3,104.8,102.6,114.7,11.155965021259112,110.8,110.3,98.5,118.2,11.399805066559402,117.3,104.8,102.6,112.33955,112.77268
2024-12-21,99,103,113.8,113.4,113.3,112.2,100.7,99.7,0,0,115.6,17.169740825067798,113.8,113.3,100.7,104.6,19.756011743264374,113.4,112.2,99.7,115.4,13.929983648391193,113.8,113.3,100.7,109.4,16.07758964798185,113.4,112.2,99.7,118.228004,113.053925
2024-12-21,121,114,106.5,110.8,106.6,110.3,98.7,98.5,0,1,110.4,15.257784898208529,106.5,106.6,98.7,101.6,11.10405331399304,110.8,110.3,98.5,112.1,11.994906326344479,106.5,106.6,98.7,110.1,12.142212868062023,110.8,110.3,98.5,108.62911,105.20909
2024-12-21,112,128,111.9,114.4,112.9,109.9,105.1,106.2,0,0,120.2,9.25742944882648,111.9,112.9,105.1,133.2,8.1670067956382,114.4,109.9,106.2,117.4,10.834102536794562,111.9,112.9,105.1,124.4,12.527303514058472,114.4,109.9,106.2,124.212036,126.039
2024-12-21,94,105,105.7,107.8,112.8,116.8,99.0,103.1,0,0,104.8,9.36482781475451,105.7,112.8,99.0,117.4,17.32916616574497,107.8,116.8,103.1,109.0,14.399074044303436,105.7,112.8,99.0,115.3,14.974422637729141,107.8,116.8,103.1,112.408676,114.0179
2024-12-21,126,99,119.1,109.0,109.8,115.2,102.0,99.9,1,1,122.2,4.266145801540334,119.1,109.8,102.0,105.0,9.192388155425148,109.0,115.2,99.9,122.4,8.591985930052699,119.1,109.8,102.0,107.4,8.4878998842141,109.0,115.2,99.9,122.27557,110.36619
2024-12-21,98,123,111.9,117.5,113.4,108.3,104.9,98.2,0,0,117.8,13.590437814875578,111.9,113.4,104.9,119.8,11.713240371477028,117.5,108.3,98.2,114.4,12.842637320010775,111.9,113.4,104.9,123.9,10.004998750624422,117.5,108.3,98.2,114.44433,120.41783
2024-12-21,112,101,113.6,103.9,111.2,115.9,101.3,103.7,1,0,115.2,11.69187752245116,113.6,111.2,101.3,109.0,14.142135623730935,103.9,115.9,103.7,116.8,9.658617338360864,113.6,111.2,101.3,106.8,13.71779055743962,103.9,115.9,103.7,119.87777,111.52569
2024-12-21,103,113,113.6,112.0,108.7,108.7,99.8,101.4,0,0,106.8,9.364827814754477,113.6,108.7,99.8,103.6,13.92120684423592,112.0,108.7,101.4,112.0,9.237604307034047,113.6,108.7,99.8,113.2,14.11697166140422,112.0,108.7,101.4,113.00132,108.68709
2024-12-21,93,104,107.6,115.0,116.9,110.9,101.7,99.7,0,0,106.4,12.5219806739988,107.6,116.9,101.7,122.2,16.208022704821246,115.0,110.9,99.7,111.3,12.083505745896352,107.6,116.9,101.7,121.1,14.895562351847605,115.0,110.9,99.7,109.7258,117.68562
2024-12-21,113,97,112.1,112.4,113.3,107.8,101.6,99.8,0,0,113.2,12.497999839974398,112.1,113.3,101.6,112.2,13.141537200799597,112.4,107.8,99.8,113.3,10.667187487284988,112.1,113.3,101.6,110.9,12.332882874656596,112.4,107.8,99.8,113.07774,114.331825
2024-12-21,114,94,111.7,108.1,114.4,111.0,101.7,102.1,0,0,118.4,12.074767078498853,111.7,114.4,101.7,102.6,6.841052550594862,108.1,111.0,102.1,118.7,12.238827104297563,111.7,114.4,101.7,104.1,7.078135347674459,108.1,111.0,102.1,116.93071,116.25784
2024-12-21,125,133,113.7,112.0,116.7,110.2,99.2,102.5,0,0,112.4,8.590692637965844,113.7,116.7,99.2,114.4,9.016651263079845,112.0,110.2,102.5,112.5,7.18408735408421,113.7,116.7,99.2,113.4,8.51404069105205,112.0,110.2,102.5,115.94072,113.543106
2024-12-22,110,114,107.6,111.4,111.8,107.0,102.3,102.1,0,0,106.2,12.814054783713058,107.6,111.8,102.3,115.0,19.65960325133749,111.4,107.0,102.1,115.2,13.9427400463467,107.6,111.8,102.3,110.3,14.126806669119034,111.4,107.0,102.1,111.64418,116.228455
2024-12-22,95,122,113.8,114.1,113.3,111.9,100.7,101.9,1,0,114.8,17.977764043395382,113.8,113.3,100.7,115.2,15.642889758609176,114.1,111.9,101.9,113.1,14.60175027560439,113.8,113.3,100.7,112.0,18.02467444612767,114.1,111.9,101.9,115.36551,115.42379
2024-12-22,129,132,107.6,117.2,116.9,113.4,101.7,102.1,1,0,104.0,13.9283882771841,107.6,116.9,101.7,122.8,11.256109452204154,117.2,113.4,102.1,108.3,12.570247058475378,107.6,116.9,101.7,121.3,15.180762680298985,117.2,113.4,102.1,111.98681,123.005325
2024-12-23,101,114,104.0,111.4,113.0,107.0,100.7,102.1,0,1,101.4,14.415269681833896,104.0,113.0,100.7,109.2,12.194260945215154,111.4,107.0,102.1,104.5,10.67967956240052,104.0,113.0,100.7,111.1,14.082692293102964,111.4,107.0,102.1,107.09021,115.693245
2024-12-23,124,113,119.1,107.8,109.8,116.8,102.0,103.1,0,0,123.0,4.582575694955864,119.1,109.8,102.0,117.4,17.32916616574497,107.8,116.8,103.1,123.4,8.34266144584577,119.1,109.8,102.0,115.5,14.80427866080169,107.8,116.8,103.1,127.650635,114.610535
2024-12-23,108,104,106.5,117.5,106.6,108.3,98.7,98.2,0,0,115.8,12.537942414925993,106.5,106.6,98.7,121.8,11.099549540409257,117.5,108.3,98.2,114.4,11.167412910388526,106.5,106.6,98.7,122.4,8.69482604771348,117.5,108.3,98.2,109.14463,104.29811
2024-12-23,111,106,109.0,111.7,115.2,114.4,99.9,101.7,0,0,105.2,6.379655163094673,109.0,115.2,99.9,106.0,12.747548783981951,111.7,114.4,101.7,105.0,5.656854249492313,109.0,115.2,99.9,104.7,13.367040726270726,111.28,114.33000000000001,101.88000000000001,112.51976,113.44654
2024-12-23,117,104,111.9,113.6,112.9,108.7,105.1,99.8,0,0,120.0,9.460443964212235,111.9,112.9,105.1,106.2,1.3038404810405468,113.6,108.7,99.8,116.1,10.598217879541016,111.9,112.9,105.1,108.7,10.424863441684897,113.6,108.7,99.8,114.45976,116.80419
2024-12-23,110,95,110.8,105.7,110.3,112.8,98.5,99.0,0,0,119.4,13.575713609236164,110.8,110.3,98.5,113.2,13.330416347586393,105.7,112.8,99.0,112.3,12.184233892845159,110.8,110.3,98.5,110.0,10.666666666666645,105.7,112.8,99.0,114.95974,106.39793
2024-12-23,139,125,115.0,107.6,110.9,111.8,99.7,102.3,0,1,120.4,9.23579991121503,115.0,110.9,99.7,110.6,10.014988766843432,107.6,111.8,102.3,118.9,8.305955025696296,115.0,110.9,99.7,111.6,11.18729438048155,107.6,111.8,102.3,117.924225,110.32063
2024-12-23,91,112,111.9,113.6,113.4,111.2,104.9,101.3,0,0,116.0,15.795568998931317,111.9,113.4,104.9,106.4,9.710818709048235,113.6,111.2,101.3,114.7,12.365273955719712,111.9,113.4,104.9,107.9,9.421606374003423,113.6,111.2,101.3,118.067116,117.79202
2024-12-23,110,114,114.4,112.4,109.9,107.8,106.2,99.8,0,0,129.8,11.256109452204177,114.4,109.9,106.2,111.0,14.404860290887923,112.4,107.8,99.8,125.2,11.25265400793155,114.4,109.9,106.2,111.4,11.558546621439822,112.4,107.8,99.8,115.57749,116.08665
2024-12-23,123,105,117.3,103.9,104.8,115.9,102.6,103.7,0,0,116.8,10.94074951728628,117.3,104.8,102.6,110.8,11.819475453673887,103.9,115.9,103.7,117.8,12.016655108639807,117.3,104.8,102.6,105.2,13.323329580518278,103.9,115.9,103.7,123.02818,107.96422
2024-12-23,132,108,112.1,108.1,113.3,111.0,101.6,102.1,0,0,112.0,12.083045973594576,112.1,113.3,101.6,101.6,7.7974354758472,108.1,111.0,102.1,112.6,10.4051269414009,112.1,113.3,101.6,102.9,7.7093017409705755,108.1,111.0,102.1,116.79757,116.80654
2024-12-23,117,90,117.2,113.7,113.4,116.7,102.1,99.2,1,0,124.0,6.519202405202662,117.2,113.4,102.1,113.2,7.5960516059331695,113.7,116.7,99.2,117.9,13.469719126000161,117.2,113.4,102.1,112.0,11.944315244779306,113.7,116.7,99.2,119.13553,114.24754
2024-12-23,105,111,112.0,114.1,108.7,111.9,101.4,101.9,0,1,104.8,12.07062550160511,112.0,108.7,101.4,117.0,15.842979517754854,114.1,111.9,101.9,109.9,11.808189248709313,112.0,108.7,101.4,112.4,18.215988093491422,114.1,111.9,101.9,113.39193,114.31363
2024-12-23,114,117,113.4,112.0,112.2,110.2,99.7,102.5,0,0,115.6,10.876580344942992,113.4,112.2,99.7,116.8,12.235195135346205,112.0,110.2,102.5,115.1,12.041133206176521,113.4,112.2,99.7,116.2,9.930872178324718,112.0,110.2,102.5,116.436226,112.724045
2024-12-25,117,114,115.0,111.7,110.9,114.4,99.7,101.7,0,0,125.4,11.414902540100792,115.0,110.9,99.7,106.0,12.747548783981951,111.7,114.4,101.7,120.7,10.478019320887402,115.0,110.9,99.7,105.9,12.827487846201478,111.7,114.4,101.7,117.14434,111.21989
2024-12-25,99,105,112.1,113.6,113.3,108.7,101.6,99.8,0,0,115.8,15.089731607951153,112.1,113.3,101.6,106.0,1.5811388300842035,113.6,108.7,99.8,114.8,11.998148005236342,112.1,113.3,101.6,108.8,10.368756488176949,113.6,108.7,99.8,113.017624,114.382286
2024-12-25,114,118,117.5,109.0,108.3,115.2,98.2,99.9,0,0,115.6,9.659192512834574,117.5,108.3,98.2,103.6,9.528903399657304,109.0,115.2,99.9,115.7,9.031426613036718,117.5,108.3,98.2,106.3,8.819800955173875,109.0,115.2,99.9,117.17961,106.24607
2024-12-25,113,115,112.0,113.4,108.7,112.2,101.4,99.7,0,0,101.8,8.757853618324502,112.0,108.7,101.4,104.2,19.766132651583614,113.4,112.2,99.7,108.1,10.928555866780142,112.0,108.7,101.4,106.6,14.229859060752988,113.4,112.2,99.7,112.14686,110.030556
2024-12-25,110,100,113.7,117.2,116.7,113.4,99.2,102.1,0,0,117.6,5.899152481501097,113.7,116.7,99.2,124.8,11.945710527214347,117.2,113.4,102.1,114.1,8.047774019358911,113.7,116.7,99.2,120.1,13.576532039597781,117.2,113.4,102.1,116.49592,115.64923
2024-12-26,114,120,114.1,117.3,111.9,104.8,101.9,102.6,0,0,115.6,4.669047011971488,114.1,111.9,101.9,114.6,10.406728592598148,117.3,104.8,102.6,118.3,9.189970378382911,114.1,111.9,101.9,117.2,12.218383235472984,117.3,104.8,102.6,116.34425,118.73974
2024-12-26,88,89,106.5,110.8,106.6,110.3,98.7,98.5,0,0,115.2,12.891857895586666,106.5,106.6,98.7,105.4,11.52388823271034,110.8,110.3,98.5,113.6,11.325487480310409,106.5,106.6,98.7,109.4,11.635195648452825,110.8,110.3,98.5,109.427986,107.24561
2024-12-26,113,110,103.9,104.0,115.9,113.0,103.7,100.7,0,0,110.8,12.153188881935439,103.9,115.9,103.7,109.0,9.027735042633937,104.0,113.0,100.7,112.1,11.637582795981922,103.9,115.9,103.7,108.7,9.092732140439171,104.0,113.0,100.7,109.422646,110.35067
2024-12-26,141,133,111.9,111.9,112.9,113.4,105.1,104.9,0,0,119.6,9.555103348472986,111.9,112.9,105.1,120.6,11.928956366757314,111.9,113.4,104.9,115.9,10.55619881080941,111.9,112.9,105.1,118.9,11.25907041751939,111.9,113.4,104.9,131.28036,121.87927
2024-12-26,155,126,114.4,107.6,109.9,111.8,106.2,102.3,0,0,127.2,14.307340773183542,114.4,109.9,106.2,115.0,10.653637876331265,107.6,111.8,102.3,124.0,12.229290885229258,114.4,109.9,106.2,114.0,11.23486636423505,107.6,111.8,102.3,119.10738,115.670456
2024-12-26,105,111,113.6,105.7,111.2,112.8,101.3,99.0,0,0,117.4,9.099450532861795,113.6,111.2,101.3,110.6,15.662056059151315,105.7,112.8,99.0,115.8,9.577751997902737,113.6,111.2,101.3,107.6,11.107554986484498,105.7,112.8,99.0,118.678535,108.375374
2024-12-26,111,128,107.6,111.4,116.9,107.0,101.7,102.1,0,0,110.0,17.291616465790565,107.6,116.9,101.7,112.0,11.113055385446415,111.4,107.0,102.1,108.7,13.208162459462464,107.6,116.9,101.7,111.9,13.987693003335291,111.4,107.0,102.1,110.273155,120.186295
2024-12-26,122,120,108.1,107.8,111.0,116.8,102.1,103.1,0,0,115.2,13.367871932360822,108.1,111.0,102.1,116.4,17.42985943718423,107.8,116.8,103.1,111.1,13.35373439237954,108.1,111.0,102.1,113.3,13.123769783615332,107.8,116.8,103.1,116.55989,114.89826
2024-12-26,113,114,113.8,112.0,113.3,110.2,100.7,102.5,0,0,112.0,20.07485989988473,113.8,113.3,100.7,120.2,8.043631020876047,112.0,110.2,102.5,112.8,14.97256750787184,113.8,113.3,100.7,117.3,9.262229153335106,112.0,110.2,102.5,116.16309,114.54971
2024-12-27,85,108,106.5,115.0,106.6,110.9,98.7,99.7,1,0,106.2,13.065221008463665,106.5,106.6,98.7,121.8,16.72423391369545,115.0,110.9,99.7,110.5,13.680886910820787,106.5,106.6,98.7,118.7,15.578118557058803,115.0,110.9,99.7,107.620636,108.58091
2024-12-27,142,105,117.5,114.1,108.3,111.9,98.2,101.9,0,1,116.8,8.814760348415577,117.5,108.3,98.2,115.0,15.842979517754854,114.1,111.9,101.9,115.9,8.962266578395411,117.5,108.3,98.2,110.1,16.562675575589243,114.1,111.9,101.9,115.60916,110.26185
2024-12-27,87,96,105.7,111.7,112.8,114.4,99.0,101.7,1,0,102.4,10.454664030948088,105.7,112.8,99.0,108.0,13.133925536563686,111.7,114.4,101.7,108.4,14.930952191114033,105.7,112.8,99.0,104.5,10.74192202954813,111.7,114.4,101.7,110.549385,111.687065
2024-12-27,112,113,111.4,113.6,107.0,108.7,102.1,99.8,1,0,118.2,14.307340773183506,111.4,107.0,102.1,106.0,1.5811388300842035,113.6,108.7,99.8,118.3,11.595497210363783,111.4,107.0,102.1,107.6,10.002221975363517,113.6,108.7,99.8,113.33168,110.54713
2024-12-27,124,132,107.6,114.4,116.9,109.9,101.7,106.2,1,1,113.6,14.518953130305208,107.6,116.9,101.7,132.0,8.455767262643912,114.4,109.9,106.2,108.7,13.208162459462464,107.6,116.9,101.7,125.6,12.203824537141712,114.4,109.9,106.2,117.489296,119.77924
2024-12-27,135,149,117.2,119.1,113.4,109.8,102.1,102.0,0,0,123.2,7.190271204899032,117.2,113.4,102.1,118.6,7.3006848993775675,119.1,109.8,102.0,117.6,13.451146171733265,117.2,113.4,102.1,118.9,11.493476410555424,119.1,109.8,102.0,118.66153,121.13
2024-12-27,89,98,113.7,112.1,116.7,113.3,99.2,101.6,0,0,115.2,6.099180272790807,113.7,116.7,99.2,126.8,12.735776379946328,112.1,113.3,101.6,114.8,7.238784428341657,113.7,116.7,99.2,122.6,9.811557810392113,112.1,113.3,101.6,116.70759,114.577286
2024-12-27,102,92,112.4,112.0,107.8,108.7,99.8,101.4,0,0,103.6,16.334013591276346,112.4,107.8,99.8,100.8,8.318653737234227,112.0,108.7,101.4,105.4,12.712198865656505,112.4,107.8,99.8,111.8,13.2648239926339,112.0,108.7,101.4,112.48438,110.135574
2024-12-28,120,110,111.9,110.8,112.9,110.3,105.1,98.5,0,0,123.0,13.656500283747665,111.9,112.9,105.1,101.2,13.1415372007996,110.8,110.3,98.5,118.5,13.184586961044097,111.9,112.9,105.1,105.9,12.013418423671958,110.8,110.3,98.5,113.807495,113.2865
2024-12-28,94,106,104.0,117.3,113.0,104.8,100.7,102.6,0,0,97.0,8.185352771872422,104.0,113.0,100.7,115.4,10.69111780872327,117.3,104.8,102.6,103.7,10.604506379627253,104.0,113.0,100.7,115.5,10.168032695113055,117.3,104.8,102.6,105.72567,115.27576
2024-12-28,132,136,103.9,115.0,115.9,110.9,103.7,99.7,0,1,114.2,8.927485648266211,103.9,115.9,103.7,114.4,11.148990985735034,115.0,110.9,99.7,113.2,11.083521301664268,103.9,115.9,103.7,119.8,14.20328600477141,115.0,110.9,99.7,112.623215,119.34433
2024-12-28,116,111,111.9,113.6,113.4,111.2,104.9,101.3,0,0,108.0,16.416455159382007,111.9,113.4,104.9,110.0,6.892024376045198,113.6,111.2,101.3,113.6,14.001587211614426,111.9,113.4,104.9,106.7,7.761013679496266,113.6,111.2,101.3,117.21931,116.050934
2024-12-28,109,105,112.0,113.7,108.7,116.7,101.4,99.2,1,1,104.2,10.03493896344166,112.0,108.7,101.4,110.4,12.700393694685214,113.7,116.7,99.2,109.0,10.923979738782677,112.0,108.7,101.4,112.7,10.122033173012031,113.7,116.7,99.2,113.83708,111.6142
2024-12-28,134,121,117.2,112.0,113.4,110.2,102.1,102.5,1,0,125.4,8.96102672688795,117.2,113.4,102.1,120.8,7.259476565152575,112.0,110.2,102.5,119.2,14.543421575100973,117.2,113.4,102.1,118.0,8.640987597877263,112.0,110.2,102.5,117.981026,119.32947
2024-12-28,111,114,107.8,109.0,116.8,115.2,103.1,99.9,0,0,107.4,10.644247272588144,107.8,116.8,103.1,109.4,6.877499545619799,109.0,115.2,99.9,104.6,13.631662489300991,107.8,116.8,103.1,107.4,9.570788891204176,109.0,115.2,99.9,112.28371,111.50161
2024-12-28,126,122,108.1,112.1,111.0,113.3,102.1,101.6,0,1,118.4,12.501999840025604,108.1,111.0,102.1,120.6,17.896927110540478,112.1,113.3,101.6,112.9,13.502674632168976,108.1,111.0,102.1,120.4,12.545030003064072,112.1,113.3,101.6,113.605934,115.30011
2024-12-28,132,122,113.4,113.8,112.2,113.3,99.7,100.7,0,0,113.8,10.059821071967443,113.4,112.2,99.7,117.6,16.742162345408047,113.8,113.3,100.7,117.2,9.27122190196919,113.4,112.2,99.7,119.0,12.436505404118414,113.8,113.3,100.7,117.873055,113.42978
2024-12-29,102,101,106.5,105.7,106.6,112.8,98.7,99.0,0,0,100.2,14.788509052639496,106.5,106.6,98.7,107.2,12.457929201917878,105.7,112.8,99.0,107.5,15.721535124365792,106.5,106.6,98.7,108.3,11.076000080253559,105.7,112.8,99.0,109.00187,104.48051
2024-12-29,114,123,117.5,114.1,108.3,111.9,98.2,101.9,0,0,119.2,13.627178724886509,117.5,108.3,98.2,118.0,10.416333327999821,114.1,111.9,101.9,119.3,11.671903586533526,117.5,108.3,98.2,112.3,13.792510044706596,114.1,111.9,101.9,114.92617,111.23611
2024-12-29,107,136,107.6,111.9,111.8,112.9,102.3,105.1,0,1,104.4,11.081516141756032,107.6,111.8,102.3,116.8,15.073154945133428,111.9,112.9,105.1,113.7,13.57325802205695,107.6,111.8,102.3,117.0,11.19523708249781,111.9,112.9,105.1,117.36882,117.16325
2024-12-29,100,104,111.4,110.8,107.0,110.3,102.1,98.5,0,1,118.4,14.188023118109133,111.4,107.0,102.1,103.6,13.501851724856108,110.8,110.3,98.5,116.7,11.205653335110167,111.4,107.0,102.1,105.5,11.778039829369781,110.8,110.3,98.5,112.87953,108.90666
2024-12-29,130,106,117.3,114.4,104.8,109.9,102.6,106.2,1,0,118.2,11.256109452204166,117.3,104.8,102.6,133.8,6.870225614927106,114.4,109.9,106.2,116.8,10.982814858779191,117.3,104.8,102.6,126.2,12.372011423639876,114.4,109.9,106.2,122.11143,113.03595
2024-12-29,112,110,113.6,111.7,108.7,114.4,99.8,101.7,0,0,108.6,6.804410334481536,113.6,108.7,99.8,107.2,13.845576911057181,111.7,114.4,101.7,111.1,9.66609193693781,113.6,108.7,99.8,104.8,10.422198531126947,111.7,114.4,101.7,114.91298,110.09283
2024-12-30,108,115,104.0,111.9,113.0,113.4,100.7,104.9,0,0,99.0,4.690415759823381,104.0,113.0,100.7,122.8,13.198484761517129,111.9,113.4,104.9,102.8,11.043348928452588,104.0,113.0,100.7,119.6,11.946175585144575,111.9,113.4,104.9,112.74844,114.73908
2024-12-30,106,126,103.9,115.0,115.9,110.9,103.7,99.7,0,0,120.4,8.203657720797422,103.9,115.9,103.7,118.8,14.720733677368159,115.0,110.9,99.7,114.8,12.585706178041871,103.9,115.9,103.7,121.8,14.994813918300103,115.0,110.9,99.7,112.81449,121.24509
2024-12-30,113,116,107.6,112.4,116.9,107.8,101.7,99.8,0,0,113.2,14.113823011501857,107.6,116.9,101.7,108.8,12.43784547258888,112.4,107.8,99.8,111.1,13.6255478992793,107.6,116.9,101.7,111.9,11.55133469921685,112.4,107.8,99.8,108.84404,116.923225
2024-12-30,121,132,107.8,117.2,116.8,113.4,103.1,102.1,0,0,106.6,10.064790112068914,107.8,116.8,103.1,122.0,16.046806535881203,117.2,113.4,102.1,104.2,13.348324905311946,107.8,116.8,103.1,118.5,14.983324063771791,117.2,113.4,102.1,113.47309,123.66247
2024-12-30,95,113,112.0,119.1,108.7,109.8,101.4,102.0,0,0,106.2,9.731392500562269,112.0,108.7,101.4,122.2,15.155856953666447,119.1,109.8,102.0,107.5,9.582971007643442,112.0,108.7,101.4,123.7,13.098345951556574,119.1,109.8,102.0,113.246445,113.17312
2024-12-30,103,125,108.1,109.0,111.0,115.2,102.1,99.9,0,0,120.8,12.59761882261883,108.1,111.0,102.1,110.0,7.176350047203701,109.0,115.2,99.9,115.2,13.587576024523976,108.1,111.0,102.1,107.0,9.153020145163836,109.0,115.2,99.9,113.0456,112.84477
2024-12-30,110,100,113.8,112.1,113.3,113.3,100.7,101.6,0,0,109.6,18.809572031282368,113.8,113.3,100.7,123.8,15.959323293924426,112.1,113.3,101.6,111.4,14.127986409959556,113.8,113.3,100.7,120.6,12.553883861180172,112.1,113.3,101.6,116.21713,114.130516
2024-12-31,125,71,117.5,107.6,108.3,111.8,98.2,102.3,0,0,119.8,13.236313686219416,117.5,108.3,98.2,115.6,11.282730166054675,107.6,111.8,102.3,118.1,11.52244187083049,117.5,108.3,98.2,113.3,10.07802890781053,107.6,111.8,102.3,118.41068,110.077156
2024-12-31,112,120,114.1,113.6,111.9,111.2,101.9,101.3,0,0,114.6,4.277849927241472,114.1,111.9,101.9,109.4,6.580273550544931,113.6,111.2,101.3,119.1,8.30595502569626,114.1,111.9,101.9,107.6,7.676804890924903,113.6,111.2,101.3,118.4134,114.13081
2024-12-31,122,86,111.7,112.4,114.4,107.8,101.7,99.8,0,1,121.0,8.154753215150027,111.7,114.4,101.7,113.2,9.418067742376868,112.4,107.8,99.8,119.1,11.985639555549604,111.7,114.4,101.7,112.3,11.624208455728075,112.4,107.8,99.8,114.35583,116.52411
2024-12-31,113,105,117.3,113.6,104.8,108.7,102.6,99.8,0,0,117.4,9.914635646356349,117.3,104.8,102.6,107.0,3.5355339059327435,113.6,108.7,99.8,117.0,11.224972160321773,117.3,104.8,102.6,108.6,9.991107156978284,113.6,108.7,99.8,116.06003,110.02609
2024-12-31,112,117,113.7,114.4,116.7,109.9,99.2,106.2,0,0,109.6,12.992305415129392,113.7,116.7,99.2,126.6,12.601587201618711,114.4,109.9,106.2,111.9,10.764654094664602,113.7,116.7,99.2,126.0,12.710450643292095,114.4,109.9,106.2,117.765144,115.383675
2024-12-31,110,122,113.4,119.1,112.2,109.8,99.7,102.0,0,1,114.6,11.523888232710355,113.4,112.2,99.7,121.0,15.70031846810757,119.1,109.8,102.0,119.4,9.957688263625892,113.4,112.2,99.7,121.4,12.712198865656282,119.1,109.8,102.0,115.16423,116.663445
2025-01-01,105,96,112.0,106.5,110.2,106.6,102.5,98.7,0,0,105.6,9.607288899580366,112.0,110.2,102.5,102.8,10.232301793829182,106.5,106.6,98.7,109.0,9.6263527187957,112.0,110.2,102.5,99.8,11.203174153386628,106.5,106.6,98.7,109.60988,107.867035
2025-01-01,125,107,103.9,111.9,115.9,113.4,103.7,104.9,0,0,117.2,10.28105052997986,103.9,115.9,103.7,124.6,10.714476188783092,111.9,113.4,104.9,112.1,11.049886877249062,103.9,115.9,103.7,119.9,11.770490407983754,111.9,113.4,104.9,118.3849,119.70176
2025-01-01,119,108,110.8,107.6,110.3,116.9,98.5,101.7,0,0,116.8,13.9534941860453,110.8,110.3,98.5,107.2,12.597618822618822,107.6,116.9,101.7,113.6,11.007068436034945,110.8,110.3,98.5,100.7,12.17511122468032,107.6,116.9,101.7,115.26199,108.02183
2025-01-01,119,103,115.0,107.8,110.9,116.8,99.7,103.1,0,0,122.0,10.723805294763586,115.0,110.9,99.7,112.2,11.562871615649817,107.8,116.8,103.1,120.1,10.503438590396145,115.0,110.9,99.7,115.3,12.374256431084003,107.8,116.8,103.1,120.88254,110.40157
2025-01-01,130,113,107.6,105.7,111.8,112.8,102.3,99.0,1,0,107.4,8.64869932417583,107.6,111.8,102.3,102.0,5.7445626465378465,105.7,112.8,99.0,111.9,13.09325526113859,107.6,111.8,102.3,108.4,10.996969279457518,105.7,112.8,99.0,112.4412,110.12961
2025-01-01,110,99,111.4,112.1,107.0,113.3,102.1,101.6,0,0,112.4,14.397916515940743,111.4,107.0,102.1,116.4,16.86119805944995,112.1,113.3,101.6,114.6,12.231107881136491,111.4,107.0,102.1,119.3,14.016260398392848,112.1,113.3,101.6,117.35652,112.21611
2025-01-01,139,120,117.2,111.9,113.4,112.9,102.1,105.1,0,0,125.2,8.700574693662492,117.2,113.4,102.1,124.6,12.054044964243346,111.9,112.9,105.1,123.9,9.803060746522075,117.2,113.4,102.1,118.6,12.712198865656589,111.9,112.9,105.1,126.21942,119.89091
2025-01-01,113,107,113.8,109.0,113.3,115.2,100.7,99.9,0,0,103.4,7.700649323271367,113.8,113.3,100.7,112.8,9.884331034521281,109.0,115.2,99.9,110.3,13.719815353470883,113.8,113.3,100.7,107.9,10.48226014644624,109.0,115.2,99.9,116.68438,111.57244
2025-01-02,115,128,110.8,114.1,110.3,111.9,98.5,101.9,1,0,113.8,10.521406750050108,110.8,110.3,98.5,116.2,7.854934754662182,114.1,111.9,101.9,114.9,10.77497099764084,110.8,110.3,98.5,115.6,11.644741302407715,114.1,111.9,101.9,112.86136,110.94824
2025-01-02,115,118,113.6,117.5,108.7,108.3,99.8,98.2,0,0,107.0,3.674234614174645,113.6,108.7,99.8,118.0,13.564659966250511,117.5,108.3,98.2,110.9,9.620002310002077,113.6,108.7,99.8,120.6,10.469001862641802,117.5,108.3,98.2,110.39096,108.962006
2025-01-02,110,113,113.6,105.7,111.2,112.8,101.3,99.0,0,1,114.0,10.074720839804872,113.6,111.2,101.3,104.2,7.563068160475486,105.7,112.8,99.0,115.0,10.154364141151722,113.6,111.2,101.3,109.0,11.075498483890733,105.7,112.8,99.0,118.25947,107.90029
2025-01-02,116,98,117.3,112.4,104.8,107.8,102.6,99.8,0,0,118.8,8.258329128825027,117.3,104.8,102.6,106.2,14.042791745233558,112.4,107.8,99.8,117.8,10.538817137927094,117.3,104.8,102.6,110.2,14.281300905574168,112.4,107.8,99.8,116.86103,110.42675
2025-01-02,139,105,112.0,109.0,108.7,115.2,101.4,99.9,0,1,107.2,7.694153624668509,112.0,108.7,101.4,112.6,10.014988766843453,109.0,115.2,99.9,106.6,10.34085747572874,112.0,108.7,101.4,108.8,9.908470001860797,109.0,115.2,99.9,114.90686,109.242714
2025-01-02,114,106,113.4,108.1,112.2,111.0,99.7,102.1,0,0,113.0,11.489125293076066,113.4,112.2,99.7,102.4,8.294576541331114,108.1,111.0,102.1,118.1,10.2788888288352,113.4,112.2,99.7,104.0,7.557189365836333,108.1,111.0,102.1,116.00748,111.5017
2025-01-03,98,94,112.0,104.0,110.2,113.0,102.5,100.7,0,0,106.8,8.927485648266265,112.0,110.2,102.5,107.2,7.259476565152668,104.0,113.0,100.7,108.6,9.709102258533761,112.0,110.2,102.5,108.7,9.092732140439171,104.0,113.0,100.7,116.193634,107.18213
2025-01-03,97,106,107.6,106.5,111.8,106.6,102.3,98.7,0,0,109.8,12.930583900195671,107.6,111.8,102.3,98.2,4.919349550499523,106.5,106.6,98.7,111.8,12.934020600296293,107.6,111.8,102.3,100.9,10.071411685227266,106.5,106.6,98.7,108.99259,108.62493
2025-01-03,86,109,111.4,117.5,107.0,108.3,102.1,98.2,0,1,114.8,12.235195135346196,111.4,107.0,102.1,119.0,13.285330255586397,117.5,108.3,98.2,114.7,12.184233892845079,111.4,107.0,102.1,120.0,10.424330514074486,117.5,108.3,98.2,110.93346,112.291275
2025-01-03,132,120,107.6,103.9,116.9,115.9,101.7,103.7,0,0,114.0,13.928388277184096,107.6,116.9,101.7,105.8,4.969909455915622,103.9,115.9,103.7,110.2,13.113182510571344,107.6,116.9,101.7,107.0,11.709445380166938,103.9,115.9,103.7,117.52426,112.392006
2025-01-03,117,107,117.3,115.0,104.8,110.9,102.6,99.7,1,0,118.2,8.348652585896717,117.3,104.8,102.6,121.4,14.587666023048412,115.0,110.9,99.7,119.2,9.028350409189422,117.3,104.8,102.6,122.3,15.048440303086485,115.0,110.9,99.7,117.45564,109.96209
2025-01-03,122,134,112.1,119.1,113.3,109.8,101.6,102.0,0,0,113.6,16.84636459299157,112.1,113.3,101.6,122.6,15.208550226763878,119.1,109.8,102.0,114.5,12.385026802106243,112.1,113.3,101.6,120.1,11.798775831038766,119.1,109.8,102.0,115.818726,119.50472
2025-01-03,110,113,117.2,111.7,113.4,114.4,102.1,101.7,0,0,128.6,10.310189135025611,117.2,113.4,102.1,110.6,11.349008767288874,111.7,114.4,101.7,127.4,7.988881162104275,117.2,113.4,102.1,104.9,10.471654862320378,111.7,114.4,101.7,120.24896,116.88617
2025-01-03,138,133,113.8,114.4,113.3,109.9,100.7,106.2,0,0,106.0,8.426149773176345,113.8,113.3,100.7,124.6,13.296616110875748,114.4,109.9,106.2,110.8,13.717790557439628,113.8,113.3,100.7,125.3,13.021776632498167,114.4,109.9,106.2,117.26781,116.6157
2025-01-03,119,102,113.4,111.9,112.2,112.9,99.7,105.1,1,0,115.4,9.736529155710478,113.4,112.2,99.7,121.6,10.59716943339118,111.9,112.9,105.1,116.4,9.264028401414798,113.4,112.2,99.7,118.0,12.463279397226641,111.9,112.9,105.1,122.35249,114.60447
2025-01-04,94,123,105.7,109.0,112.8,115.2,99.0,99.9,0,0,97.0,9.92471662063959,105.7,112.8,99.0,113.8,8.167006795638201,109.0,115.2,99.9,105.6,16.132782359737778,105.7,112.8,99.0,108.7,9.94484791236133,109.0,115.2,99.9,108.62156,111.913574
2025-01-04,119,105,112.0,113.6,110.2,108.7,102.5,99.8,1,0,104.0,9.082951062292482,112.0,110.2,102.5,106.6,3.6469165057620994,113.6,108.7,99.8,106.6,9.61711437432704,112.0,110.2,102.5,105.6,3.7178249316263496,113.6,108.7,99.8,111.584694,113.28602
2025-01-04,126,108,114.1,113.7,111.9,116.7,101.9,99.2,0,0,114.0,4.415880433163909,114.1,111.9,101.9,108.0,12.267844146385295,113.7,116.7,99.2,118.9,8.46496045800307,114.1,111.9,101.9,111.6,10.319345371141027,113.7,116.7,99.2,118.20275,112.90226
2025-01-04,100,136,110.8,107.8,110.3,116.8,98.5,103.1,0,0,112.6,9.813256340277675,110.8,110.3,98.5,113.4,9.762171889492635,107.8,116.8,103.1,115.7,10.41419970787755,110.8,110.3,98.5,114.5,12.929294902146372,107.8,116.8,103.1,118.27336,109.51947
2025-01-04,139,126,111.9,115.0,113.4,110.9,104.9,99.7,0,1,105.6,13.352902306240397,111.9,113.4,104.9,116.2,14.042791745233606,115.0,110.9,99.7,112.6,13.359973386533715,111.9,113.4,104.9,119.2,14.642404174178573,115.0,110.9,99.7,116.14516,120.46712
2025-01-04,102,105,113.6,108.1,111.2,111.0,101.3,102.1,0,0,111.0,7.999999999999899,113.6,111.2,101.3,104.0,8.000000000000027,108.1,111.0,102.1,113.7,9.843779761859633,113.6,111.2,101.3,102.8,5.846176338238216,108.1,111.0,102.1,116.17524,110.8271
2025-01-04,111,122,111.7,117.2,114.4,113.4,101.7,102.1,1,1,120.6,8.018728078691764,111.7,114.4,101.7,125.8,15.626899884494035,117.2,113.4,102.1,119.7,11.963370019447778,111.7,114.4,101.7,122.7,11.614645926587816,117.2,113.4,102.1,118.23959,123.47151
2025-01-04,121,113,112.0,114.4,108.7,109.9,101.4,106.2,0,1,112.2,16.407315441594932,112.0,108.7,101.4,123.2,11.519548602267385,114.4,109.9,106.2,108.5,14.128379635015204,112.0,108.7,101.4,128.2,10.788883167409386,114.4,109.9,106.2,117.54169,113.28146
2025-01-04,131,105,112.4,111.9,107.8,112.9,99.8,105.1,0,1,103.6,16.334013591276346,112.4,107.8,99.8,120.6,12.401612798342011,111.9,112.9,105.1,106.4,11.908913561791472,112.4,107.8,99.8,116.1,13.370365240585892,111.9,112.9,105.1,120.21519,111.345345
2025-01-05,105,92,117.3,117.5,104.8,108.3,102.6,98.2,0,0,119.8,6.7601775124622225,117.3,104.8,102.6,113.0,7.516648189186409,117.5,108.3,98.2,118.3,8.718435129718547,117.3,104.8,102.6,117.7,10.0116598690393,117.5,108.3,98.2,117.455025,111.15996
2025-01-05,115,105,119.1,104.0,109.8,113.0,102.0,100.7,0,0,123.0,4.582575694955864,119.1,109.8,102.0,105.8,9.176055797563611,104.0,113.0,100.7,122.2,7.099295739719632,119.1,109.8,102.0,106.1,9.218941852994082,104.0,113.0,100.7,121.23624,107.80448
2025-01-05,98,110,103.9,107.6,115.9,116.9,103.7,101.7,0,0,119.8,10.28105052997986,103.9,115.9,103.7,106.8,12.517987058628876,107.6,116.9,101.7,113.4,11.777568132306103,103.9,115.9,103.7,100.9,12.287753614428157,107.6,116.9,101.7,115.645195,112.98135
2025-01-05,92,105,106.5,107.8,106.6,116.8,98.7,103.1,0,1,100.8,14.788509052639496,106.5,106.6,98.7,115.4,13.3529023062404,107.8,116.8,103.1,105.6,15.042162965034885,106.5,106.6,98.7,116.4,14.62266125649582,107.8,116.8,103.1,111.296425,109.02861
2025-01-05,119,115,111.4,113.4,107.0,112.2,102.1,99.7,0,0,108.2,17.268468374467933,111.4,107.0,102.1,111.2,14.56708618770411,113.4,112.2,99.7,110.6,14.299961149908368,111.4,107.0,102.1,107.8,14.39753065247279,113.4,112.2,99.7,114.84351,110.64482
2025-01-05,99,129,112.0,113.8,108.7,113.3,101.4,100.7,1,0,115.4,16.21110730332754,112.0,108.7,101.4,116.6,16.180234856144672,113.8,113.3,100.7,108.6,14.222048610051504,112.0,108.7,101.4,118.5,12.17693630507188,113.8,113.3,100.7,114.94026,113.95073
2025-01-06,118,115,112.0,108.1,110.2,111.0,102.5,102.1,0,0,107.4,11.104053313993054,112.0,110.2,102.5,102.2,5.932958789676566,108.1,111.0,102.1,108.7,9.821178929006143,112.0,110.2,102.5,102.8,5.846176338238216,108.1,111.0,102.1,117.046455,113.51343
2025-01-06,99,109,109.0,113.7,115.2,116.7,99.9,99.2,0,0,107.6,5.683308895353175,109.0,115.2,99.9,104.8,8.584870412533899,113.7,116.7,99.2,105.2,5.846176338238271,109.0,115.2,99.9,110.8,10.250203250017426,113.7,116.7,99.2,113.348885,113.86516
2025-01-06,99,113,105.7,114.1,112.8,111.9,99.0,101.9,0,0,97.4,9.710818709048159,105.7,112.8,99.0,117.8,9.471008394041252,114.1,111.9,101.9,101.1,11.347540115226147,105.7,112.8,99.0,116.5,12.267844146385313,114.1,111.9,101.9,111.175156,113.678856
2025-01-06,94,103,115.0,106.5,110.9,106.6,99.7,98.7,0,1,122.2,10.639548862616287,115.0,110.9,99.7,100.4,5.549774770204629,106.5,106.6,98.7,121.6,8.896940797575109,115.0,110.9,99.7,102.9,8.6724339784809,106.5,106.6,98.7,115.538025,105.62746
2025-01-06,104,128,107.6,113.6,111.8,111.2,102.3,101.3,0,0,107.6,14.188023118109143,107.6,111.8,102.3,112.4,7.436396977031361,113.6,111.2,101.3,108.5,11.94664062497162,107.6,111.8,102.3,108.8,8.625543461138879,113.6,111.2,101.3,112.10946,115.7158
2025-01-06,114,110,111.9,111.7,113.4,114.4,104.9,101.7,0,0,108.8,19.20156243642689,111.9,113.4,104.9,107.8,7.293833011524168,111.7,114.4,101.7,114.6,15.714112553158499,111.9,113.4,104.9,106.9,9.837004964249468,111.7,114.4,101.7,118.56314,116.00105
2025-01-06,119,104,114.4,112.1,109.9,113.3,106.2,101.6,0,0,132.0,19.118054294305168,114.4,109.9,106.2,108.8,13.479614237803649,112.1,113.3,101.6,126.4,15.636140472919926,114.4,109.9,106.2,117.1,15.380001444877848,112.1,113.3,101.6,118.811615,116.427574
2025-01-06,108,106,113.6,112.4,108.7,107.8,99.8,99.8,0,0,109.2,4.604345773288437,113.6,108.7,99.8,102.2,12.617448236469995,112.4,107.8,99.8,110.5,9.32440048713296,113.6,108.7,99.8,107.2,13.239671026460103,112.4,107.8,99.8,113.547264,109.12926
2025-01-06,123,118,113.8,110.8,113.3,110.3,100.7,98.5,1,0,113.8,15.449919093639286,113.8,113.3,100.7,101.2,11.69187752245121,110.8,110.3,98.5,114.3,15.811739661122452,113.8,113.3,100.7,104.7,11.557104597028859,110.8,110.3,98.5,111.95049,112.386665
2025-01-07,115,104,104.0,113.7,113.0,116.7,100.7,99.2,0,1,101.8,5.118593556827848,104.0,113.0,100.7,104.4,8.264381404557751,113.7,116.7,99.2,102.8,11.043348928452588,104.0,113.0,100.7,109.2,8.954204474869865,113.7,116.7,99.2,109.58738,113.294495
2025-01-07,112,135,103.9,111.4,115.9,107.0,103.7,102.1,0,0,114.8,13.809417076763202,103.9,115.9,103.7,113.2,12.676750372236553,111.4,107.0,102.1,112.8,12.443650768341481,103.9,115.9,103.7,113.9,14.775730852388385,111.4,107.0,102.1,110.812515,119.83554
2025-01-07,118,97,112.1,113.4,113.3,112.2,101.6,99.7,1,0,112.2,15.482247898803328,112.1,113.3,101.6,115.6,10.430723848324229,113.4,112.2,99.7,115.9,12.359881337078784,112.1,113.3,101.6,107.9,14.448760039071564,113.4,112.2,99.7,113.887405,114.59616
2025-01-07,97,104,107.6,113.6,116.9,108.7,101.7,99.8,0,1,121.8,9.418067742376849,107.6,116.9,101.7,106.4,3.7148351242013478,113.6,108.7,99.8,112.9,14.616961228502845,107.6,116.9,101.7,106.3,2.626785107312797,113.6,108.7,99.8,110.13645,118.29196
2025-01-07,121,124,107.8,111.9,116.8,112.9,103.1,105.1,0,0,106.6,10.064790112068914,107.8,116.8,103.1,117.8,14.289856542317013,111.9,112.9,105.1,103.9,12.879354711233445,107.8,116.8,103.1,115.6,13.712929827153832,111.9,112.9,105.1,119.11351,120.943375
2025-01-07,106,118,117.2,117.5,113.4,108.3,102.1,98.2,0,0,127.0,12.708265027138843,117.2,113.4,102.1,109.2,12.153188881935446,117.5,108.3,98.2,125.5,9.65228815704695,117.2,113.4,102.1,114.5,12.563173696695172,117.5,108.3,98.2,116.37114,116.62552
2025-01-07,98,114,112.0,110.8,108.7,110.3,101.4,98.5,0,1,112.6,17.8549712965325,112.0,108.7,101.4,107.0,11.313708498984752,110.8,110.3,98.5,108.4,14.354248306492602,112.0,108.7,101.4,104.3,10.94481104856945,110.8,110.3,98.5,111.35772,109.409164
2025-01-08,129,122,119.1,117.3,109.8,104.8,102.0,102.6,0,0,123.0,4.582575694955864,119.1,109.8,102.0,110.8,7.981227975693957,117.3,104.8,102.6,123.2,4.7093288033199805,119.1,109.8,102.0,115.6,10.057611821677883,117.3,104.8,102.6,118.16274,118.25164
2025-01-08,129,113,114.1,111.9,111.9,113.4,101.9,104.9,0,0,116.4,6.949820141557611,114.1,111.9,101.9,122.2,13.311649033834984,111.9,113.4,104.9,118.0,6.896053621859044,114.1,111.9,101.9,120.7,10.382142788889086,111.9,113.4,104.9,123.714584,116.01325
2025-01-08,112,98,115.0,107.6,110.9,111.8,99.7,102.3,0,0,116.0,16.186414056238632,115.0,110.9,99.7,108.2,23.2744495101388,107.6,111.8,102.3,119.4,12.44722191227159,115.0,110.9,99.7,108.5,16.467138994575407,107.6,111.8,102.3,117.7585,110.97588
2025-01-08,109,103,109.0,103.9,115.2,115.9,99.9,103.7,0,1,104.4,4.929503017546548,109.0,115.2,99.9,108.6,8.08084154033474,103.9,115.9,103.7,105.6,5.168279318217084,109.0,115.2,99.9,106.9,11.580155439371346,103.9,115.9,103.7,116.288124,111.89982
2025-01-08,98,113,105.7,112.0,112.8,110.2,99.0,102.5,0,0,97.4,9.710818709048159,105.7,112.8,99.0,121.0,7.245688373094679,112.0,110.2,102.5,99.0,9.20144916122818,105.7,112.8,99.0,118.1,8.672433978481077,112.0,110.2,102.5,109.41828,113.215546
2025-01-08,100,119,107.6,108.1,116.9,111.0,101.7,102.1,1,0,115.4,13.35290230624037,107.6,116.9,101.7,105.6,7.569676347110254,108.1,111.0,102.1,112.7,14.840260554765644,107.6,116.9,101.7,104.1,6.983313444681208,108.1,111.0,102.1,113.39579,116.346344
2025-01-08,126,103,117.2,112.4,113.4,107.8,102.1,99.8,1,0,124.8,15.514509338035804,117.2,113.4,102.1,104.0,12.328828005937943,112.4,107.8,99.8,124.0,11.430952132988253,117.2,113.4,102.1,107.5,13.167721476735718,112.4,107.8,99.8,113.46409,114.99947
2025-01-08,121,105,113.6,111.7,111.2,114.4,101.3,101.7,0,0,106.6,4.219004621945575,113.6,111.2,101.3,108.6,7.26636084983396,111.7,114.4,101.7,113.2,10.336558636434173,113.6,111.2,101.3,107.3,9.877584050093859,111.7,114.4,101.7,116.60503,114.26682
2025-01-09,132,126,119.1,107.6,109.8,111.8,102.0,102.3,1,1,123.6,5.224940191045275,119.1,109.8,102.0,107.8,23.466998103720048,107.6,111.8,102.3,123.3,4.831608887777019,119.1,109.8,102.0,107.6,16.800793632048048,107.6,111.8,102.3,124.87734,113.00422
2025-01-09,104,107,112.0,112.0,110.2,108.7,102.5,101.4,1,0,111.8,9.731392500562295,112.0,110.2,102.5,99.4,9.235799911215107,112.0,108.7,101.4,109.0,10.077477638553916,112.0,110.2,102.5,108.3,13.425100868646485,112.0,108.7,101.4,114.56083,115.69204
2025-01-09,89,104,106.5,113.6,106.6,108.7,98.7,99.8,0,0,95.0,9.695359714832675,106.5,106.6,98.7,106.4,3.7148351242013478,113.6,108.7,99.8,105.4,15.22570925186156,106.5,106.6,98.7,106.2,2.699794230842266,113.6,108.7,99.8,106.86151,107.43896
2025-01-09,115,119,114.4,111.4,109.9,107.0,106.2,102.1,0,0,128.6,19.730686759461776,114.4,109.9,106.2,121.6,9.449867723941937,111.4,107.0,102.1,125.5,15.792051446499425,114.4,109.9,106.2,116.7,15.930752929127014,111.4,107.0,102.1,117.41005,119.49339
2025-01-09,117,111,112.1,108.1,113.3,111.0,101.6,102.1,0,1,116.8,12.153188881935474,112.1,113.3,101.6,110.6,6.107372593841026,108.1,111.0,102.1,115.0,11.775681155103854,112.1,113.3,101.6,106.1,8.13019064967106,108.1,111.0,102.1,117.34004,113.00776
2025-01-09,123,115,113.7,111.9,116.7,112.9,99.2,105.1,0,0,109.4,12.934450123604037,113.7,116.7,99.2,117.4,14.028542333400155,111.9,112.9,105.1,111.6,10.710327311110182,113.7,116.7,99.2,117.1,13.731148693552377,111.9,112.9,105.1,119.53209,115.33033
2025-01-09,92,97,107.8,110.8,116.8,110.3,103.1,98.5,0,0,110.2,11.562871615649815,107.8,116.8,103.1,107.0,11.313708498984752,110.8,110.3,98.5,107.4,12.212925757391213,107.8,116.8,103.1,106.2,10.799176923368783,110.8,110.3,98.5,109.71045,113.31328
2025-02-19,97,100,113.4,104.0,112.2,113.0,99.7,100.7,0,0,117.8,8.555699854482986,113.4,112.2,99.7,104.2,8.258329128825077,104.0,113.0,100.7,116.7,9.298147963737366,113.4,112.2,99.7,107.3,8.028421735033165,104.0,113.0,100.7,117.96305,109.76365
2025-01-10,108,96,114.1,112.0,111.9,108.7,101.9,101.4,0,1,118.0,8.916277250063496,114.1,111.9,101.9,102.0,9.165151389911733,112.0,108.7,101.4,119.1,7.7237008975979675,114.1,111.9,101.9,106.5,12.076147288491144,112.0,108.7,101.4,116.72369,113.8073
2025-01-10,106,109,106.5,113.6,106.6,111.2,98.7,101.3,1,0,91.2,6.534523701081841,106.5,106.6,98.7,114.4,10.163660757817587,113.6,111.2,101.3,103.2,15.901083121738745,106.5,106.6,98.7,111.7,9.764447984624692,113.6,111.2,101.3,110.092285,111.6499
2025-01-10,115,123,109.0,107.6,115.2,116.9,99.9,101.7,0,0,105.8,5.069516742254682,109.0,115.2,99.9,111.8,3.033150177620625,107.6,116.9,101.7,105.8,5.266244708835005,109.0,115.2,99.9,103.0,11.813363431113018,107.6,116.9,101.7,112.56703,109.63739
2025-01-10,97,114,117.5,113.8,108.3,113.3,98.2,100.7,0,0,120.6,13.446189051177269,117.5,108.3,98.2,123.2,11.819475453673867,113.8,113.3,100.7,119.9,10.98938882134341,117.5,108.3,98.2,120.1,12.422649565298947,113.8,113.3,100.7,116.907326,111.48727
2025-01-10,101,126,115.0,117.3,110.9,104.8,99.7,102.6,0,0,116.2,16.115210206509857,115.0,110.9,99.7,111.4,8.820430828479969,117.3,104.8,102.6,118.3,12.579083167438474,115.0,110.9,99.7,115.6,10.057611821677883,117.3,104.8,102.6,115.73791,112.34828
2025-01-10,138,105,111.9,103.9,113.4,115.9,104.9,103.7,0,0,111.6,18.609137540466516,111.9,113.4,104.9,108.6,8.08084154033474,103.9,115.9,103.7,114.7,15.705979045502957,111.9,113.4,104.9,106.8,11.612254063895014,103.9,115.9,103.7,128.40408,111.70179
2025-01-10,124,105,117.2,105.7,113.4,112.8,102.1,99.0,0,0,123.0,14.525839046333957,117.2,113.4,102.1,106.6,8.173126696680908,105.7,112.8,99.0,124.2,11.448435118681886,117.2,113.4,102.1,109.9,10.989388821343352,105.7,112.8,99.0,118.23662,109.957794
2025-01-28,96,100,111.9,111.4,112.9,107.0,105.1,102.1,1,1,120.2,12.19426094521516,111.9,112.9,105.1,122.0,9.246621004453441,111.4,107.0,102.1,121.2,9.681597664297666,111.9,112.9,105.1,118.5,14.946199814296913,111.4,107.0,102.1,117.59751,120.7602
2025-01-11,114,106,113.7,107.8,116.7,116.8,99.2,103.1,0,0,111.8,14.342245291445845,113.7,116.7,99.2,115.4,13.3529023062404,107.8,116.8,103.1,112.1,11.149987543590521,113.7,116.7,99.2,116.4,14.62266125649582,107.8,116.8,103.1,118.634346,112.829185
2025-01-11,123,114,112.0,107.6,110.2,111.8,102.5,102.3,0,0,108.8,9.257429448826498,112.0,110.2,102.5,109.2,24.488772937817856,107.6,111.8,102.3,107.2,9.052930771609512,112.0,110.2,102.5,109.9,17.653768876802328,107.6,111.8,102.3,116.86458,113.96527
2025-01-11,125,127,113.6,114.4,108.7,109.9,99.8,106.2,0,0,109.0,4.636809247747755,113.6,108.7,99.8,120.2,11.903780911962405,114.4,109.9,106.2,109.9,9.267026371915579,113.6,108.7,99.8,126.1,11.551334699217325,114.4,109.9,106.2,117.79977,112.32019
2025-01-11,98,119,108.1,110.8,111.0,110.3,102.1,98.5,0,0,115.2,13.141537200799618,108.1,111.0,102.1,108.6,8.294576541331075,110.8,110.3,98.5,113.0,13.605554421305603,108.1,111.0,102.1,104.9,11.06997942384914,110.8,110.3,98.5,110.15703,111.577225
2025-03-17,125,109,113.4,111.7,112.2,114.4,99.7,101.7,1,0,114.4,12.77888884058392,113.4,112.2,99.7,106.8,6.6858058601786885,111.7,114.4,101.7,114.1,10.846914563854266,113.4,112.2,99.7,107.4,9.845472732852153,111.7,114.4,101.7,116.486015,111.855934
2025-03-16,123,88,112.4,104.0,107.8,113.0,99.8,100.7,0,0,109.0,20.445048300260883,112.4,107.8,99.8,101.4,6.228964600959037,104.0,113.0,100.7,108.2,14.164117417693946,112.4,107.8,99.8,106.8,8.337332373793693,104.0,113.0,100.7,114.31042,104.90194
2025-01-12,140,106,115.0,113.6,110.9,111.2,99.7,101.3,0,0,108.6,10.73778375643687,115.0,110.9,99.7,116.0,7.905694150421019,113.6,111.2,101.3,117.0,13.695092389449442,115.0,110.9,99.7,111.2,9.761602782785491,113.6,111.2,101.3,114.82364,111.60314
2025-01-12,101,112,112.1,117.2,113.3,113.4,101.6,102.1,0,0,117.6,11.970797801316337,112.1,113.3,101.6,122.0,13.114877048603988,117.2,113.4,102.1,114.8,11.717034133640226,112.1,113.3,101.6,122.2,11.516172203567692,117.2,113.4,102.1,117.72674,121.29109
2025-01-12,119,124,111.9,113.8,113.4,113.3,104.9,100.7,0,0,119.6,19.856988694160055,111.9,113.4,104.9,123.0,11.999999999999963,113.8,113.3,100.7,117.8,17.021554962262805,111.9,113.4,104.9,119.2,12.514880032274464,113.8,113.3,100.7,118.0192,119.07573
2025-01-12,120,119,117.5,107.6,108.3,116.9,98.2,101.7,0,0,118.4,16.562004709575454,117.5,108.3,98.2,114.0,5.873670062235368,107.6,116.9,101.7,117.0,12.866839377079227,117.5,108.3,98.2,106.5,12.05773149845736,107.6,116.9,101.7,120.66118,105.342514
2025-01-12,93,108,119.1,114.1,109.8,111.9,102.0,101.9,0,0,125.2,6.457553716385194,119.1,109.8,102.0,116.0,9.327379053088807,114.1,111.9,101.9,123.7,5.396500923952827,119.1,109.8,102.0,116.5,12.267844146385313,114.1,111.9,101.9,120.17508,117.56273
2025-01-12,104,99,106.5,109.0,106.6,115.2,98.7,99.9,0,0,94.8,8.871302046486768,106.5,106.6,98.7,114.8,9.06642156531454,109.0,115.2,99.9,100.5,12.122064363978797,106.5,106.6,98.7,112.1,8.10281158336744,109.0,115.2,99.9,109.61367,107.18986
2025-01-12,95,136,103.9,117.3,115.9,104.8,103.7,102.6,0,0,114.6,13.84918770181122,103.9,115.9,103.7,115.6,9.939818911831333,117.3,104.8,102.6,114.4,10.986860839708143,103.9,115.9,103.7,115.2,9.484490263348626,117.3,104.8,102.6,106.36531,122.059265
2025-01-12,112,111,107.8,105.7,116.8,112.8,103.1,99.0,1,0,109.8,12.275992831539131,107.8,116.8,103.1,108.6,5.3665631459993355,105.7,112.8,99.0,107.0,12.684198393626732,107.8,116.8,103.1,109.6,11.087530533591906,105.7,112.8,99.0,111.45875,109.34237
2025-01-12,120,113,113.7,104.0,116.7,113.0,99.2,100.7,1,0,109.6,12.541929676090538,113.7,116.7,99.2,99.4,8.706319543871611,104.0,113.0,100.7,113.6,10.156552345927093,113.7,116.7,99.2,104.2,9.772978620211328,104.0,113.0,100.7,116.4545,107.63661
2025-01-13,106,120,103.9,113.6,115.9,108.7,103.7,99.8,1,0,107.2,11.987493482792768,103.9,115.9,103.7,106.2,3.834057902536168,113.6,108.7,99.8,113.8,11.923832344417583,103.9,115.9,103.7,106.1,2.7668674625930025,113.6,108.7,99.8,108.12515,117.58622
2025-01-13,119,124,115.0,112.0,110.9,110.2,99.7,102.5,1,0,113.2,17.824140933015524,115.0,110.9,99.7,119.6,8.111719916269262,112.0,110.2,102.5,117.6,14.622661256495782,115.0,110.9,99.7,117.0,8.537498983243905,112.0,110.2,102.5,116.24345,112.85452
2025-01-13,104,101,107.6,112.0,111.8,108.7,102.3,101.4,0,0,109.6,12.381437719424975,107.6,111.8,102.3,100.2,9.311283477587876,112.0,108.7,101.4,107.9,12.013418423672018,107.6,111.8,102.3,104.3,11.747813035246564,112.0,108.7,101.4,112.38821,115.065094
2025-01-13,120,118,111.4,114.4,107.0,109.9,102.1,106.2,0,0,105.4,12.798437404620893,111.4,107.0,102.1,119.2,10.82589488217951,114.4,109.9,106.2,111.8,14.46682027568216,111.4,107.0,102.1,126.5,11.501207666057804,114.4,109.9,106.2,118.16565,115.52209
2025-01-13,102,126,113.4,111.7,112.2,114.4,99.7,101.7,0,0,113.0,10.55935604097145,113.4,112.2,99.7,109.4,2.8809720581775364,111.7,114.4,101.7,113.8,10.454132622503273,113.4,112.2,99.7,108.3,9.499122766515603,111.7,114.4,101.7,116.87564,112.00996
2025-01-13,109,98,112.4,110.8,107.8,110.3,99.8,98.5,0,0,108.4,19.85698869416006,112.4,107.8,99.8,110.4,9.555103348472992,110.8,110.3,98.5,109.5,14.923880937015719,112.4,107.8,99.8,107.0,11.595018087283991,110.8,110.3,98.5,109.29122,109.1528
2025-01-14,117,127,114.1,119.1,111.9,109.8,101.9,102.0,0,0,117.8,9.176055797563562,114.1,111.9,101.9,126.2,15.38505768594969,119.1,109.8,102.0,116.7,6.9610024820822165,114.1,111.9,101.9,122.5,11.955937622973646,119.1,109.8,102.0,117.23837,119.53004
2025-01-14,102,118,109.0,117.3,115.2,104.8,99.9,102.6,0,0,108.4,5.899152481501094,109.0,115.2,99.9,122.0,10.862780491200208,117.3,104.8,102.6,106.6,6.022181221672604,109.0,115.2,99.9,118.3,10.760524563834556,117.3,104.8,102.6,107.36327,115.1908
2025-01-14,122,117,111.9,113.7,112.9,116.7,105.1,99.2,0,0,117.2,16.208022704821197,111.9,112.9,105.1,103.2,7.661592523751178,113.7,116.7,99.2,118.7,12.543701385334597,111.9,112.9,105.1,108.2,8.91690030846556,113.7,116.7,99.2,117.522934,114.011086
2025-01-14,113,119,111.9,107.6,113.4,116.9,104.9,101.7,0,0,125.2,12.27599283153914,111.9,113.4,104.9,114.6,6.268971207462995,107.6,116.9,101.7,116.6,16.39918697171703,111.9,113.4,104.9,109.6,10.679159351018484,107.6,116.9,101.7,118.19121,114.70358
2025-01-14,130,115,113.6,113.8,111.2,113.3,101.3,100.7,0,0,110.0,7.314369419163783,113.6,111.2,101.3,125.8,9.602083107326196,113.8,113.3,100.7,112.6,9.593979593705738,113.6,111.2,101.3,118.8,12.263767773404707,113.8,113.3,100.7,117.161674,114.302
2025-01-14,99,118,112.1,117.2,113.3,113.4,101.6,102.1,0,0,111.4,10.597169433391166,112.1,113.3,101.6,119.6,13.740451229854122,117.2,113.4,102.1,113.6,12.509551905999254,112.1,113.3,101.6,121.2,11.961047891663572,117.2,113.4,102.1,117.65812,121.47868
2025-01-14,114,132,108.1,105.7,111.0,112.8,102.1,99.0,0,0,115.0,13.453624047073719,108.1,111.0,102.1,108.6,5.3665631459993355,105.7,112.8,99.0,111.4,14.392899483966161,108.1,111.0,102.1,107.9,9.07315943992065,105.7,112.8,99.0,111.797424,108.69258
2025-01-15,119,125,109.0,115.0,115.2,110.9,99.9,99.7,1,0,107.2,6.572670690062033,109.0,115.2,99.9,120.6,12.641202474448429,115.0,110.9,99.7,106.2,6.19677335393182,109.0,115.2,99.9,121.2,13.990472948879727,115.0,110.9,99.7,110.500404,116.18632
2025-01-15,110,97,107.6,117.5,111.8,108.3,102.3,98.2,0,0,108.4,12.621410380777558,107.6,111.8,102.3,108.2,10.871982339941477,117.5,108.3,98.2,106.4,11.393955512561133,107.6,111.8,102.3,115.0,12.596295751794118,117.5,108.3,98.2,108.89858,115.51908
2025-01-15,94,110,111.9,111.9,113.4,112.9,104.9,105.1,1,1,124.6,12.89573572930216,111.9,113.4,104.9,113.2,9.471008394041277,111.9,112.9,105.1,115.1,15.919589609450789,111.9,113.4,104.9,118.9,11.855144218626995,111.9,112.9,105.1,128.50246,122.33118
2025-01-15,122,93,113.6,106.5,111.2,106.6,101.3,98.7,1,0,113.6,11.674759098156953,113.6,111.2,101.3,101.0,5.656854249492366,106.5,106.6,98.7,115.5,10.069204977995307,113.6,111.2,101.3,102.1,8.198238293140184,106.5,106.6,98.7,111.47844,107.64708
2025-01-15,115,116,113.6,112.0,108.7,108.7,99.8,101.4,0,0,112.6,8.264381404557701,113.6,108.7,99.8,101.8,8.408329203831222,112.0,108.7,101.4,109.7,8.870049480007362,113.6,108.7,99.8,102.7,10.883728936148355,112.0,108.7,101.4,112.850876,110.1985
2025-01-15,119,116,107.6,112.1,116.9,113.3,101.7,101.6,1,1,113.2,15.056560032092303,107.6,116.9,101.7,104.6,9.989994994993683,112.1,113.3,101.6,113.4,13.945927322659077,107.6,116.9,101.7,115.7,15.916797556180855,112.1,113.3,101.6,113.247955,119.149826
2025-01-15,115,129,111.7,114.4,114.4,109.9,101.7,106.2,0,0,120.2,8.526429498916867,111.7,114.4,101.7,121.6,8.173126696681049,114.4,109.9,106.2,116.9,10.071411685227307,111.7,114.4,101.7,124.1,10.354279845122951,114.4,109.9,106.2,120.65286,119.385315
2025-01-15,108,128,117.2,111.4,113.4,107.0,102.1,102.1,1,0,121.0,13.266499161421606,117.2,113.4,102.1,119.2,13.442470011125172,111.4,107.0,102.1,123.1,10.805862606320172,117.2,113.4,102.1,114.2,13.197642887189271,111.4,107.0,102.1,117.56423,118.80339
2025-01-15,112,117,107.8,104.0,116.8,113.0,103.1,100.7,0,0,111.4,11.844830095868836,107.8,116.8,103.1,100.0,9.669539802906899,104.0,113.0,100.7,109.4,10.823841996054371,107.8,116.8,103.1,103.6,8.909420731886796,104.0,113.0,100.7,112.939316,110.32975
2025-01-15,117,108,113.4,110.8,112.2,110.3,99.7,98.5,0,0,111.4,11.674759098157027,113.4,112.2,99.7,109.2,10.848963084092404,110.8,110.3,98.5,112.2,10.952422360170107,113.4,112.2,99.7,105.2,11.4387256477478,110.8,110.3,98.5,111.2954,111.76738
2025-01-15,126,67,112.4,105.7,107.8,112.8,99.8,99.0,0,1,114.2,12.275992831539138,112.4,107.8,99.8,114.8,10.158740079360166,105.7,112.8,99.0,109.9,14.84325510870918,112.4,107.8,99.8,108.4,10.297788327813091,105.7,112.8,99.0,114.83657,103.91036
2025-01-16,100,111,112.0,114.1,110.2,111.9,102.5,101.9,0,0,112.4,10.784247771634332,112.0,110.2,102.5,115.4,9.813256340277668,114.1,111.9,101.9,109.6,9.788882582921344,112.0,110.2,102.5,115.2,12.425779653607254,114.1,111.9,101.9,117.430374,118.06485
2025-01-16,123,130,103.9,113.7,115.9,116.7,103.7,99.2,0,0,107.2,11.987493482792768,103.9,115.9,103.7,108.6,5.128352561983229,113.7,116.7,99.2,112.2,11.773793875477146,103.9,115.9,103.7,109.5,9.180292902613695,113.7,116.7,99.2,110.206825,116.991905
2025-01-16,134,114,117.3,119.1,104.8,109.8,102.6,102.0,0,0,116.2,9.03880523078133,117.3,104.8,102.6,129.0,13.546217184144052,119.1,109.8,102.0,117.2,9.681597664297572,117.3,104.8,102.6,123.8,11.631375193367315,119.1,109.8,102.0,120.81361,112.245476
2025-01-16,89,118,108.1,112.4,111.0,107.8,102.1,99.8,0,1,112.6,11.991663771137024,108.1,111.0,102.1,101.8,11.009087155618298,112.4,107.8,99.8,113.9,12.050357302217563,108.1,111.0,102.1,105.3,11.671903586533418,112.4,107.8,99.8,110.60818,113.663086
2025-01-16,132,127,113.8,111.4,113.3,107.0,100.7,102.1,0,1,119.4,11.502173707608478,113.8,113.3,100.7,122.0,13.546217184144052,111.4,107.0,102.1,115.7,15.909815279324388,113.8,113.3,100.7,117.0,12.814921857827393,111.4,107.0,102.1,115.318695,116.07682
2025-01-17,121,94,117.5,106.5,108.3,106.6,98.2,98.7,0,0,119.6,16.37986568931502,117.5,108.3,98.2,98.4,5.770615218501391,106.5,106.6,98.7,118.2,12.488216668346066,117.5,108.3,98.2,100.5,8.263036837493637,106.5,106.6,98.7,113.03517,103.31414
2025-01-17,99,116,115.0,113.6,110.9,108.7,99.7,99.8,0,0,113.2,17.824140933015524,115.0,110.9,99.7,107.6,6.949820141557627,113.6,108.7,99.8,117.7,14.629118603357883,115.0,110.9,99.7,107.3,5.207899981971876,113.6,108.7,99.8,112.80663,109.245094
2025-01-17,113,133,110.8,117.2,110.3,113.4,98.5,102.1,0,0,108.2,9.471008394041258,110.8,110.3,98.5,116.8,11.882760622010341,117.2,113.4,102.1,114.7,11.450861200024367,110.8,110.3,98.5,120.8,11.99814800523641,117.2,113.4,102.1,114.97225,113.15996
2025-01-17,130,112,113.6,107.6,111.2,111.8,101.3,102.3,0,0,117.0,10.999999999999943,113.6,111.2,101.3,107.0,23.173260452512938,107.6,111.8,102.3,115.5,10.069204977995307,113.6,111.2,101.3,111.0,17.518244457961178,107.6,111.8,102.3,117.31133,111.37772
2025-01-17,136,123,107.6,107.8,116.9,116.8,101.7,103.1,0,0,112.2,14.307340773183512,107.6,116.9,101.7,114.0,14.017845768876192,107.8,116.8,103.1,112.7,13.408537910185759,107.6,116.9,101.7,115.2,14.965144688761185,107.8,116.8,103.1,116.15492,114.17647
2025-01-17,112,140,111.7,114.4,114.4,109.9,101.7,106.2,0,0,119.0,8.803408430829489,111.7,114.4,101.7,124.0,8.24621125123535,114.4,109.9,106.2,115.8,9.554521907918195,111.7,114.4,101.7,124.3,10.43551627855605,114.4,109.9,106.2,120.69442,119.53929
2025-01-17,106,98,112.1,117.3,113.3,104.8,101.6,102.6,0,1,111.4,10.597169433391166,112.1,113.3,101.6,121.6,10.990905331227262,117.3,104.8,102.6,112.5,13.318742016004704,112.1,113.3,101.6,118.5,10.731573354670067,117.3,104.8,102.6,112.679794,120.44752
2025-01-17,123,125,111.9,104.0,113.4,113.0,104.9,100.7,0,0,115.6,15.725775020646843,111.9,113.4,104.9,104.6,11.414902540100849,104.0,113.0,100.7,112.2,16.929920916006147,111.9,113.4,104.9,105.2,9.78434123144375,104.0,113.0,100.7,117.86859,110.118164
2025-01-17,102,101,113.4,105.7,112.2,112.8,99.7,99.0,0,0,112.0,11.916375287812997,113.4,112.2,99.7,105.6,23.82855429941141,105.7,112.8,99.0,113.7,10.414199707877406,113.4,112.2,99.7,104.9,16.682992004500278,105.7,112.8,99.0,117.93734,109.18324
2025-01-18,121,125,112.0,113.7,110.2,116.7,102.5,99.2,0,0,112.8,10.134100848126588,112.0,110.2,102.5,113.6,10.310189135025603,113.7,116.7,99.2,108.4,10.189319026422764,112.0,110.2,102.5,110.8,11.083521301664268,113.7,116.7,99.2,115.71948,113.05765
2025-01-18,115,119,117.5,111.9,108.3,112.9,98.2,105.1,1,0,115.4,11.013627921806666,117.5,108.3,98.2,111.2,8.700574693662503,111.9,112.9,105.1,117.3,11.851394667108025,117.5,108.3,98.2,116.4,10.658330075579416,111.9,112.9,105.1,121.84107,111.165146
2025-01-18,115,102,114.1,109.0,111.9,115.2,101.9,99.9,0,0,118.4,8.961026726887932,114.1,111.9,101.9,111.8,11.541230437002831,109.0,115.2,99.9,116.5,6.916164640415414,114.1,111.9,101.9,110.9,9.10982375729008,109.0,115.2,99.9,120.31907,111.20946
2025-01-18,122,114,112.0,103.9,108.7,115.9,101.4,103.7,0,0,110.4,19.047309521294586,112.0,108.7,101.4,106.8,7.5630681604755825,103.9,115.9,103.7,108.3,14.43029221233356,112.0,108.7,101.4,107.9,10.754327294422328,103.9,115.9,103.7,117.16568,109.031044
2025-01-18,117,124,113.6,119.1,108.7,109.8,99.8,102.0,1,0,115.0,6.284902544988199,113.6,108.7,99.8,122.0,8.860022573334653,119.1,109.8,102.0,111.8,7.0364132277113915,113.6,108.7,99.8,122.1,11.704225257951991,119.1,109.8,102.0,112.9503,110.07858
2025-01-18,103,125,108.1,111.4,111.0,107.0,102.1,102.1,0,0,106.0,14.370107863199921,108.1,111.0,102.1,121.8,13.442470011125172,111.4,107.0,102.1,112.2,14.281300905574154,108.1,111.0,102.1,117.5,13.125462954798124,111.4,107.0,102.1,111.32842,117.28911
2025-01-19,128,107,110.8,111.7,110.3,114.4,98.5,101.7,0,0,111.4,7.1624018317879905,110.8,110.3,98.5,112.6,8.018728078691765,111.7,114.4,101.7,115.4,11.067469850371861,110.8,110.3,98.5,111.6,9.3238046597585,111.7,114.4,101.7,115.36372,110.190254
2025-01-19,100,113,106.5,117.2,106.6,113.4,98.7,102.1,0,0,98.6,7.602631123499308,106.5,106.6,98.7,123.4,9.044335243675988,117.2,113.4,102.1,99.4,11.117553687749847,106.5,106.6,98.7,122.7,12.302212989720482,117.2,113.4,102.1,111.305,109.93033
2025-01-19,123,109,113.6,109.0,111.2,115.2,101.3,99.9,0,1,121.0,11.445523142259553,113.6,111.2,101.3,107.2,9.33809402394303,109.0,115.2,99.9,116.0,10.69787102392064,113.6,111.2,101.3,110.0,9.53356643071661,109.0,115.2,99.9,118.78714,109.71995
2025-01-19,127,101,117.3,105.7,104.8,112.8,102.6,99.0,0,0,117.0,10.60660171779821,117.3,104.8,102.6,103.2,23.49893614613219,105.7,112.8,99.0,117.2,9.681597664297572,117.3,104.8,102.6,104.9,16.682992004500278,105.7,112.8,99.0,120.5483,104.276535
2025-01-19,116,102,112.4,113.4,107.8,112.2,99.8,99.7,0,0,118.2,12.194260945215184,112.4,107.8,99.8,108.6,8.173126696681006,113.4,112.2,99.7,110.9,15.616586623772072,112.4,107.8,99.8,107.2,14.823404916999946,113.4,112.2,99.7,113.35209,109.43236
2025-01-19,113,102,108.1,111.9,111.0,113.4,102.1,104.9,1,0,101.4,9.071934744033394,108.1,111.0,102.1,117.0,9.695359714832652,111.9,113.4,104.9,111.1,14.548386699409441,108.1,111.0,102.1,119.5,10.522462745109413,111.9,113.4,104.9,118.241,117.52515
2025-01-19,123,100,113.8,103.9,113.3,115.9,100.7,103.7,0,1,123.2,11.987493482792795,113.8,113.3,100.7,109.4,7.300684899377559,103.9,115.9,103.7,116.4,16.507237469936946,113.8,113.3,100.7,110.1,9.290975310602388,103.9,115.9,103.7,120.71603,111.257385
2025-01-20,110,105,104.0,112.1,113.0,113.3,100.7,101.6,0,0,104.0,7.90569415042092,104.0,113.0,100.7,108.2,10.25670512396641,112.1,113.3,101.6,104.0,11.699952516522815,104.0,113.0,100.7,114.4,15.225709251861561,112.1,113.3,101.6,108.97355,113.28157
2025-01-20,96,107,111.4,112.0,107.0,110.2,102.1,102.5,0,0,107.0,14.24780684877498,111.4,107.0,102.1,117.8,4.65832587954078,112.0,110.2,102.5,112.7,14.689754555093435,111.4,107.0,102.1,117.3,8.743886753358453,112.0,110.2,102.5,114.665764,114.46305
2025-01-20,108,106,114.4,113.6,109.9,108.7,106.2,99.8,0,0,128.6,19.730686759461776,114.4,109.9,106.2,109.8,7.628892449104266,113.6,108.7,99.8,126.5,14.623041179362417,114.4,109.9,106.2,108.2,5.884065110297707,113.6,108.7,99.8,113.56185,113.83018
2025-01-20,119,110,115.0,111.9,110.9,112.9,99.7,105.1,0,0,114.2,16.574076143182143,115.0,110.9,99.7,114.6,7.436396977031306,111.9,112.9,105.1,115.1,15.473633488399988,115.0,110.9,99.7,117.6,10.14560660253166,111.9,112.9,105.1,122.552376,113.22168
2025-01-20,118,92,119.1,113.7,109.8,116.7,102.0,99.2,0,0,118.6,15.693947878083454,119.1,109.8,102.0,117.0,10.793516572461451,113.7,116.7,99.2,120.8,11.14350832448107,119.1,109.8,102.0,110.9,11.219526628952707,113.7,116.7,99.2,120.35052,112.58311
2025-01-20,85,125,112.0,117.5,108.7,108.3,101.4,98.2,0,0,115.8,17.340703561274537,112.0,108.7,101.4,106.8,11.945710527214333,117.5,108.3,98.2,111.5,13.435028842544433,112.0,108.7,101.4,112.4,13.418064109417775,117.5,108.3,98.2,110.805466,111.30976
2025-01-20,123,119,107.6,107.8,116.9,116.8,101.7,103.1,0,0,116.8,17.880156598866783,107.6,116.9,101.7,114.6,14.397916515940777,107.8,116.8,103.1,115.4,15.181860521322475,107.6,116.9,101.7,113.4,12.375603240067004,107.8,116.8,103.1,116.8798,113.95652
2025-01-21,95,99,105.7,115.0,112.8,110.9,99.0,99.7,0,1,94.4,4.722287581247013,105.7,112.8,99.0,124.0,10.511898020814371,115.0,110.9,99.7,99.6,8.884443332777433,105.7,112.8,99.0,119.2,11.399805066559587,115.0,110.9,99.7,106.65127,113.38264
2025-01-21,107,116,110.8,108.1,110.3,111.0,98.5,102.1,0,0,115.0,10.1734949746879,110.8,110.3,98.5,111.2,5.9329587896765705,108.1,111.0,102.1,115.9,11.551334699216996,110.8,110.3,98.5,106.8,8.230026326405774,108.1,111.0,102.1,114.49664,109.56277
2025-01-21,109,93,107.6,106.5,111.8,106.6,102.3,98.7,0,0,109.0,12.609520212918472,107.6,111.8,102.3,98.4,5.770615218501391,106.5,106.6,98.7,108.2,10.22850048747236,107.6,111.8,102.3,100.6,8.16768701108889,106.5,106.6,98.7,109.01126,109.72095
2025-01-21,144,109,117.2,109.0,113.4,115.2,102.1,99.9,0,0,114.8,9.444575162494084,117.2,113.4,102.1,107.6,9.370165420098012,109.0,115.2,99.9,121.7,11.823235127869644,117.2,113.4,102.1,110.1,9.515484456633946,109.0,115.2,99.9,120.29331,111.73573
2025-01-21,111,88,113.4,103.9,112.2,115.9,99.7,103.7,0,0,108.6,11.844830095868842,113.4,112.2,99.7,108.4,8.324662155306935,103.9,115.9,103.7,113.2,10.88117640698828,113.4,112.2,99.7,107.1,6.607235091591437,103.9,115.9,103.7,118.870575,115.158875
2025-01-20,99,112,112.4,111.9,107.8,113.4,99.8,104.9,1,1,121.0,8.63133825081605,112.4,107.8,99.8,114.0,11.789826122551592,111.9,113.4,104.9,112.3,15.355418877024752,112.4,107.8,99.8,117.3,11.70991982134022,111.9,113.4,104.9,123.41166,111.102646
2025-01-22,104,114,111.9,112.0,112.9,110.2,105.1,102.5,0,0,119.2,16.02186006679623,111.9,112.9,105.1,115.8,6.760177512462183,112.0,110.2,102.5,119.6,12.411464234506946,111.9,112.9,105.1,118.0,7.378647873726355,112.0,110.2,102.5,118.71474,122.74427
2025-01-22,84,108,105.7,113.7,112.8,116.7,99.0,99.2,1,0,94.6,4.722287581247013,105.7,112.8,99.0,113.6,15.56598856481656,113.7,116.7,99.2,98.5,8.682677518420745,105.7,112.8,99.0,109.0,12.710450643291816,113.7,116.7,99.2,108.06306,113.15281
2025-01-22,114,115,112.1,113.6,113.3,108.7,101.6,99.8,0,0,108.2,8.871302046486754,112.1,113.3,101.6,110.0,7.483314773547889,113.6,108.7,99.8,110.2,12.081206709412543,112.1,113.3,101.6,108.2,5.884065110297707,113.6,108.7,99.8,112.307884,113.02716
2025-01-22,109,108,111.4,119.1,107.0,109.8,102.1,102.0,0,0,106.2,14.83913744123961,111.4,107.0,102.1,124.2,7.2938330115241605,119.1,109.8,102.0,109.3,14.166078419159545,111.4,107.0,102.1,122.6,11.663809173869257,119.1,109.8,102.0,116.6235,112.859276
2025-01-22,132,120,114.4,104.0,109.9,113.0,106.2,100.7,0,0,121.4,19.2691463225541,114.4,109.9,106.2,108.6,14.63898903613227,104.0,113.0,100.7,125.6,15.522027358993059,114.4,109.9,106.2,106.4,11.442610424782037,104.0,113.0,100.7,119.763695,107.81326
2025-04-06,107,111,107.6,113.6,116.9,111.2,101.7,101.3,0,1,115.0,16.35542723379611,107.6,116.9,101.7,114.8,9.038805230781396,113.6,111.2,101.3,118.4,13.082643293905026,107.6,116.9,101.7,112.4,7.988881162103943,113.6,111.2,101.3,112.60273,118.99093
2025-01-22,123,114,117.3,107.8,104.8,116.8,102.6,103.1,0,0,119.8,11.122050170719422,117.3,104.8,102.6,117.8,12.872451204024825,107.8,116.8,103.1,119.3,9.25022522248331,117.3,104.8,102.6,115.6,11.01715833496911,107.8,116.8,103.1,123.52513,111.0882
2025-01-22,123,117,113.8,112.0,113.3,108.7,100.7,101.4,0,0,125.8,9.576011695899275,113.8,113.3,100.7,102.4,9.44986772394201,112.0,108.7,101.4,114.6,14.369721252998977,113.8,113.3,100.7,101.6,8.435375246872702,112.0,108.7,101.4,113.11088,113.54497
2025-01-22,113,117,112.4,117.5,107.8,108.3,99.8,98.2,0,0,114.6,10.92245393673053,112.4,107.8,99.8,108.2,13.845576911057167,117.5,108.3,98.2,111.8,15.7324858528813,112.4,107.8,99.8,113.6,14.001587211614437,117.5,108.3,98.2,110.13872,110.09664
2025-01-23,79,101,106.5,108.1,106.6,111.0,98.7,102.1,0,0,98.2,7.429670248402707,106.5,106.6,98.7,113.2,5.403702434442561,108.1,111.0,102.1,99.5,11.118053386771956,106.5,106.6,98.7,108.6,8.058122196475566,108.1,111.0,102.1,108.96037,106.60625
2025-01-23,119,122,111.9,107.6,112.9,111.8,105.1,102.3,1,0,116.6,17.458522274236138,111.9,112.9,105.1,104.2,21.052315787105233,107.6,111.8,102.3,118.1,13.362052403895333,111.9,112.9,105.1,109.9,17.0192701240551,107.6,111.8,102.3,117.93149,115.3019
2025-01-23,125,96,113.6,110.8,111.2,110.3,101.3,98.5,0,0,125.2,4.438468204234347,113.6,111.2,101.3,107.2,9.679876032264039,110.8,110.3,98.5,115.9,10.619165064479557,113.6,111.2,101.3,107.1,9.926955446885158,110.8,110.3,98.5,112.54517,111.397064
2025-01-23,115,121,117.3,112.1,104.8,113.3,102.6,101.6,1,1,121.2,10.963576058932594,117.3,104.8,102.6,104.8,6.7601775124621435,112.1,113.3,101.6,119.7,9.32201694913713,117.3,104.8,102.6,114.3,15.29015660118919,112.1,113.3,101.6,121.32388,111.04416
2025-01-23,132,123,117.2,113.8,113.4,113.3,102.1,100.7,0,1,121.6,15.453155017665493,117.2,113.4,102.1,120.8,6.300793600809272,113.8,113.3,100.7,124.3,13.638589043999863,117.2,113.4,102.1,119.2,12.044362443345289,113.8,113.3,100.7,120.63835,114.687294
2025-03-19,128,112,107.8,103.9,116.8,115.9,103.1,103.7,0,0,111.6,11.844830095868836,107.8,116.8,103.1,102.0,9.407443861113364,103.9,115.9,103.7,109.1,10.692157042534348,107.8,116.8,103.1,105.3,8.969702088450752,103.9,115.9,103.7,117.256294,114.53239
2025-01-23,131,106,112.0,111.9,108.7,113.4,101.4,104.9,1,0,105.0,16.046806535881196,112.0,108.7,101.4,109.8,5.263078946776297,111.9,113.4,104.9,108.6,15.763530343450673,112.0,108.7,101.4,116.3,11.690927156465076,111.9,113.4,104.9,117.51362,115.16494
2025-01-23,117,96,113.4,117.5,112.2,108.3,99.7,98.2,0,1,111.4,9.914635646356365,113.4,112.2,99.7,109.8,14.411800720243093,117.5,108.3,98.2,112.9,10.898012051134147,113.4,112.2,99.7,111.4,10.966616007988431,117.5,108.3,98.2,111.83084,112.32996
2025-01-24,97,102,104.0,108.1,113.0,111.0,100.7,102.1,0,1,105.6,8.203657720797446,104.0,113.0,100.7,112.4,6.985699678629227,108.1,111.0,102.1,103.5,11.276819882691495,104.0,113.0,100.7,107.3,8.138386408455432,108.1,111.0,102.1,107.75758,112.29767
2025-01-24,132,129,109.0,119.1,115.2,109.8,99.9,102.0,0,0,108.8,8.438009243891626,109.0,115.2,99.9,121.4,10.38267788193391,119.1,109.8,102.0,108.2,6.811754546370535,109.0,115.2,99.9,122.0,12.292725943056876,119.1,109.8,102.0,112.07813,117.13657
2025-01-24,139,126,114.4,107.6,109.9,116.9,106.2,101.7,0,0,125.8,18.512158166999335,114.4,109.9,106.2,115.8,6.4575537163851795,107.6,116.9,101.7,126.5,15.615163570495476,114.4,109.9,106.2,111.5,10.469532516359633,107.6,116.9,101.7,119.76688,120.58308
2025-01-25,133,104,113.6,117.2,108.7,113.4,99.8,102.1,0,0,116.0,6.082762530298149,113.6,108.7,99.8,119.6,8.502940667792501,117.2,113.4,102.1,111.5,6.704061787039647,113.6,108.7,99.8,122.7,12.302212989720482,117.2,113.4,102.1,116.53653,110.26751
2025-01-25,107,122,112.1,117.5,113.3,108.3,101.6,98.2,0,0,107.4,7.8930349042684504,112.1,113.3,101.6,110.6,13.240090634130846,117.5,108.3,98.2,112.1,10.857153299911435,112.1,113.3,101.6,109.9,12.00416594353819,117.5,108.3,98.2,109.7404,115.661316
2025-01-25,97,106,105.7,110.8,112.8,110.3,99.0,98.5,0,0,94.0,5.958187643906474,105.7,112.8,99.0,103.6,9.864076236526143,110.8,110.3,98.5,95.5,7.877534865397671,105.7,112.8,99.0,105.3,10.165846961490388,110.8,110.3,98.5,106.28361,112.039215
2025-01-25,123,92,104.0,107.6,113.0,116.9,100.7,101.7,1,1,104.8,8.927485648266233,104.0,113.0,100.7,119.4,6.024948132556831,107.6,116.9,101.7,100.9,9.060905032059374,104.0,113.0,100.7,113.1,11.396393191610137,107.6,116.9,101.7,107.893745,110.19223
2025-01-25,121,113,106.5,112.0,106.6,110.2,98.7,102.5,0,0,95.6,11.371015785759877,106.5,106.6,98.7,115.8,6.760177512462183,112.0,110.2,102.5,95.3,9.96716832628227,106.5,106.6,98.7,118.3,7.118832613412107,112.0,110.2,102.5,110.58613,110.19415
2025-01-25,94,117,111.9,107.6,112.9,111.8,105.1,102.3,0,0,112.2,11.541230437002755,111.9,112.9,105.1,114.4,10.807404868885044,107.6,111.8,102.3,117.6,13.209424245170169,111.9,112.9,105.1,111.3,17.416786283480743,107.6,111.8,102.3,117.615944,115.583336
2025-01-25,131,135,119.1,111.4,109.8,107.0,102.0,102.1,1,0,117.4,15.4045447839266,119.1,109.8,102.0,119.8,11.606032913963306,111.4,107.0,102.1,120.2,11.113555286725854,119.1,109.8,102.0,120.7,10.022751895340718,111.4,107.0,102.1,117.83735,116.91772
2025-01-25,143,120,115.0,113.8,110.9,113.3,99.7,100.7,0,0,115.6,16.637307474468322,115.0,110.9,99.7,121.0,6.363961030678855,113.8,113.3,100.7,115.9,15.444884086468399,115.0,110.9,99.7,118.8,11.82088547162746,113.8,113.3,100.7,118.98222,112.18263
2025-01-25,97,109,111.9,109.0,113.4,115.2,104.9,99.9,0,1,117.4,16.009372255026125,111.9,113.4,104.9,108.4,9.262828941527557,109.0,115.2,99.9,114.5,16.648323238893067,111.9,113.4,104.9,111.1,8.710785141293275,109.0,115.2,99.9,119.22944,111.48615
2025-01-25,125,103,114.4,107.8,109.9,116.8,106.2,103.1,1,0,122.6,12.660963628413128,114.4,109.9,106.2,113.4,7.893034904268457,107.8,116.8,103.1,127.3,16.06964011212849,114.4,109.9,106.2,114.4,10.394442959795676,107.8,116.8,103.1,123.90329,116.3209
2025-01-25,108,118,112.0,113.4,108.7,112.2,101.4,99.7,0,0,107.0,18.907670401189023,112.0,108.7,101.4,106.4,8.173126696681006,113.4,112.2,99.7,111.2,17.18397186010527,112.0,108.7,101.4,105.5,14.284801558144267,113.4,112.2,99.7,113.642136,110.475716
2025-01-25,119,109,113.7,103.9,116.7,115.9,99.2,103.7,0,0,111.6,13.390294993016417,113.7,116.7,99.2,103.8,10.449880382090482,103.9,115.9,103.7,113.4,9.991107156978341,113.7,116.7,99.2,106.2,9.162726425882067,103.9,115.9,103.7,118.99739,112.52384
2025-01-25,127,117,112.4,113.6,107.8,111.2,99.8,101.3,0,0,112.6,9.864076236526168,112.4,107.8,99.8,114.8,9.038805230781396,113.6,111.2,101.3,110.5,14.946199814296873,112.4,107.8,99.8,112.1,7.978443178687962,113.6,111.2,101.3,112.79296,111.792435
2025-01-26,108,118,108.1,117.3,111.0,104.8,102.1,102.6,0,0,103.4,10.502380682492909,108.1,111.0,102.1,120.0,13.999999999999996,117.3,104.8,102.6,109.3,12.824022596500447,108.1,111.0,102.1,115.4,11.786998487033609,117.3,104.8,102.6,108.45332,120.26874
2025-01-27,107,112,104.0,113.4,113.0,112.2,100.7,99.7,0,0,110.6,9.555103348472983,104.0,113.0,100.7,109.4,9.289779329994861,113.4,112.2,99.7,104.8,9.366607354497852,104.0,113.0,100.7,106.8,14.815907367121193,113.4,112.2,99.7,108.77043,113.41949
2025-01-27,110,91,119.1,112.0,109.8,110.2,102.0,102.5,0,0,120.6,16.410362579784767,119.1,109.8,102.0,114.2,6.14003257320345,112.0,110.2,102.5,121.8,11.429007928172222,119.1,109.8,102.0,117.6,7.275529763071227,112.0,110.2,102.5,119.507744,117.584
2025-01-27,112,114,117.5,111.4,108.3,107.0,98.2,102.1,0,0,115.6,10.990905331227243,117.5,108.3,98.2,123.0,13.397761006974248,111.4,107.0,102.1,117.7,11.68141924406262,117.5,108.3,98.2,122.5,10.86533734200444,111.4,107.0,102.1,115.34323,111.05129
2025-01-27,96,110,105.7,113.8,112.8,113.3,99.0,100.7,0,0,94.6,6.107372593840971,105.7,112.8,99.0,119.2,4.549725266430829,113.8,113.3,100.7,96.0,7.788880963698635,105.7,112.8,99.0,121.2,8.702490065109712,113.8,113.3,100.7,108.3861,113.50749
2025-01-27,125,119,110.8,106.5,110.3,106.6,98.5,98.7,0,0,112.6,10.406728592598155,110.8,110.3,98.5,97.8,6.220932405998304,106.5,106.6,98.7,113.2,9.886017061149277,110.8,110.3,98.5,98.0,5.291502622129114,106.5,106.6,98.7,108.032364,105.23809
2025-01-27,143,106,115.0,114.4,110.9,109.9,99.7,106.2,0,0,124.0,17.972200755611414,115.0,110.9,99.7,125.4,10.454664030948123,114.4,109.9,106.2,116.3,16.14551881414091,115.0,110.9,99.7,124.3,10.43551627855605,114.4,109.9,106.2,120.04266,114.107735
2025-01-27,113,104,107.6,107.6,111.8,116.9,102.3,101.7,0,0,104.8,5.167204273105476,107.6,111.8,102.3,115.8,13.627178724886528,107.6,116.9,101.7,107.3,9.649985607358296,107.6,111.8,102.3,113.8,9.542885657214311,107.6,116.9,101.7,112.30937,113.76821
2025-01-27,129,121,111.9,117.2,113.4,113.4,104.9,102.1,0,0,109.2,13.046072205840359,111.9,113.4,104.9,116.0,10.747092630102319,117.2,113.4,102.1,114.4,16.761065996330114,111.9,113.4,104.9,119.0,11.737877907772793,117.2,113.4,102.1,117.609024,123.72555
2025-01-27,100,92,113.6,111.9,108.7,112.9,99.8,105.1,0,0,119.6,9.633275663033793,113.6,108.7,99.8,115.6,6.0249481325568555,111.9,112.9,105.1,114.4,8.98393628155896,113.6,108.7,99.8,116.7,10.40352504362507,111.9,112.9,105.1,122.48405,111.579254
2025-01-27,130,108,112.1,103.9,113.3,115.9,101.6,103.7,0,0,105.4,5.856620185738535,112.1,113.3,101.6,104.6,10.714476188783078,103.9,115.9,103.7,111.5,10.967122584241388,112.1,113.3,101.6,105.7,8.81980095517416,103.9,115.9,103.7,118.85481,113.10344
2025-01-27,110,125,107.8,113.6,116.8,111.2,103.1,101.3,0,0,113.0,13.527749258468688,107.8,116.8,103.1,114.2,8.700574693662546,113.6,111.2,101.3,109.8,11.73598454895575,107.8,116.8,103.1,113.3,7.689097620801778,113.6,111.2,101.3,112.898445,118.99723
2025-01-27,111,109,113.7,112.4,116.7,107.8,99.2,99.8,0,0,117.6,4.505552130427588,113.7,116.7,99.2,102.2,11.670475568716116,112.4,107.8,99.8,113.6,10.090699788529228,113.7,116.7,99.2,107.7,11.557104597028827,112.4,107.8,99.8,114.01737,113.5143
2025-01-28,118,104,109.0,113.4,115.2,112.2,99.9,99.7,0,1,115.4,11.28273016605469,109.0,115.2,99.9,108.8,8.927485648266245,113.4,112.2,99.7,109.9,10.049322807477562,109.0,115.2,99.9,110.0,11.460075625114236,113.4,112.2,99.7,112.84994,115.29535
2025-01-28,114,103,112.0,107.8,108.7,116.8,101.4,103.1,0,1,108.8,18.37661557523581,112.0,108.7,101.4,113.0,8.45576726264389,107.8,116.8,103.1,110.7,17.198514147707346,112.0,108.7,101.4,114.2,10.612361764575482,107.8,116.8,103.1,120.46743,110.70695
2025-01-28,125,112,108.1,113.6,111.0,111.2,102.1,101.3,0,1,105.4,10.163660757817539,108.1,111.0,102.1,113.6,7.536577472566784,113.6,111.2,101.3,110.2,12.32702541392504,108.1,111.0,102.1,114.0,8.445906306213141,113.6,111.2,101.3,112.26832,115.95758
2025-01-29,83,104,104.0,105.7,113.0,112.8,100.7,99.0,0,0,110.4,9.633275663033816,104.0,113.0,100.7,102.4,23.490423580684915,105.7,112.8,99.0,106.1,8.569325138733713,104.0,113.0,100.7,105.5,16.392749074582348,105.7,112.8,99.0,109.8477,107.93099
2025-01-29,133,119,114.1,112.0,111.9,110.2,101.9,102.5,0,0,119.0,8.51469318296319,114.1,111.9,101.9,109.8,12.153188881935447,112.0,110.2,102.5,116.5,6.916164640415414,114.1,111.9,101.9,114.7,11.025727489225734,112.0,110.2,102.5,117.86723,116.18568
2025-01-29,82,106,103.9,107.6,115.9,111.8,103.7,102.3,0,0,106.8,11.256109452204129,103.9,115.9,103.7,118.2,5.761944116355185,107.6,111.8,102.3,113.3,12.256970805763322,103.9,115.9,103.7,113.0,17.01633202413357,107.6,111.8,102.3,114.58118,115.94727
2025-01-29,122,100,117.5,111.9,108.3,113.4,98.2,104.9,0,0,113.0,9.66953980290683,117.5,108.3,98.2,108.0,4.527692569068695,111.9,113.4,104.9,116.8,11.745448290957507,117.5,108.3,98.2,116.3,11.690927156465076,111.9,113.4,104.9,121.37398,110.67047
2025-01-29,106,126,110.8,119.1,110.3,109.8,98.5,102.0,0,0,114.6,11.844830095868828,110.8,110.3,98.5,120.4,9.01665126307986,119.1,109.8,102.0,113.6,10.308572484426149,110.8,110.3,98.5,123.3,12.275087689208972,119.1,109.8,102.0,113.17198,112.788956
2025-01-29,122,112,115.0,117.2,110.9,113.4,99.7,102.1,0,0,124.6,18.676188047885994,115.0,110.9,99.7,117.8,10.66302021005304,117.2,113.4,102.1,118.9,18.229707134845114,115.0,110.9,99.7,118.7,11.633763124821103,117.2,113.4,102.1,117.22192,115.96207
2025-01-29,117,104,109.0,113.8,115.2,113.3,99.9,100.7,1,0,117.2,10.709808588392255,109.0,115.2,99.9,118.4,5.856620185738451,113.8,113.3,100.7,111.5,9.924716620639606,109.0,115.2,99.9,120.7,9.226170506890826,113.8,113.3,100.7,113.66212,115.538155
2025-01-29,136,137,107.6,112.1,116.9,113.3,101.7,101.6,0,0,117.0,14.053469322555175,107.6,116.9,101.7,109.0,9.137833441248471,112.1,113.3,101.6,116.2,12.95119042147612,107.6,116.9,101.7,112.7,13.367040726270657,112.1,113.3,101.6,113.70282,117.29833
2025-01-29,116,128,111.7,112.4,114.4,107.8,101.7,99.8,0,0,114.8,4.324349662087899,111.7,114.4,101.7,106.8,7.463243262818099,112.4,107.8,99.8,116.6,8.758487946621319,111.7,114.4,101.7,106.5,10.60660171779813,112.4,107.8,99.8,113.71787,116.16678
2025-01-29,113,121,113.7,113.6,116.7,108.7,99.2,99.8,0,0,117.4,4.82700735445893,113.7,116.7,99.2,112.2,6.870225614927073,113.6,108.7,99.8,113.4,10.123679612121794,113.7,116.7,99.2,109.3,6.037843618011006,113.6,108.7,99.8,113.73454,115.94547
2025-01-29,116,109,112.0,117.3,108.7,104.8,101.4,102.6,1,0,112.0,17.39252713092607,112.0,108.7,101.4,119.2,13.97139935725838,117.3,104.8,102.6,111.2,17.2162713733259,112.0,108.7,101.4,115.3,11.757267256183837,117.3,104.8,102.6,111.6187,114.80843
2025-01-30,96,134,103.9,113.4,115.9,112.2,103.7,99.7,1,0,103.6,15.757537878742323,103.9,115.9,103.7,106.6,8.354639429682155,113.4,112.2,99.7,109.2,15.164285527368445,103.9,115.9,103.7,111.1,10.09345222298999,113.4,112.2,99.7,108.865974,117.83378
2025-01-30,137,115,119.1,111.9,109.8,112.9,102.0,105.1,1,0,116.8,16.177144370994533,119.1,109.8,102.0,109.2,10.3295692068934,111.9,112.9,105.1,120.2,11.886500279261764,119.1,109.8,102.0,113.3,12.392201849012444,111.9,112.9,105.1,127.6079,117.89547
2025-01-30,120,119,114.4,111.4,109.9,107.0,106.2,102.1,0,0,123.8,12.517987058628881,114.4,109.9,106.2,125.8,7.59605160593315,111.4,107.0,102.1,126.2,15.78184611085352,114.4,109.9,106.2,122.5,10.86533734200444,111.4,107.0,102.1,115.824776,120.76036
2025-01-30,113,138,107.8,113.6,116.8,108.7,103.1,99.8,0,1,110.8,12.774975538137054,107.8,116.8,103.1,115.6,5.941380311005187,113.6,108.7,99.8,110.5,11.49154278395858,107.8,116.8,103.1,110.9,6.838615844355314,113.6,108.7,99.8,109.98713,117.34969
2025-01-30,119,90,108.1,106.5,111.0,106.6,102.1,98.7,0,0,107.6,13.221195104830738,108.1,111.0,102.1,100.4,11.216059914247953,106.5,106.6,98.7,110.1,12.187881048174155,108.1,111.0,102.1,100.4,8.342661445845627,106.5,106.6,98.7,109.20342,109.32215
2025-01-31,104,112,104.0,112.4,113.0,107.8,100.7,99.8,0,0,104.0,14.966629547095753,104.0,113.0,100.7,112.8,10.183319694480764,112.4,107.8,99.8,104.0,11.284207253207159,104.0,113.0,100.7,107.5,12.167808165629244,112.4,107.8,99.8,107.49329,113.31526
2025-01-31,117,102,112.0,112.1,110.2,113.3,102.5,101.6,0,0,113.2,10.47377677822093,112.0,110.2,102.5,116.6,13.501851724856072,112.1,113.3,101.6,110.3,10.625441167311529,112.0,110.2,102.5,112.7,13.367040726270657,112.1,113.3,101.6,117.509636,115.75108
2025-01-31,134,137,109.0,117.2,115.2,113.4,99.9,102.1,0,0,117.6,10.64424727258816,109.0,115.2,99.9,116.6,10.968135666556991,117.2,113.4,102.1,113.0,9.451631252505228,109.0,115.2,99.9,116.7,10.781156400560011,117.2,113.4,102.1,116.08134,115.94242
2025-01-31,106,122,107.6,111.9,111.8,113.4,102.3,104.9,0,0,108.0,3.937003937005842,107.6,111.8,102.3,106.6,5.813776741499443,111.9,113.4,104.9,107.8,9.818350166906866,107.6,111.8,102.3,114.4,12.703455347966296,111.9,113.4,104.9,120.56646,116.825386
2025-01-31,116,118,107.6,117.5,116.9,108.3,101.7,98.2,0,0,124.2,12.275992831539103,107.6,116.9,101.7,111.4,13.903237033151642,117.5,108.3,98.2,118.7,14.189589297948238,107.6,116.9,101.7,109.8,11.886500279261808,117.5,108.3,98.2,107.70978,120.03239
2025-01-31,144,118,111.7,113.6,114.4,111.2,101.7,101.3,0,0,115.2,4.324349662087899,111.7,114.4,101.7,114.2,7.1902712048990995,113.6,111.2,101.3,118.1,6.871034209717694,111.7,114.4,101.7,115.1,7.187179944564733,113.6,111.2,101.3,116.987274,117.81273
2025-01-31,105,130,112.0,113.7,108.7,116.7,101.4,99.2,0,0,110.8,16.724233913695404,112.0,108.7,101.4,114.4,15.043270920913443,113.7,116.7,99.2,113.3,16.275748830699023,112.0,108.7,101.4,108.8,12.708702180439708,113.7,116.7,99.2,114.7061,110.172554
2025-02-01,132,127,114.1,111.9,111.9,112.9,101.9,105.1,0,0,120.4,10.33440854621104,114.1,111.9,101.9,109.2,10.3295692068934,111.9,112.9,105.1,118.4,8.566082989195099,114.1,111.9,101.9,111.2,9.577751997902961,111.9,112.9,105.1,123.86151,116.59835
2025-02-01,113,99,107.8,106.5,116.8,106.6,103.1,98.7,0,0,115.0,7.348469228349544,107.8,116.8,103.1,97.8,11.945710527214352,106.5,106.6,98.7,112.4,9.924156835161575,107.8,116.8,103.1,99.4,8.971560003081295,106.5,106.6,98.7,109.91985,109.901215
2025-02-01,104,107,104.0,117.2,113.0,113.4,100.7,102.1,1,1,102.8,14.60136979875517,104.0,113.0,100.7,117.4,12.501999840025574,117.2,113.4,102.1,104.2,11.262523893179726,104.0,113.0,100.7,120.4,10.762073323585241,117.2,113.4,102.1,108.63042,117.21732
2025-02-01,98,110,111.4,105.7,107.0,112.8,102.1,99.0,0,0,106.0,14.781745499094457,111.4,107.0,102.1,101.0,23.05428376679696,105.7,112.8,99.0,110.4,13.607187643137555,111.4,107.0,102.1,104.8,16.280868117722246,105.7,112.8,99.0,114.326385,106.61423
2025-02-01,103,105,113.6,103.9,108.7,115.9,99.8,103.7,0,0,118.0,12.32882800593792,113.6,108.7,99.8,103.4,9.685040010242576,103.9,115.9,103.7,113.5,9.980536614386601,113.6,108.7,99.8,106.4,8.682037651253289,103.9,115.9,103.7,120.11891,107.82924
2025-02-01,144,110,117.3,113.8,104.8,113.3,102.6,100.7,0,0,120.8,11.189280584559489,117.3,104.8,102.6,114.4,7.635443667528372,113.8,113.3,100.7,120.3,8.731170215574398,117.3,104.8,102.6,120.1,10.148344145174066,113.8,113.3,100.7,120.40243,111.49566
2025-02-01,112,128,115.0,113.4,110.9,112.2,99.7,99.7,0,0,125.2,18.498648599289613,115.0,110.9,99.7,114.0,12.884098726725117,113.4,112.2,99.7,119.2,18.25620138169191,115.0,110.9,99.7,111.3,10.562512327409157,113.4,112.2,99.7,116.39972,111.26538
2025-02-01,103,105,111.7,110.8,114.4,110.3,101.7,98.5,1,0,119.6,13.794926603646712,111.7,114.4,101.7,105.4,9.154233993076634,110.8,110.3,98.5,120.1,10.650508595054651,111.7,114.4,101.7,107.0,8.406346808612238,110.8,110.3,98.5,113.700615,114.37769
2025-02-01,127,108,108.1,113.7,111.0,116.7,102.1,99.2,0,1,113.6,8.706319543871583,108.1,111.0,102.1,117.0,16.64331697709324,113.7,116.7,99.2,109.8,11.89584427903751,108.1,111.0,102.1,112.8,12.425779653607265,113.7,116.7,99.2,115.05151,113.146095
2025-02-02,127,119,112.0,111.9,110.2,113.4,102.5,104.9,0,0,113.0,10.36822067666386,112.0,110.2,102.5,108.4,8.87693640846885,111.9,113.4,104.9,112.4,9.500877152487824,112.0,110.2,102.5,112.7,9.866328823044613,111.9,113.4,104.9,122.177704,118.2656
2025-02-02,144,101,119.1,112.1,109.8,113.3,102.0,101.6,0,0,117.8,17.45565810847589,119.1,109.8,102.0,116.2,13.989281611290801,112.1,113.3,101.6,121.5,13.006408676751164,119.1,109.8,102.0,110.4,12.98888413648809,112.1,113.3,101.6,120.26452,115.31016
2025-02-02,115,108,107.6,112.4,111.8,107.8,102.3,99.8,0,0,108.4,3.5071355833499656,107.6,111.8,102.3,114.0,9.513148795220213,112.4,107.8,99.8,109.0,8.602325267042634,107.6,111.8,102.3,109.0,11.642832797715238,112.4,107.8,99.8,111.23728,113.5791
2025-02-02,110,118,109.0,117.5,115.2,108.3,99.9,98.2,0,0,124.0,8.276472678623456,109.0,115.2,99.9,115.6,11.414902540100782,117.5,108.3,98.2,115.6,11.315672514015462,109.0,115.2,99.9,111.2,11.951754868823487,117.5,108.3,98.2,111.263565,115.71078
2025-02-02,119,132,113.6,114.4,111.2,109.9,101.3,106.2,0,0,126.0,3.8078865529318646,113.6,111.2,101.3,124.0,12.747548783981978,114.4,109.9,106.2,118.0,10.066445913694116,113.6,111.2,101.3,122.1,11.798775831039366,114.4,109.9,106.2,118.94549,117.685905
2025-02-03,114,124,104.0,103.9,113.0,115.9,100.7,103.7,0,0,104.2,14.237275020171507,104.0,113.0,100.7,104.4,9.502631214563653,103.9,115.9,103.7,104.5,11.207636285636278,104.0,113.0,100.7,106.4,8.682037651253289,103.9,115.9,103.7,108.98925,113.29613
2025-02-03,130,132,112.0,111.9,110.2,112.9,102.5,105.1,1,0,117.6,10.478549517943788,112.0,110.2,102.5,112.6,13.088162590677133,111.9,112.9,105.1,113.2,10.411532067856221,112.0,110.2,102.5,111.9,10.503438590396149,111.9,112.9,105.1,123.0619,118.30186
2025-02-03,124,118,115.0,111.4,110.9,107.0,99.7,102.1,0,0,127.8,14.342245291445812,115.0,110.9,99.7,124.0,7.999999999999974,111.4,107.0,102.1,121.0,16.275407487644966,115.0,110.9,99.7,123.0,10.540925533894626,111.4,107.0,102.1,115.38029,114.139824
2025-02-03,128,109,114.4,111.7,109.9,114.4,106.2,101.7,1,0,124.8,11.819475453673912,114.4,109.9,106.2,111.4,8.38450952650182,111.7,114.4,101.7,126.7,15.463577277661786,114.4,109.9,106.2,109.6,7.647802879840088,111.7,114.4,101.7,119.04311,114.52357
2025-02-03,114,116,113.6,113.8,108.7,113.3,99.8,100.7,0,0,113.6,13.107249902248723,113.6,108.7,99.8,113.4,7.861297602813362,113.8,113.3,100.7,113.1,10.343543343017874,113.6,108.7,99.8,117.1,7.7667381970954805,113.8,113.3,100.7,117.4223,109.69441
2025-02-03,125,96,117.3,113.6,104.8,111.2,102.6,101.3,0,1,128.6,11.013627921806691,117.3,104.8,102.6,116.6,5.594640292279848,113.6,111.2,101.3,122.4,11.529671865813633,117.3,104.8,102.6,115.7,7.149980574954058,113.6,111.2,101.3,119.97932,111.86857
2025-02-03,125,113,117.2,107.6,113.4,116.9,102.1,101.7,0,0,126.8,13.08434178703691,117.2,113.4,102.1,112.0,13.765899897936205,107.6,116.9,101.7,125.8,13.571211359999516,117.2,113.4,102.1,113.0,10.03327796219495,107.6,116.9,101.7,121.32363,113.70678
2025-02-03,111,112,107.8,114.1,116.8,111.9,103.1,101.9,0,0,115.2,7.2594765651526245,107.8,116.8,103.1,116.6,8.502940667792515,114.1,111.9,101.9,113.3,9.475699915514653,107.8,116.8,103.1,117.3,8.99444272870758,114.1,111.9,101.9,113.771286,120.81692
2025-02-03,104,99,112.0,106.5,108.7,106.6,101.4,98.7,0,0,114.8,10.084641788382937,112.0,108.7,101.4,99.0,11.640446726822809,106.5,106.6,98.7,109.9,13.64998982498607,112.0,108.7,101.4,98.7,8.667307668602831,106.5,106.6,98.7,108.76431,106.78997
2025-02-03,121,119,108.1,113.7,111.0,116.7,102.1,99.2,0,0,118.4,7.987490219086361,108.1,111.0,102.1,112.6,15.192103211866353,113.7,116.7,99.2,109.9,12.050357302217618,108.1,111.0,102.1,113.1,12.25153051663343,113.7,116.7,99.2,115.25715,113.04436
2025-02-04,105,112,119.1,117.5,109.8,108.3,102.0,98.2,0,0,128.0,13.874436925511613,119.1,109.8,102.0,114.2,10.353743284435792,117.5,108.3,98.2,123.3,14.817782110244039,119.1,109.8,102.0,111.2,11.951754868823487,117.5,108.3,98.2,115.25894,114.34287
2025-02-04,99,97,105.7,111.4,112.8,107.0,99.0,102.1,0,1,94.0,5.70087712549567,105.7,112.8,99.0,122.2,8.167006795638143,111.4,107.0,102.1,95.7,7.71794445864098,105.7,112.8,99.0,122.0,10.48808848170154,111.4,107.0,102.1,107.706924,113.044235
2025-02-04,118,116,109.0,112.1,115.2,113.3,99.9,101.6,0,0,122.2,10.353743284435852,109.0,115.2,99.9,113.2,15.562776101968407,112.1,113.3,101.6,115.5,11.365151414154905,109.0,115.2,99.9,110.7,12.702143301208865,112.1,113.3,101.6,116.053406,114.99102
2025-02-04,115,121,107.6,115.0,111.8,110.9,102.3,99.7,0,1,110.6,3.5071355833499656,107.6,111.8,102.3,116.6,12.73970172335291,115.0,110.9,99.7,109.5,8.809716857601682,107.6,111.8,102.3,117.7,13.030306553910808,115.0,110.9,99.7,111.1648,114.20479
2025-02-04,133,124,111.9,110.8,113.4,110.3,104.9,98.5,0,0,111.2,15.466091943344974,111.9,113.4,104.9,102.6,5.272570530585609,110.8,110.3,98.5,118.2,15.09083607138232,111.9,113.4,104.9,106.5,8.356634091147699,110.8,110.3,98.5,111.95942,111.34624
2025-02-04,97,122,112.4,113.4,107.8,112.2,99.8,99.7,0,0,116.2,11.388590782006359,112.4,107.8,99.8,119.2,12.049896265113645,113.4,112.2,99.7,115.2,11.213087591441207,112.4,107.8,99.8,112.8,11.820885471627607,113.4,112.2,99.7,114.98905,110.51431
2025-02-04,112,89,108.1,114.1,111.0,111.9,102.1,101.9,1,1,120.0,7.416198487095681,108.1,111.0,102.1,114.4,7.829431652425342,114.1,111.9,101.9,111.7,12.247902314727567,108.1,111.0,102.1,115.3,7.454305243727727,114.1,111.9,101.9,114.10456,117.67846
2025-02-05,102,112,104.0,113.6,113.0,111.2,100.7,101.3,0,0,102.4,11.588787684654491,104.0,113.0,100.7,113.6,10.876580344943033,113.6,111.2,101.3,106.5,10.906165432655273,104.0,113.0,100.7,114.2,9.449279807947619,113.6,111.2,101.3,108.67787,113.65801
2025-02-05,115,118,112.0,119.1,110.2,109.8,102.5,102.0,0,1,119.0,11.76860229593982,112.0,110.2,102.5,120.2,8.843076387773637,119.1,109.8,102.0,115.7,11.195733314278382,112.0,110.2,102.5,124.6,11.739770961233168,119.1,109.8,102.0,118.8199,121.63501
2025-02-05,125,126,111.9,111.7,112.9,114.4,105.1,101.7,0,0,107.0,12.922847983320016,111.9,112.9,105.1,111.2,8.43800924389158,111.7,114.4,101.7,113.6,13.737216279549198,111.9,112.9,105.1,109.9,7.549098548097665,111.7,114.4,101.7,117.7445,117.096146
2025-02-05,102,119,105.7,103.9,112.8,115.9,99.0,103.7,1,0,94.2,5.890670590009237,105.7,112.8,99.0,111.6,7.368853370776182,103.9,115.9,103.7,94.3,5.034326612809789,105.7,112.8,99.0,106.8,9.437513796899504,103.9,115.9,103.7,111.407104,110.529945
2025-02-05,101,108,109.0,110.8,115.2,110.3,99.9,98.5,1,1,119.4,8.820430828480008,109.0,115.2,99.9,107.8,10.158740079360228,110.8,110.3,98.5,117.4,9.777525249264293,109.0,115.2,99.9,108.5,9.935905707192495,110.8,110.3,98.5,112.14991,113.190895
2025-02-05,107,138,107.6,114.4,111.8,109.9,102.3,106.2,1,0,111.6,3.9749213828702965,107.6,111.8,102.3,125.0,13.228756555322969,114.4,109.9,106.2,110.3,8.920014947670595,107.6,111.8,102.3,122.1,11.798775831039366,114.4,109.9,106.2,117.27816,118.731766
2025-02-05,127,108,113.6,111.9,108.7,113.4,99.8,104.9,0,1,113.4,13.088162590677088,113.6,108.7,99.8,111.8,9.066421565314501,111.9,113.4,104.9,114.2,9.715966241192913,113.6,108.7,99.8,112.9,9.982762921934585,111.9,113.4,104.9,121.13997,110.905716
2025-02-05,140,109,117.3,113.7,104.8,116.7,102.6,99.2,0,0,126.8,10.639548862616307,117.3,104.8,102.6,111.4,14.170391667134679,113.7,116.7,99.2,121.9,11.268934682963147,117.3,104.8,102.6,114.2,12.236557250032913,113.7,116.7,99.2,118.92201,110.39928
2025-02-05,131,128,107.8,112.0,116.8,108.7,103.1,101.4,0,0,115.0,7.38241153011671,107.8,116.8,103.1,107.4,9.181503144910474,112.0,108.7,101.4,113.3,9.475699915514653,107.8,116.8,103.1,103.4,9.651712571121939,112.0,108.7,101.4,113.23562,117.36026
2025-02-05,144,119,117.2,107.6,113.4,116.9,102.1,101.7,0,0,126.6,13.107249902248764,117.2,113.4,102.1,110.8,13.255187663703596,107.6,116.9,101.7,124.8,13.180794108601173,117.2,113.4,102.1,112.7,9.978309810116487,107.6,116.9,101.7,121.32363,113.62255
2025-02-05,111,130,113.8,106.5,113.3,106.6,100.7,98.7,0,0,127.8,6.906518659932783,113.8,113.3,100.7,100.0,11.313708498984752,106.5,106.6,98.7,116.9,13.592890298485756,113.8,113.3,100.7,99.2,8.50881895447301,106.5,106.6,98.7,112.01123,107.02708
2025-02-06,120,127,117.5,112.1,108.3,113.3,98.2,101.6,0,0,118.0,4.301162633521248,117.5,108.3,98.2,115.4,14.876155417311253,112.1,113.3,101.6,118.2,11.409547658771523,117.5,108.3,98.2,110.1,12.242457995753085,112.1,113.3,101.6,119.157295,110.00502
2025-02-06,127,114,113.6,111.4,108.7,107.0,99.8,102.1,1,0,115.4,14.467204291085379,113.6,108.7,99.8,116.6,13.575713609236148,111.4,107.0,102.1,115.7,10.467409740077379,113.6,108.7,99.8,118.2,12.025897979869217,111.4,107.0,102.1,115.107475,110.49755
2025-02-06,112,90,117.2,106.5,113.4,106.6,102.1,98.7,1,1,130.6,15.026643005009479,117.2,113.4,102.1,107.4,16.501515081955347,106.5,106.6,98.7,125.8,14.2890789688412,117.2,113.4,102.1,102.6,12.79930553671648,106.5,106.6,98.7,116.04452,109.28267
2025-02-06,120,112,113.4,112.0,112.2,108.7,99.7,101.4,0,1,109.8,7.5299402388067005,113.4,112.2,99.7,111.6,12.973048986263828,112.0,108.7,101.4,111.4,8.809086218218024,113.4,112.2,99.7,106.8,11.735984548955921,112.0,108.7,101.4,113.6335,112.30334
2025-02-06,108,102,108.1,113.8,111.0,113.3,102.1,100.7,0,1,120.8,5.8480766068854,108.1,111.0,102.1,112.0,6.164414002968907,113.8,113.3,100.7,113.1,11.26893468296299,108.1,111.0,102.1,116.5,7.575545451575654,113.8,113.3,100.7,114.37993,114.41529
2025-02-06,112,119,112.4,114.1,107.8,111.9,99.8,101.9,0,0,110.4,12.481987021303949,112.4,107.8,99.8,106.6,10.014988766843416,114.1,111.9,101.9,114.3,12.338287293353671,112.4,107.8,99.8,112.2,10.921945288678563,114.1,111.9,101.9,113.97019,110.8914
2025-02-07,117,116,104.0,111.7,113.0,114.4,100.7,101.7,0,0,101.4,11.304866208850045,104.0,113.0,100.7,115.4,9.710818709048159,111.7,114.4,101.7,105.9,10.979273402390735,104.0,113.0,100.7,111.1,9.073159439920767,111.7,114.4,101.7,109.60718,113.376686
2025-02-07,124,134,103.9,119.1,115.9,109.8,103.7,102.0,0,0,100.4,15.241391012633954,103.9,115.9,103.7,121.0,8.306623862918054,119.1,109.8,102.0,107.5,15.6364957711119,103.9,115.9,103.7,121.5,8.113774296424936,119.1,109.8,102.0,111.35892,122.96824
2025-02-07,115,110,111.9,113.6,112.9,111.2,105.1,101.3,0,0,112.8,13.255187663703556,111.9,112.9,105.1,112.6,10.71447618878315,113.6,111.2,101.3,115.0,14.149990184527434,111.9,112.9,105.1,113.4,9.240009620004473,113.6,111.2,101.3,118.18271,117.86067
2025-02-07,102,86,105.7,110.8,112.8,110.3,99.0,98.5,0,0,95.6,6.877499545619744,105.7,112.8,99.0,107.8,10.158740079360228,110.8,110.3,98.5,95.1,5.5866905329641705,105.7,112.8,99.0,107.5,9.360080721399228,110.8,110.3,98.5,105.8272,111.78153
2025-02-07,125,112,112.0,109.0,110.2,115.2,102.5,99.9,0,0,122.0,6.4031242374328485,112.0,110.2,102.5,105.6,4.774934554525389,109.0,115.2,99.9,117.4,9.3476081313765,112.0,110.2,102.5,110.2,8.377217782639745,109.0,115.2,99.9,119.19859,111.685394
2025-02-07,121,109,117.3,107.6,104.8,111.8,102.6,102.3,0,0,129.4,12.177848742696714,117.3,104.8,102.6,114.2,5.932958789676543,107.6,111.8,102.3,124.6,12.103259432437648,117.3,104.8,102.6,111.7,17.003594391252122,107.6,111.8,102.3,120.158875,109.78897
2025-02-07,135,127,113.7,107.8,116.7,116.8,99.2,103.1,0,0,115.4,3.911521443121667,113.7,116.7,99.2,112.4,9.154233993076657,107.8,116.8,103.1,113.6,10.090699788529228,113.7,116.7,99.2,113.2,11.193251935380093,107.8,116.8,103.1,119.980576,111.941574
2025-02-08,116,105,112.1,111.4,113.3,107.0,101.6,102.1,0,0,111.2,11.777096416349831,112.1,113.3,101.6,112.4,8.905054744357248,111.4,107.0,102.1,111.3,10.562512327408964,112.1,113.3,101.6,117.7,12.092697520955927,111.4,107.0,102.1,116.289505,118.94543
2025-02-08,124,117,113.4,114.1,112.2,111.9,99.7,101.9,0,0,113.4,7.162401831788015,113.4,112.2,99.7,107.8,11.256109452204159,114.1,111.9,101.9,112.4,9.191783770786136,113.4,112.2,99.7,111.9,10.660935960578435,114.1,111.9,101.9,114.535995,112.58106
2025-02-08,112,111,106.5,111.7,106.6,114.4,98.7,101.7,0,1,102.0,15.116216457830985,106.5,106.6,98.7,116.8,9.03880523078132,111.7,114.4,101.7,96.6,12.366621742955246,106.5,106.6,98.7,113.1,7.430417963419806,111.7,114.4,101.7,108.60179,109.64539
2025-02-08,111,125,103.9,111.9,115.9,112.9,103.7,105.1,1,1,106.2,17.949930361981885,103.9,115.9,103.7,115.2,15.706686474237662,111.9,112.9,105.1,106.7,14.399459866413208,103.9,115.9,103.7,114.9,11.589746426139918,111.9,112.9,105.1,114.4765,120.317245
2025-02-08,111,132,111.9,112.0,113.4,108.7,104.9,101.4,0,0,115.2,18.363006289820856,111.9,113.4,104.9,114.8,9.731392500562341,112.0,108.7,101.4,119.9,15.758242992866391,111.9,113.4,104.9,107.5,11.82511451671113,112.0,108.7,101.4,116.142044,115.74417
2025-02-08,112,125,114.4,117.3,109.9,104.8,106.2,102.6,0,1,128.8,7.190271204899029,114.4,109.9,106.2,115.8,13.97139935725838,117.3,104.8,102.6,125.1,14.255213471256994,114.4,109.9,106.2,115.7,11.431438132526322,117.3,104.8,102.6,116.2841,120.76806
2025-02-08,114,98,113.6,108.1,108.7,111.0,99.8,102.1,0,0,114.2,12.794530081249533,113.6,108.7,99.8,109.8,8.105553651663806,108.1,111.0,102.1,116.9,11.04988687724901,113.6,108.7,99.8,107.7,7.71794445864088,108.1,111.0,102.1,115.97039,108.25997
2025-02-08,104,131,115.0,117.5,110.9,108.3,99.7,98.2,0,0,128.8,13.736811857195963,115.0,110.9,99.7,113.2,10.256705123966432,117.5,108.3,98.2,122.2,15.97776232420829,115.0,110.9,99.7,111.5,11.928024890055315,117.5,108.3,98.2,111.88466,111.74188
2025-02-08,105,122,113.7,117.2,116.7,113.4,99.2,102.1,1,0,119.6,9.42337519151183,113.7,116.7,99.2,116.2,13.292855223765867,117.2,113.4,102.1,114.6,11.711343029540085,113.7,116.7,99.2,117.9,10.671353137150911,117.2,113.4,102.1,115.93684,113.78043
2025-02-08,123,118,113.8,107.6,113.3,116.9,100.7,101.7,0,0,122.4,7.469939758793221,113.8,113.3,100.7,110.8,13.255187663703596,107.6,116.9,101.7,118.1,12.305825178887224,113.8,113.3,100.7,113.3,10.176770935157515,107.6,116.9,101.7,118.08708,109.76535
2025-02-08,130,110,112.4,107.8,107.8,116.8,99.8,103.1,0,1,109.6,12.157302332343317,112.4,107.8,99.8,113.2,10.401922899156684,107.8,116.8,103.1,115.3,11.614645926587665,112.4,107.8,99.8,113.9,11.86451291316538,107.8,116.8,103.1,119.33481,109.93825
2025-02-09,112,102,112.0,104.0,110.2,113.0,102.5,100.7,0,0,122.8,6.496152707564686,112.0,110.2,102.5,112.6,14.432601983010576,104.0,113.0,100.7,118.0,9.649409884086664,112.0,110.2,102.5,107.0,12.027745701779034,104.0,113.0,100.7,118.23482,106.571976
2025-02-09,94,87,111.4,107.6,107.0,111.8,102.1,102.3,1,0,108.4,11.282730166054634,111.4,107.0,102.1,113.2,6.379655163094644,107.6,111.8,102.3,108.3,13.752171545694969,111.4,107.0,102.1,110.1,16.353389047329983,107.6,111.8,102.3,116.59144,110.23792
2025-02-09,135,127,113.6,109.0,111.2,115.2,101.3,99.9,0,0,123.8,4.086563348340412,113.6,111.2,101.3,108.2,3.701351104664428,109.0,115.2,99.9,118.7,9.843779761859535,113.6,111.2,101.3,110.0,8.299933065325686,109.0,115.2,99.9,117.85376,110.66612
2025-02-10,128,107,119.1,113.6,109.8,108.7,102.0,99.8,0,0,125.4,17.067512999848578,119.1,109.8,102.0,119.2,11.81947545367391,113.6,108.7,99.8,121.4,15.89688998235543,119.1,109.8,102.0,113.4,10.996969279457613,113.6,108.7,99.8,114.129395,113.15221
2025-02-10,106,112,106.5,111.9,106.6,112.9,98.7,105.1,0,0,103.2,15.738487856207797,106.5,106.6,98.7,118.2,15.896540504147445,111.9,112.9,105.1,99.0,12.832251036613448,106.5,106.6,98.7,116.9,11.415875885021832,111.9,112.9,105.1,112.88146,109.81875
2025-02-10,121,131,103.9,111.7,115.9,114.4,103.7,101.7,0,0,107.2,18.074844397670457,103.9,115.9,103.7,113.8,7.596051605933159,111.7,114.4,101.7,107.2,14.459137825841033,103.9,115.9,103.7,113.2,7.390684827688354,111.7,114.4,101.7,112.44387,117.93013
2025-02-10,97,89,105.7,104.0,112.8,113.0,99.0,100.7,0,1,99.2,2.7748873851022853,105.7,112.8,99.0,115.4,8.677557259966708,104.0,113.0,100.7,96.6,5.168279318217173,105.7,112.8,99.0,107.4,11.758684733704877,104.0,113.0,100.7,108.30577,108.61877
2025-02-10,85,103,110.8,117.5,110.3,108.3,98.5,98.2,0,0,115.8,10.183319694480772,110.8,110.3,98.5,120.2,7.014271166700018,117.5,108.3,98.2,112.0,10.09950493836214,110.8,110.3,98.5,115.4,11.197221877670252,117.5,108.3,98.2,108.29204,108.1979
2025-02-10,111,125,113.6,112.0,111.2,108.7,101.3,101.4,1,0,126.4,6.228964600958922,113.6,111.2,101.3,121.0,8.544003745317589,112.0,108.7,101.4,121.7,9.775820511172496,113.6,111.2,101.3,111.4,12.89444324764225,112.0,108.7,101.4,113.19931,114.622284
2025-02-10,137,101,117.3,107.6,104.8,116.9,102.6,101.7,0,0,129.0,12.469963913339924,117.3,104.8,102.6,109.2,11.300442469213317,107.6,116.9,101.7,125.1,11.80818924870937,117.3,104.8,102.6,114.3,10.08904796741936,107.6,116.9,101.7,121.70601,109.24832
2025-02-10,128,129,112.1,113.8,113.3,113.3,101.6,100.7,0,0,114.6,9.633275663033837,112.1,113.3,101.6,108.4,5.549774770204567,113.8,113.3,100.7,113.0,9.695359714832678,112.1,113.3,101.6,113.8,7.4356498632526025,113.8,113.3,100.7,117.20499,115.115776
2025-02-10,146,117,117.2,108.1,113.4,111.0,102.1,102.1,0,0,131.4,13.557285864065875,117.2,113.4,102.1,105.6,7.569676347110255,108.1,111.0,102.1,123.1,14.066903631495444,117.2,113.4,102.1,108.1,6.999206304209622,108.1,111.0,102.1,118.235306,115.63759
2025-02-11,103,106,109.0,107.6,115.2,111.8,99.9,102.3,0,0,116.0,12.144957801491142,109.0,115.2,99.9,108.2,13.442470011125193,107.6,111.8,102.3,116.6,10.81357171952607,109.0,115.2,99.9,106.2,16.78491386136174,107.6,111.8,102.3,116.84366,114.458015
2025-02-11,115,128,114.1,115.0,111.9,110.9,101.9,99.7,0,0,121.0,11.022703842524294,114.1,111.9,101.9,115.6,11.991663771137059,115.0,110.9,99.7,119.5,9.582971007643382,114.1,111.9,101.9,118.5,12.95505049520593,115.0,110.9,99.7,115.519066,113.84318
2025-02-11,92,132,111.9,112.0,113.4,110.2,104.9,102.5,0,0,118.6,14.656056768449018,111.9,113.4,104.9,108.8,10.825894882179457,112.0,110.2,102.5,117.1,14.417967186041801,111.9,113.4,104.9,113.3,9.177871939253366,112.0,110.2,102.5,118.9797,120.1971
2025-02-11,112,119,113.7,114.4,116.7,109.9,99.2,106.2,0,0,116.6,11.436782764396666,113.7,116.7,99.2,129.0,13.601470508735458,114.4,109.9,106.2,114.1,12.03190203860837,113.7,116.7,99.2,125.3,11.274849099754322,114.4,109.9,106.2,119.49293,114.591385
2025-02-10,132,113,113.4,107.8,112.2,116.8,99.7,103.1,0,0,114.8,8.58487041253392,113.4,112.2,99.7,111.4,9.91463564635636,107.8,116.8,103.1,113.4,9.901739465591023,113.4,112.2,99.7,114.6,11.345091939297474,107.8,116.8,103.1,120.077095,110.95871
2025-02-12,116,103,117.5,111.7,108.3,114.4,98.2,101.7,0,0,118.0,4.301162633521248,117.5,108.3,98.2,118.6,9.55510334847299,111.7,114.4,101.7,118.8,11.321562514855389,117.5,108.3,98.2,115.0,9.28559218478942,111.7,114.4,101.7,119.83127,111.26689
2025-02-12,102,86,106.5,104.0,106.6,113.0,98.7,100.7,0,0,103.6,15.78923684032893,106.5,106.6,98.7,110.6,14.808781178746644,104.0,113.0,100.7,101.1,11.97636561454825,106.5,106.6,98.7,105.3,13.047349667013995,104.0,113.0,100.7,109.78988,104.48567
2025-02-12,130,134,103.9,114.1,115.9,111.9,103.7,101.9,0,1,106.8,17.655027612552722,103.9,115.9,103.7,109.6,11.991663771137008,114.1,111.9,101.9,106.8,13.958669150189237,103.9,115.9,103.7,112.5,10.772908407461497,114.1,111.9,101.9,112.61303,122.000725
2025-02-12,100,96,105.7,109.0,112.8,115.2,99.0,99.9,0,1,99.2,2.7748873851022853,105.7,112.8,99.0,113.2,7.823042886243215,109.0,115.2,99.9,96.9,5.08702052067593,105.7,112.8,99.0,110.2,8.715248450592405,109.0,115.2,99.9,108.45378,111.80614
2025-02-12,149,148,115.0,111.9,110.9,112.9,99.7,105.1,1,0,121.0,14.696938456699062,115.0,110.9,99.7,122.2,8.408329203831181,111.9,112.9,105.1,122.5,15.558134706819986,115.0,110.9,99.7,115.7,11.215564581816187,111.9,112.9,105.1,123.50941,112.76277
2025-02-12,108,131,107.6,119.1,111.8,109.8,102.3,102.0,1,0,111.2,4.381780460041274,107.6,111.8,102.3,123.0,10.198039027185553,119.1,109.8,102.0,108.0,5.637178175095927,107.6,111.8,102.3,123.6,8.38252149813279,119.1,109.8,102.0,112.968925,118.32104
2025-02-12,110,128,111.9,112.0,113.4,110.2,104.9,102.5,1,1,112.4,18.40652058374967,111.9,113.4,104.9,113.8,14.822280526288772,112.0,110.2,102.5,114.9,16.475233938652696,111.9,113.4,104.9,114.8,10.911767348448556,112.0,110.2,102.5,121.057846,120.38742
2025-02-12,101,103,113.6,113.6,108.7,111.2,99.8,101.3,0,0,117.0,10.173494974687861,113.6,108.7,99.8,109.6,8.173126696681086,113.6,111.2,101.3,117.5,10.669270515519472,113.6,108.7,99.8,111.6,7.705697747626407,113.6,111.2,101.3,114.52107,109.780464
2025-02-12,111,119,107.6,113.8,116.9,113.3,101.7,100.7,0,0,123.6,12.660963628413098,107.6,116.9,101.7,112.2,10.871982339941466,113.8,113.3,100.7,117.9,14.082692293103069,107.6,116.9,101.7,115.3,8.857514073122049,113.8,113.3,100.7,111.633804,117.9619
2025-02-12,115,101,117.3,110.8,104.8,110.3,102.6,98.5,0,0,133.4,9.914635646356347,117.3,104.8,102.6,105.8,13.498148021117558,110.8,110.3,98.5,127.1,11.976365614548365,117.3,104.8,102.6,104.7,11.205653335110169,110.8,110.3,98.5,116.70298,109.611046
2025-02-12,119,111,111.4,113.7,107.0,116.7,102.1,99.2,0,1,103.4,10.945318634009668,111.4,107.0,102.1,114.8,9.679876032264044,113.7,116.7,99.2,104.4,11.27632721924813,111.4,107.0,102.1,114.2,12.236557250032913,113.7,116.7,99.2,114.49881,109.40679
2025-02-12,132,121,117.2,108.1,113.4,111.0,102.1,102.1,0,0,131.8,14.042791745233579,117.2,113.4,102.1,106.8,8.983317872590307,108.1,111.0,102.1,126.7,14.922391824964924,117.2,113.4,102.1,109.0,7.542472332656432,108.1,111.0,102.1,117.39307,116.792206
2025-02-12,131,119,107.8,113.4,116.8,112.2,103.1,99.7,0,0,115.6,8.706319543871576,107.8,116.8,103.1,120.0,12.083045973594563,113.4,112.2,99.7,114.3,10.812030336620209,107.8,116.8,103.1,114.7,11.595497210363957,113.4,112.2,99.7,113.0986,116.62956
2025-02-12,111,107,112.1,112.0,113.3,108.7,101.6,101.4,0,0,119.0,9.746794344808967,112.1,113.3,101.6,122.8,8.167006795638228,112.0,108.7,101.4,113.6,10.469001862641953,112.1,113.3,101.6,112.6,13.599019572503522,112.0,108.7,101.4,115.35619,115.82808
2025-02-12,128,114,112.4,114.4,107.8,109.9,99.8,106.2,0,1,115.8,13.255187663703607,112.4,107.8,99.8,127.0,14.317821063276368,114.4,109.9,106.2,115.2,11.467829398413222,112.4,107.8,99.8,125.5,11.128042655082789,114.4,109.9,106.2,119.71345,111.33228
2025-02-13,98,105,111.4,112.0,107.0,108.7,102.1,101.4,1,1,103.2,10.568822072492246,111.4,107.0,102.1,120.8,10.756393447619931,112.0,108.7,101.4,105.1,11.99490632634446,111.4,107.0,102.1,114.1,11.779926428745965,112.0,108.7,101.4,114.522255,113.25858
2025-02-13,140,133,107.6,113.8,116.9,113.3,101.7,100.7,1,1,118.6,11.414902540100785,107.6,116.9,101.7,115.2,10.084641788382925,113.8,113.3,100.7,117.7,14.173919711921691,107.6,116.9,101.7,114.8,8.443274772793343,113.8,113.3,100.7,113.34604,118.16939
2025-02-13,118,113,112.1,110.8,113.3,110.3,101.6,98.5,1,1,118.4,10.212737145349431,112.1,113.3,101.6,104.8,13.663820841916797,110.8,110.3,98.5,112.9,10.375719519896244,112.1,113.3,101.6,105.1,10.969148655306899,110.8,110.3,98.5,113.18277,112.20017
2025-02-13,116,101,113.6,117.3,108.7,104.8,99.8,102.6,1,1,116.6,10.876580344942942,113.6,108.7,99.8,113.6,10.40672859259815,117.3,104.8,102.6,115.1,11.464437767868667,113.6,108.7,99.8,117.8,10.962562555250296,117.3,104.8,102.6,113.31229,110.67523
2025-02-20,127,113,114.1,114.4,111.9,109.9,101.9,106.2,0,0,122.4,9.26282894152752,114.1,111.9,101.9,121.8,13.084341787036916,114.4,109.9,106.2,120.1,9.024041962077405,114.1,111.9,101.9,123.6,11.325487480310715,114.4,109.9,106.2,121.02947,116.97174
2025-02-20,104,124,109.0,117.5,115.2,108.3,99.9,98.2,0,0,113.2,13.405222862750195,109.0,115.2,99.9,116.4,10.212737145349394,117.5,108.3,98.2,115.4,11.64474130240773,109.0,115.2,99.9,113.9,11.798775831039055,117.5,108.3,98.2,109.65061,115.71078
2025-02-20,108,114,111.9,106.5,112.9,106.6,105.1,98.7,0,0,111.4,12.381437719424943,111.9,112.9,105.1,101.6,16.501515081955347,106.5,106.6,98.7,115.3,14.11106736651139,111.9,112.9,105.1,101.0,13.31665623695875,106.5,106.6,98.7,111.87414,109.92956
2025-02-20,97,110,105.7,119.1,112.8,109.8,99.0,102.0,0,0,100.0,2.1213203435595944,105.7,112.8,99.0,127.6,6.107372593840959,119.1,109.8,102.0,97.0,5.142416206847193,105.7,112.8,99.0,124.5,8.669871202426137,119.1,109.8,102.0,107.91592,114.60398
2025-02-20,113,111,115.0,111.9,110.9,113.4,99.7,104.9,0,0,122.2,17.005881335585045,115.0,110.9,99.7,111.0,9.219544457292878,111.9,113.4,104.9,123.4,16.88654954558677,115.0,110.9,99.7,110.4,7.105553383719413,111.9,113.4,104.9,124.10635,113.43253
2025-02-20,116,110,113.6,112.4,111.2,107.8,101.3,99.8,0,0,122.6,8.763560920082607,113.6,111.2,101.3,115.0,8.246211251235309,112.4,107.8,99.8,121.8,9.647106647418223,113.6,111.2,101.3,108.4,11.510381787277389,112.4,107.8,99.8,114.9102,113.03404
2025-02-20,129,115,117.2,104.0,113.4,113.0,102.1,100.7,0,1,131.8,14.042791745233579,117.2,113.4,102.1,104.4,17.672011770027794,104.0,113.0,100.7,129.3,13.06437054655831,117.2,113.4,102.1,104.5,14.025769933312711,104.0,113.0,100.7,118.532715,109.66778
2025-02-20,120,109,111.7,113.7,114.4,116.7,101.7,99.2,0,0,118.0,15.411035007422434,111.7,114.4,101.7,115.4,9.235799911215048,113.7,116.7,99.2,119.1,11.798775831039032,111.7,114.4,101.7,114.9,11.779926428745899,113.7,116.7,99.2,117.24726,116.583405
2025-02-20,102,110,108.1,113.4,111.0,112.2,102.1,99.7,0,1,117.4,7.503332592921646,108.1,111.0,102.1,121.4,11.304866208850054,113.4,112.2,99.7,112.5,11.374923687167595,108.1,111.0,102.1,115.1,11.67571078017201,113.4,112.2,99.7,114.383575,113.42998
2025-02-21,142,105,119.1,115.0,109.8,110.9,102.0,99.7,1,1,124.8,16.873055443517043,119.1,109.8,102.0,119.8,11.90378091196243,115.0,110.9,99.7,122.7,15.846836347429846,119.1,109.8,102.0,118.0,12.418624006798188,115.0,110.9,99.7,115.77726,113.36672
2025-02-21,104,105,106.5,114.4,106.6,109.9,98.7,106.2,1,1,104.0,15.700318468107593,106.5,106.6,98.7,123.2,11.21160113453919,114.4,109.9,106.2,101.1,11.97636561454825,106.5,106.6,98.7,123.6,11.325487480310715,114.4,109.9,106.2,110.99387,108.99954
2025-02-21,101,104,103.9,113.6,115.9,111.2,103.7,101.3,0,1,116.4,13.315404612703253,103.9,115.9,103.7,107.8,8.497058314499263,113.6,111.2,101.3,110.0,15.318833724101431,103.9,115.9,103.7,111.0,8.151346173758123,113.6,111.2,101.3,116.86109,119.027145
2025-02-21,111,120,107.6,110.8,111.8,110.3,102.3,98.5,0,0,110.2,4.4384682042343755,107.6,111.8,102.3,106.4,14.152738250953412,110.8,110.3,98.5,109.1,4.121757985239918,107.6,111.8,102.3,104.5,10.265909062956284,110.8,110.3,98.5,110.52637,111.64809
2025-02-21,121,115,111.4,113.6,107.0,108.7,102.1,99.8,0,0,103.6,10.261578825892206,111.4,107.0,102.1,117.4,13.04990421420786,113.6,108.7,99.8,104.9,12.105554280760755,111.4,107.0,102.1,113.6,10.844353369380823,113.6,108.7,99.8,111.94785,111.63103
2025-02-21,110,125,111.7,112.0,114.4,110.2,101.7,102.5,1,0,119.0,15.329709716755886,111.7,114.4,101.7,116.6,16.13381541979452,112.0,110.2,102.5,119.0,11.785113019775778,111.7,114.4,101.7,116.2,11.669523459755306,112.0,110.2,102.5,115.77083,119.15916
2025-02-21,111,103,112.1,107.6,113.3,116.9,101.6,101.7,0,0,120.6,8.111719916269301,112.1,113.3,101.6,111.0,8.154753215150041,107.6,116.9,101.7,113.0,10.424330514074612,112.1,113.3,101.6,113.4,10.88526016633911,107.6,116.9,101.7,118.03163,110.543106
2025-02-21,107,130,107.8,117.3,116.8,104.8,103.1,102.6,0,0,119.8,10.256705123966476,107.8,116.8,103.1,110.2,11.344602240713417,117.3,104.8,102.6,115.3,11.907513967612417,107.8,116.8,103.1,115.9,12.123897429823787,117.3,104.8,102.6,110.00606,121.47518
2025-02-21,108,132,113.8,112.0,113.3,108.7,100.7,101.4,0,0,122.4,7.469939758793221,113.8,113.3,100.7,116.2,11.777096416349872,112.0,108.7,101.4,120.9,9.279008567729706,113.8,113.3,100.7,113.9,11.929887770730415,112.0,108.7,101.4,115.10895,114.016815
2025-02-22,117,121,111.9,113.7,113.4,116.7,104.9,99.2,0,0,115.0,16.507574019219188,111.9,113.4,104.9,111.2,4.494441010848838,113.7,116.7,99.2,112.1,14.35618333680649,111.9,113.4,104.9,114.1,11.892574714221185,113.7,116.7,99.2,115.29992,116.00608
2025-02-22,103,105,109.0,105.7,115.2,112.8,99.9,99.0,0,0,107.2,6.9065186599328445,109.0,115.2,99.9,96.6,16.94992625352681,105.7,112.8,99.0,115.6,11.403703102257836,109.0,115.2,99.9,105.7,16.29621632977008,105.7,112.8,99.0,114.725716,109.22045
2025-02-22,100,123,117.2,113.4,113.4,112.2,102.1,99.7,0,0,132.6,13.66747965061592,117.2,113.4,102.1,122.6,9.099450532861846,113.4,112.2,99.7,129.6,13.014521803653805,117.2,113.4,102.1,114.6,11.78699848703376,113.4,112.2,99.7,115.98943,114.7993
2025-02-22,124,115,107.8,111.4,116.8,107.0,103.1,102.1,1,1,118.6,11.523888232710355,107.8,116.8,103.1,110.6,9.39680796866678,111.4,107.0,102.1,116.8,9.307106006821801,107.8,116.8,103.1,118.2,11.360751148875101,111.4,107.0,102.1,112.84579,119.266525
2025-02-22,141,88,108.1,104.0,111.0,113.0,102.1,100.7,0,0,114.0,10.024968827881725,108.1,111.0,102.1,102.4,15.142654985173534,104.0,113.0,100.7,113.8,8.854377448471299,108.1,111.0,102.1,105.5,14.416425816870502,104.0,113.0,100.7,114.17599,106.471725
2025-02-23,118,105,117.5,115.0,108.3,110.9,98.2,99.7,0,0,117.0,3.999999999999929,117.5,108.3,98.2,115.6,12.837445228705013,115.0,110.9,99.7,116.2,7.857056276579318,117.5,108.3,98.2,118.1,12.296792716440867,115.0,110.9,99.7,114.34914,111.21071
2025-02-23,126,102,112.0,112.1,108.7,113.3,101.4,101.6,0,0,109.4,5.36656314599944,112.0,108.7,101.4,116.6,15.662056059151332,112.1,113.3,101.6,108.2,13.16392376493005,112.0,108.7,101.4,112.8,12.734903917100368,112.1,113.3,101.6,115.657555,113.90099
2025-02-23,129,111,114.1,112.4,111.9,107.8,101.9,99.8,0,0,124.4,8.876936408468849,114.1,111.9,101.9,113.4,8.294576541331077,112.4,107.8,99.8,121.4,8.983936281558996,114.1,111.9,101.9,107.8,11.222992272810032,112.4,107.8,99.8,114.90795,112.84541
2025-02-23,143,148,111.9,112.0,112.9,110.2,105.1,102.5,0,0,112.2,11.903780911962334,111.9,112.9,105.1,119.0,16.355427233796107,112.0,110.2,102.5,114.4,14.2766320335793,111.9,112.9,105.1,116.6,11.918239989379563,112.0,110.2,102.5,118.827065,120.3527
2025-02-23,110,90,106.5,103.9,106.6,115.9,98.7,103.7,0,0,109.0,7.68114574786863,106.5,106.6,98.7,113.0,8.093207028119291,103.9,115.9,103.7,102.3,11.557104597028923,106.5,106.6,98.7,108.4,10.057611821677991,103.9,115.9,103.7,112.7015,106.79293
2025-02-23,127,109,107.6,113.7,111.8,116.7,102.3,99.2,0,1,111.2,3.768288736283291,107.6,111.8,102.3,113.8,5.761944116355168,113.7,116.7,99.2,109.8,3.7357135269658652,107.6,111.8,102.3,113.2,10.850499220466011,113.7,116.7,99.2,113.030815,112.79112
2025-02-23,120,113,113.6,110.8,111.2,110.3,101.3,98.5,0,0,121.2,9.230384607371409,113.6,111.2,101.3,105.6,12.973048986263787,110.8,110.3,98.5,123.2,7.1460945044590805,113.6,111.2,101.3,106.7,11.045863982102519,110.8,110.3,98.5,114.2063,111.446236
2025-02-23,114,96,107.6,111.7,116.9,114.4,101.7,101.7,0,0,122.0,15.016657417681184,107.6,116.9,101.7,117.4,11.282730166054659,111.7,114.4,101.7,118.5,15.255235895331966,107.6,116.9,101.7,114.3,9.944847912361471,111.7,114.4,101.7,113.768555,117.62942
2025-02-23,129,123,119.1,114.4,109.8,109.9,102.0,106.2,0,0,131.2,15.896540504147442,119.1,109.8,102.0,117.8,12.357184145265476,114.4,109.9,106.2,124.0,16.918103387266076,119.1,109.8,102.0,121.4,12.650867339611615,114.4,109.9,106.2,125.32976,119.56928
2025-02-23,123,130,113.6,117.3,108.7,104.8,99.8,102.6,0,0,117.0,10.793516572461412,113.6,108.7,99.8,116.6,11.760102040373624,117.3,104.8,102.6,115.2,11.467829398413253,113.6,108.7,99.8,118.3,12.320263344948708,117.3,104.8,102.6,112.80787,110.63219
2025-02-24,106,97,112.0,112.4,110.2,107.8,102.5,99.8,1,1,121.8,7.854934754662192,112.0,110.2,102.5,113.8,8.074651695274527,112.4,107.8,99.8,117.4,9.83418075444566,112.0,110.2,102.5,110.3,8.206366092518817,112.4,107.8,99.8,114.84503,113.83878
2025-02-24,116,125,114.1,117.2,111.9,113.4,101.9,102.1,1,0,127.2,7.224956747275364,114.1,111.9,101.9,119.8,11.476062042355796,117.2,113.4,102.1,123.1,8.608135686663031,114.1,111.9,101.9,117.9,10.671353137150911,117.2,113.4,102.1,119.05578,119.42349
2025-02-24,110,142,109.0,111.9,115.2,113.4,99.9,104.9,0,0,105.8,6.9065186599328445,109.0,115.2,99.9,112.0,8.803408430829496,111.9,113.4,104.9,114.0,11.981467170407635,109.0,115.2,99.9,110.0,6.928203230275343,111.9,113.4,104.9,118.84508,117.440094
2025-02-24,107,99,103.9,105.7,115.9,112.8,103.7,99.0,1,0,117.4,11.458621208504933,103.9,115.9,103.7,104.2,3.701351104664067,105.7,112.8,99.0,108.9,15.552420318965737,103.9,115.9,103.7,104.9,16.093131730303053,105.7,112.8,99.0,115.54052,108.871475
2025-02-24,98,86,111.9,110.8,112.9,110.3,105.1,98.5,1,1,117.0,18.39836949297408,111.9,112.9,105.1,106.6,13.390294993016393,110.8,110.3,98.5,114.6,14.69845040963315,111.9,112.9,105.1,107.2,11.222992272810048,110.8,110.3,98.5,116.62862,111.854324
2025-02-24,128,131,117.3,113.6,104.8,108.7,102.6,99.8,1,1,127.6,10.6207344378814,117.3,104.8,102.6,119.2,11.62755348299891,113.6,108.7,99.8,128.1,10.21382505343741,117.3,104.8,102.6,114.6,10.415799963943732,113.6,108.7,99.8,116.067444,110.43181
2025-02-24,112,114,107.8,108.1,116.8,111.0,103.1,102.1,0,0,120.8,11.233877335986904,107.8,116.8,103.1,107.8,10.425929215182714,108.1,111.0,102.1,118.0,9.392668535736727,107.8,116.8,103.1,110.5,8.329999333066471,108.1,111.0,102.1,114.32417,115.86492
2025-02-24,130,88,113.8,104.0,113.3,113.0,100.7,100.7,0,0,117.6,7.469939758793221,113.8,113.3,100.7,96.0,12.349089035228506,104.0,113.0,100.7,120.4,9.86801792548935,113.8,113.3,100.7,104.3,15.39155612665583,104.0,113.0,100.7,118.14875,107.518456
2025-02-25,101,111,107.6,117.5,111.8,108.3,102.3,98.2,0,0,113.6,8.111719916269271,107.6,111.8,102.3,117.6,10.784247771634297,117.5,108.3,98.2,112.1,6.100091074001392,107.6,111.8,102.3,116.6,10.521934760827506,117.5,108.3,98.2,110.39542,114.98231
2025-02-25,82,122,106.5,119.1,106.6,109.8,98.7,102.0,0,0,106.8,4.147288270665586,106.5,106.6,98.7,123.8,9.808159868191364,119.1,109.8,102.0,104.4,10.751744044572513,106.5,106.6,98.7,122.1,9.060905032059019,119.1,109.8,102.0,111.02648,110.22948
2025-02-25,100,97,111.4,113.6,107.0,111.2,102.1,101.3,0,0,106.0,12.903487900563912,111.4,107.0,102.1,105.0,6.3245553203368425,113.6,111.2,101.3,106.0,13.080944580232407,111.4,107.0,102.1,110.8,8.310635755865091,113.6,111.2,101.3,115.95872,113.19017
2025-02-25,151,148,114.4,113.7,109.9,116.7,106.2,99.2,0,0,124.8,9.9849887330933,114.4,109.9,106.2,111.8,5.215361924162112,113.7,116.7,99.2,125.3,14.032106042928685,114.4,109.9,106.2,111.6,10.068653225619531,113.7,116.7,99.2,118.44107,113.889145
2025-02-25,109,103,107.6,111.7,116.9,114.4,101.7,101.7,0,0,123.4,13.520355024924433,107.6,116.9,101.7,111.4,13.352902306240386,111.7,114.4,101.7,120.2,13.431306712304785,107.6,116.9,101.7,113.4,11.207140580897542,111.7,114.4,101.7,112.56546,117.26573
2025-02-25,128,92,112.0,104.0,108.7,113.0,101.4,100.7,0,1,113.0,8.999999999999966,112.0,108.7,101.4,93.2,12.235195135346265,104.0,113.0,100.7,110.9,13.819872969347069,112.0,108.7,101.4,104.3,15.39155612665583,104.0,113.0,100.7,115.89807,104.57972
2025-02-25,107,99,113.4,112.1,112.2,113.3,99.7,101.6,0,0,120.8,7.854934754662215,113.4,112.2,99.7,109.6,11.545561917897237,112.1,113.3,101.6,114.7,11.450861200024226,113.4,112.2,99.7,113.1,12.404748194855802,112.1,113.3,101.6,116.61659,112.22177
2025-02-26,117,97,112.0,117.5,110.2,108.3,102.5,98.2,0,1,117.6,9.762171889492624,112.0,110.2,102.5,116.2,11.166915420114872,117.5,108.3,98.2,117.6,9.547541859324516,112.0,110.2,102.5,115.2,10.20675157813579,117.5,108.3,98.2,113.95354,115.4234
2025-02-26,111,91,114.1,107.6,111.9,111.8,101.9,102.3,0,1,123.8,7.79102047231297,114.1,111.9,101.9,105.0,11.02270384252431,107.6,111.8,102.3,122.1,8.812238963825076,114.1,111.9,101.9,109.7,11.421714212654539,107.6,111.8,102.3,120.7302,112.05059
2025-02-26,110,105,115.0,109.0,110.9,115.2,99.7,99.9,0,0,120.4,17.50142851312429,115.0,110.9,99.7,110.6,11.058933040759426,109.0,115.2,99.9,122.8,17.164562977897905,115.0,110.9,99.7,109.1,9.791719858011431,109.0,115.2,99.9,119.600296,109.995476
2025-02-26,121,129,103.9,108.1,115.9,111.0,103.7,102.1,0,0,114.0,11.532562594670756,103.9,115.9,103.7,110.4,9.914635646356373,108.1,111.0,102.1,110.1,14.805779652254445,103.9,115.9,103.7,111.4,8.154071920757623,108.1,111.0,102.1,115.67514,116.75363
2025-02-26,121,129,105.7,117.3,112.8,104.8,99.0,102.6,0,0,99.6,2.509980079602185,105.7,112.8,99.0,119.0,13.247641299491766,117.3,104.8,102.6,96.9,5.130518708885336,105.7,112.8,99.0,119.1,12.836146877730254,117.3,104.8,102.6,105.38566,115.30179
2025-02-26,131,109,110.8,111.9,110.3,112.9,98.5,105.1,0,0,110.2,17.31184565550421,110.8,110.3,98.5,128.8,13.02689525558566,111.9,112.9,105.1,110.8,12.505998560690838,110.8,110.3,98.5,119.0,15.151090903151374,111.9,112.9,105.1,118.77755,114.18334
2025-02-26,117,122,111.9,112.4,113.4,107.8,104.9,99.8,0,0,112.6,14.741099009232666,111.9,113.4,104.9,107.6,6.107372593840969,112.4,107.8,99.8,111.9,14.263005760825228,111.9,113.4,104.9,110.2,8.377217782639764,112.4,107.8,99.8,113.25117,115.2876
2025-02-26,101,118,107.8,113.8,116.8,113.3,103.1,100.7,0,0,121.0,11.022703842524312,107.8,116.8,103.1,119.8,12.153188881935439,113.8,113.3,100.7,118.0,9.392668535736727,107.8,116.8,103.1,116.6,10.221980673474615,113.8,113.3,100.7,113.39984,117.69772
2025-02-26,118,106,111.4,111.7,107.0,114.4,102.1,101.7,1,1,106.4,12.621410380777549,111.4,107.0,102.1,108.8,13.498148021117558,111.7,114.4,101.7,107.4,11.335293948058391,111.4,107.0,102.1,112.8,11.62181856108016,111.7,114.4,101.7,117.48647,111.61107
2025-02-27,115,121,106.5,112.0,106.6,108.7,98.7,101.4,0,0,100.8,10.91787525116496,106.5,106.6,98.7,120.2,13.292855223765923,112.0,108.7,101.4,102.0,12.832251036613455,106.5,106.6,98.7,117.5,11.345581616745093,112.0,108.7,101.4,110.18427,110.34801
2025-02-27,121,112,113.6,117.2,111.2,113.4,101.3,102.1,0,0,120.2,8.983317872590225,113.6,111.2,101.3,120.6,11.7175082675456,117.2,113.4,102.1,123.1,7.187179944564433,113.6,111.2,101.3,119.2,10.6645831298432,117.2,113.4,102.1,117.60579,119.68364
2025-02-27,103,96,112.1,104.0,113.3,113.0,101.6,100.7,0,0,116.8,6.978538528947161,112.1,113.3,101.6,93.8,12.049896265113691,104.0,113.0,100.7,114.0,9.591663046625483,112.1,113.3,101.6,102.2,15.504837954651318,104.0,113.0,100.7,117.500145,109.05417
2025-02-27,116,124,113.7,107.6,116.7,116.9,99.2,101.7,0,0,115.2,11.497825881443875,113.7,116.7,99.2,110.8,8.37854402626136,107.6,116.9,101.7,116.4,8.329332372872354,113.7,116.7,99.2,111.4,10.762073323585136,107.6,116.9,101.7,117.40434,109.952545
2025-02-27,111,102,113.4,113.6,112.2,108.7,99.7,99.8,0,0,120.0,9.192388155425137,113.4,112.2,99.7,122.4,12.361229712289957,113.6,108.7,99.8,115.7,10.089047967419258,113.4,112.2,99.7,117.3,10.85305896459107,113.6,108.7,99.8,113.552666,112.90086
2025-02-28,119,134,112.0,117.2,110.2,113.4,102.5,102.1,0,1,115.0,6.964194138592057,112.0,110.2,102.5,120.6,11.7175082675456,117.2,113.4,102.1,117.0,9.35711256507871,112.0,110.2,102.5,118.6,10.905656024895345,117.2,113.4,102.1,118.77282,122.0483
2025-02-28,119,135,111.9,117.3,112.9,104.8,105.1,102.6,0,0,117.8,17.195929750961398,111.9,112.9,105.1,123.0,12.469963913339921,117.3,104.8,102.6,112.4,15.428689006018779,111.9,112.9,105.1,119.4,13.048627003124276,117.3,104.8,102.6,113.17163,124.63582
2025-02-28,116,123,117.5,119.1,108.3,109.8,98.2,102.0,0,0,117.6,3.847076812334195,117.5,108.3,98.2,123.0,9.746794344808945,119.1,109.8,102.0,116.6,7.834397090892116,117.5,108.3,98.2,121.6,8.896940797574649,119.1,109.8,102.0,113.9135,111.252014
2025-02-28,102,121,105.7,108.1,112.8,111.0,99.0,102.1,0,0,103.4,10.064790112068893,105.7,112.8,99.0,115.8,11.432410069622259,108.1,111.0,102.1,99.5,9.107384061542842,105.7,112.8,99.0,112.8,9.86351300951583,108.1,111.0,102.1,108.59487,111.47372
2025-02-28,125,120,110.8,114.1,110.3,111.9,98.5,101.9,0,0,110.8,18.11629101113139,110.8,110.3,98.5,114.2,16.300306745579967,114.1,111.9,101.9,112.9,14.027354229029362,110.8,110.3,98.5,115.4,12.321616055624455,114.1,111.9,101.9,113.52816,111.60607
2025-02-28,125,115,111.9,107.6,113.4,111.8,104.9,102.3,0,0,109.4,10.261578825892254,111.9,113.4,104.9,99.8,10.03493896344169,107.6,111.8,102.3,112.3,14.353087163084862,111.9,113.4,104.9,109.0,12.391753530294043,107.6,111.8,102.3,117.57896,116.83465
2025-02-28,113,114,114.4,115.0,109.9,110.9,106.2,99.7,0,0,127.2,14.61848145328372,114.4,109.9,106.2,111.6,12.280065146407045,115.0,110.9,99.7,124.9,13.118688958885937,114.4,109.9,106.2,117.8,12.603350524540945,115.0,110.9,99.7,116.08261,118.139946
2025-02-28,125,108,113.7,107.6,116.7,116.9,99.2,101.7,1,1,116.2,11.256109452204194,113.7,116.7,99.2,113.0,10.319883720275143,107.6,116.9,101.7,116.8,8.189424074174465,113.7,116.7,99.2,111.9,11.259070417519697,107.6,116.9,101.7,117.20635,110.097115
2025-02-28,117,116,107.8,113.6,116.8,108.7,103.1,99.8,0,1,115.0,12.30853362509118,107.8,116.8,103.1,118.6,15.436968614336172,113.6,108.7,99.8,115.3,10.055954565441219,107.8,116.8,103.1,117.1,11.140017953306971,113.6,108.7,99.8,111.33962,116.93609
2025-02-28,106,102,113.4,112.4,112.2,107.8,99.7,99.8,1,0,118.8,10.034938963441698,113.4,112.2,99.7,109.6,8.905054744357262,112.4,107.8,99.8,114.3,9.615381196580492,113.4,112.2,99.7,111.8,8.991353871605906,112.4,107.8,99.8,112.21708,111.9539
2025-03-01,100,113,104.0,103.9,113.0,115.9,100.7,103.7,0,0,108.2,6.797058187186537,104.0,113.0,100.7,109.2,13.255187663703579,103.9,115.9,103.7,106.1,11.179842972461156,104.0,113.0,100.7,106.9,11.6184718826914,103.9,115.9,103.7,109.84722,112.53274
2025-03-01,115,94,112.0,105.7,110.2,112.8,102.5,99.0,1,1,115.8,7.190271204899017,112.0,110.2,102.5,103.8,4.2071367935922765,105.7,112.8,99.0,118.9,7.202622979010913,112.0,110.2,102.5,103.5,15.91819364403155,105.7,112.8,99.0,116.21304,107.3605
2025-03-01,103,113,111.4,113.8,107.0,113.3,102.1,100.7,0,0,111.2,11.211601134539135,111.4,107.0,102.1,120.2,12.029131306956423,113.8,113.3,100.7,107.3,11.225467077636965,111.4,107.0,102.1,116.1,9.99388702046293,113.8,113.3,100.7,115.9745,112.17887
2025-03-01,128,130,114.4,111.7,109.9,114.4,106.2,101.7,1,0,124.8,15.990622251807467,114.4,109.9,106.2,107.8,13.479614237803686,111.7,114.4,101.7,124.3,13.54867767225505,114.4,109.9,106.2,110.8,10.788883167408992,111.7,114.4,101.7,119.62388,116.62974
2025-03-01,126,119,109.0,112.0,115.2,108.7,99.9,101.4,0,0,104.2,3.420526275297495,109.0,115.2,99.9,118.0,11.661903789690642,112.0,108.7,101.4,111.8,10.19585972616119,109.0,115.2,99.9,119.5,9.766723549322538,112.0,108.7,101.4,111.3832,114.954765
2025-03-01,117,132,112.1,113.6,113.3,111.2,101.6,101.3,0,0,114.2,9.364827814754525,112.1,113.3,101.6,105.2,5.974947698515952,113.6,111.2,101.3,114.4,8.959166627910639,112.1,113.3,101.6,109.4,9.383200117467425,113.6,111.2,101.3,116.36778,115.68292
2025-03-02,110,103,117.5,117.2,108.3,113.4,98.2,102.1,0,0,118.4,2.6076809620809533,117.5,108.3,98.2,120.0,10.700467279516324,117.2,113.4,102.1,115.7,7.257945837341235,117.5,108.3,98.2,118.7,11.055918475338725,117.2,113.4,102.1,119.67975,111.18593
2025-03-02,133,129,119.1,108.1,109.8,111.0,102.0,102.1,0,0,129.6,15.56598856481657,119.1,109.8,102.0,120.4,5.639148871948714,108.1,111.0,102.1,123.7,16.786568705035894,119.1,109.8,102.0,113.0,10.022197585581894,108.1,111.0,102.1,118.021385,113.190895
2025-03-02,127,112,114.1,111.9,111.9,113.4,101.9,104.9,0,0,119.6,7.9246451024635665,114.1,111.9,101.9,120.4,13.352902306240384,111.9,113.4,104.9,120.3,9.080504146552448,114.1,111.9,101.9,113.5,12.131226923385071,111.9,113.4,104.9,124.26408,116.64833
2025-03-02,112,116,110.8,115.0,110.3,110.9,98.5,99.7,0,0,114.4,18.942016788082523,110.8,110.3,98.5,114.6,10.064790112068959,115.0,110.9,99.7,113.5,14.439529078193695,110.8,110.3,98.5,115.6,10.875047892614942,115.0,110.9,99.7,112.47766,111.50024
2025-03-02,102,104,106.5,107.6,106.6,111.8,98.7,102.3,0,0,102.6,12.601587201618706,106.5,106.6,98.7,101.6,12.033287165193066,107.6,111.8,102.3,103.1,13.477965556995462,106.5,106.6,98.7,107.9,11.140017953306883,107.6,111.8,102.3,111.24285,104.79806
2025-03-02,132,146,111.7,117.3,114.4,104.8,101.7,102.6,1,0,118.6,15.582040944625957,111.7,114.4,101.7,125.0,13.619838471876232,117.3,104.8,102.6,116.7,10.965096138809416,111.7,114.4,101.7,119.3,12.910374811668914,117.3,104.8,102.6,113.107635,120.910164
2025-03-02,121,128,107.8,107.6,116.8,116.9,103.1,101.7,0,0,112.2,8.871302046486763,107.8,116.8,103.1,110.8,9.884331034521251,107.6,116.9,101.7,116.0,9.888264649460682,107.8,116.8,103.1,110.8,11.023207841237138,107.6,116.9,101.7,113.66276,114.05845
2025-03-02,98,116,113.7,113.6,116.7,108.7,99.2,99.8,0,0,118.6,11.674759098157041,113.7,116.7,99.2,114.2,11.031772296417289,113.6,108.7,99.8,117.0,8.379870059984453,113.7,116.7,99.2,116.7,11.096045341572095,113.6,108.7,99.8,113.61875,114.92515
2025-03-02,108,102,113.4,112.4,112.2,107.8,99.7,99.8,0,0,116.0,11.46734494117973,113.4,112.2,99.7,108.4,9.555103348472993,112.4,107.8,99.8,114.7,9.117138927438818,113.4,112.2,99.7,111.7,9.104943712071924,112.4,107.8,99.8,113.65592,111.9539
2025-03-03,101,119,104.0,112.0,113.0,108.7,100.7,101.4,0,0,107.4,7.602631123499255,104.0,113.0,100.7,116.8,11.054410884348426,112.0,108.7,101.4,105.1,11.239315914334918,104.0,113.0,100.7,119.8,9.693067396627251,112.0,108.7,101.4,108.233246,114.14303
2025-03-03,102,119,109.0,108.1,115.2,111.0,99.9,102.1,0,1,109.2,9.833615815151644,109.0,115.2,99.9,122.8,6.340346993658979,108.1,111.0,102.1,112.6,11.017158334969052,109.0,115.2,99.9,114.8,11.17338106592824,108.1,111.0,102.1,115.03452,112.15579
2025-03-03,106,90,110.8,103.9,110.3,115.9,98.5,103.7,1,0,111.8,17.991664736760747,110.8,110.3,98.5,110.2,13.33041634758643,103.9,115.9,103.7,113.2,14.436065946094914,110.8,110.3,98.5,106.8,11.554700823089835,103.9,115.9,103.7,115.883415,108.27453
2025-03-03,130,132,114.4,111.9,109.9,112.9,106.2,105.1,0,0,126.4,15.789236840328925,114.4,109.9,106.2,125.2,15.833508770957883,111.9,112.9,105.1,125.6,13.175735273600324,114.4,109.9,106.2,118.9,15.220235068997992,111.9,112.9,105.1,131.29439,127.98597
2025-03-03,137,128,117.3,111.4,104.8,107.0,102.6,102.1,1,0,128.2,10.521406750050106,117.3,104.8,102.6,109.8,8.642916174532731,111.4,107.0,102.1,127.5,10.0027773920826,117.3,104.8,102.6,116.9,10.846914563854357,111.4,107.0,102.1,116.66781,111.659996
2025-03-03,98,122,112.1,113.8,113.3,113.3,101.6,100.7,0,0,112.0,6.000000000000003,112.1,113.3,101.6,122.4,8.294576541331036,113.8,113.3,100.7,115.5,8.475454756727501,112.1,113.3,101.6,115.4,9.935346552139523,113.8,113.3,100.7,117.27352,114.56306
2025-03-03,106,134,107.8,112.0,116.8,110.2,103.1,102.5,1,0,115.0,9.027735042633907,107.8,116.8,103.1,130.4,10.922453936730488,112.0,110.2,102.5,116.8,9.94205433723034,107.8,116.8,103.1,120.1,15.380001444877925,112.0,110.2,102.5,115.38379,121.129265
2025-03-04,115,102,114.1,111.4,111.9,107.0,101.9,102.1,0,1,122.0,7.999999999999987,114.1,111.9,101.9,111.8,11.64903429473875,111.4,107.0,102.1,122.2,8.162243700247105,114.1,111.9,101.9,117.0,10.954451150103331,111.4,107.0,102.1,120.30317,115.71653
2025-03-04,113,114,106.5,107.6,106.6,111.8,98.7,102.3,0,0,102.6,12.601587201618706,106.5,106.6,98.7,100.6,11.458621208504983,107.6,111.8,102.3,103.3,13.441643418041494,106.5,106.6,98.7,106.9,10.979273402390724,107.6,111.8,102.3,111.24285,105.12205
2025-03-04,121,127,111.9,113.6,112.9,111.2,105.1,101.3,1,0,116.6,16.772000476985422,111.9,112.9,105.1,109.2,13.553597308463944,113.6,111.2,101.3,114.7,14.391741458983436,111.9,112.9,105.1,110.9,11.656662377274829,113.6,111.2,101.3,117.47724,119.2202
2025-03-04,102,114,115.0,112.0,110.9,108.7,99.7,101.4,0,1,120.0,17.76231966833161,115.0,110.9,99.7,119.2,9.602083107326294,112.0,108.7,101.4,123.9,15.765292399586052,115.0,110.9,99.7,120.0,9.649409884086893,112.0,108.7,101.4,116.1908,112.36613
2025-03-04,117,139,111.9,119.1,113.4,109.8,104.9,102.0,0,0,112.2,12.477980605851261,111.9,113.4,104.9,124.0,9.354143466934834,119.1,109.8,102.0,115.4,13.268174118711466,111.9,113.4,104.9,122.5,8.48855438549744,119.1,109.8,102.0,117.965294,121.18927
2025-03-04,126,112,113.6,109.0,108.7,115.2,99.8,99.9,0,1,116.2,9.98498873309325,113.6,108.7,99.8,109.8,11.344602240713446,109.0,115.2,99.9,115.8,11.726513169357341,113.6,108.7,99.8,109.1,9.791719858011431,109.0,115.2,99.9,118.20985,107.72712
2025-03-04,127,113,111.7,105.7,114.4,112.8,101.7,99.0,0,0,121.8,16.528762809115502,111.7,114.4,101.7,102.4,6.107372593840809,105.7,112.8,99.0,118.5,11.909380056633221,111.7,114.4,101.7,102.4,16.18092155046243,105.7,112.8,99.0,116.83839,109.74897
2025-03-04,119,117,113.7,112.4,116.7,107.8,99.2,99.8,0,0,111.2,10.329569206893414,113.7,116.7,99.2,106.8,9.884331034521244,112.4,107.8,99.8,115.4,10.319345371141063,113.7,116.7,99.2,110.1,9.279008567729532,112.4,107.8,99.8,113.410576,115.394936
2025-03-04,136,115,113.4,107.6,112.2,116.9,99.7,101.7,0,0,112.8,10.894952959971894,113.4,112.2,99.7,112.8,12.397580409095958,107.6,116.9,101.7,113.8,9.307106006821908,113.4,112.2,99.7,111.0,11.343133018115736,107.6,116.9,101.7,117.337814,109.479996
2025-03-05,128,118,117.5,108.1,108.3,111.0,98.2,102.1,0,0,116.0,3.741657386773868,117.5,108.3,98.2,122.4,6.542170893518486,108.1,111.0,102.1,117.0,3.944053188733205,117.5,108.3,98.2,115.1,11.249197502241824,108.1,111.0,102.1,116.508545,109.726456
2025-03-05,110,125,104.0,113.6,113.0,108.7,100.7,99.8,0,1,106.8,8.043631020876052,104.0,113.0,100.7,116.0,10.271319292087068,113.6,108.7,99.8,105.5,10.987366482566344,104.0,113.0,100.7,116.7,11.096045341572095,113.6,108.7,99.8,107.957535,113.8695
2025-03-05,112,107,119.1,110.8,109.8,110.3,102.0,98.5,1,0,127.4,13.685759021698436,119.1,109.8,102.0,106.6,13.390294993016393,110.8,110.3,98.5,127.7,12.99615327702787,119.1,109.8,102.0,106.2,12.682446311514319,110.8,110.3,98.5,115.887054,112.09169
2025-03-05,125,122,103.9,107.8,115.9,116.8,103.7,103.1,0,0,116.0,11.747340124470691,103.9,115.9,103.7,111.2,9.859006035093,107.8,116.8,103.1,111.6,15.101140501447077,103.9,115.9,103.7,112.3,8.499019551297348,107.8,116.8,103.1,117.58063,117.24727
2025-03-05,103,120,114.4,117.3,109.9,104.8,106.2,102.6,0,0,126.8,15.865055940651457,114.4,109.9,106.2,134.0,7.10633520177594,117.3,104.8,102.6,127.8,11.6599980941487,114.4,109.9,106.2,122.1,15.394443441998309,117.3,104.8,102.6,115.41732,121.28492
2025-03-05,116,110,117.2,113.8,113.4,113.3,102.1,100.7,0,0,123.8,17.977764043395393,117.2,113.4,102.1,121.0,7.449832212875612,113.8,113.3,100.7,127.2,16.026367163036255,117.2,113.4,102.1,116.6,9.935346552139526,113.8,113.3,100.7,118.39028,115.00237
2025-03-05,137,107,113.6,112.1,111.2,113.3,101.3,101.6,1,0,120.6,8.961026726887885,113.6,111.2,101.3,109.0,12.10371843691016,112.1,113.3,101.6,122.2,6.779052703405511,113.6,111.2,101.3,112.6,12.903057346570597,112.1,113.3,101.6,116.69129,114.55941
2025-03-05,123,115,112.4,112.0,107.8,110.2,99.8,102.5,1,0,118.8,14.131525041551614,112.4,107.8,99.8,133.4,8.87693640846882,112.0,110.2,102.5,115.7,11.944780357033665,112.4,107.8,99.8,121.1,15.975328200419357,112.0,110.2,102.5,115.49045,111.506256
2025-03-06,124,118,111.9,114.1,112.9,111.9,105.1,101.9,0,0,117.8,16.843396332094052,111.9,112.9,105.1,115.8,16.422545478700915,114.1,111.9,101.9,114.6,14.338758663147953,111.9,112.9,105.1,115.1,12.151360234786702,114.1,111.9,101.9,117.986565,120.49245
2025-03-06,123,105,117.5,109.0,108.3,115.2,98.2,99.9,1,0,117.6,6.54217089351841,117.5,108.3,98.2,110.4,11.371015785759885,109.0,115.2,99.9,117.8,5.223876806442683,117.5,108.3,98.2,108.0,8.60232526704248,109.0,115.2,99.9,117.75446,106.51564
2025-03-06,119,121,105.7,112.0,112.8,108.7,99.0,101.4,0,0,103.4,10.064790112068893,105.7,112.8,99.0,121.0,6.67083203206324,112.0,108.7,101.4,101.3,7.303728119559525,105.7,112.8,99.0,118.6,9.371351141763098,112.0,108.7,101.4,108.65967,112.88816
2025-03-06,97,109,107.6,111.4,116.9,107.0,101.7,102.1,0,0,118.0,12.589678312014147,107.6,116.9,101.7,112.8,10.18331969448075,111.4,107.0,102.1,121.1,12.169634341261203,107.6,116.9,101.7,114.7,11.489608831945118,111.4,107.0,102.1,112.00575,119.1114
2025-03-06,113,109,113.4,115.0,112.2,110.9,99.7,99.7,0,0,113.6,12.660963628413137,113.4,112.2,99.7,113.6,9.502631214563737,115.0,110.9,99.7,117.2,10.63328108660089,113.4,112.2,99.7,114.6,10.2545382907061,115.0,110.9,99.7,113.909386,112.3301
2025-03-07,117,118,104.0,119.1,113.0,109.8,100.7,102.0,0,0,106.0,7.314369419163865,104.0,113.0,100.7,125.0,10.839741694339383,119.1,109.8,102.0,104.2,9.330952077181964,104.0,113.0,100.7,124.0,9.977753031396757,119.1,109.8,102.0,107.7974,117.09543
2025-03-07,118,109,107.6,107.8,111.8,116.8,102.3,103.1,0,0,110.8,9.757048734120351,107.6,111.8,102.3,115.0,9.565563234854507,107.8,116.8,103.1,111.2,7.0364132277113605,107.6,111.8,102.3,114.0,8.576453553512485,107.8,116.8,103.1,116.00652,113.4695
2025-03-07,111,122,112.1,114.4,113.3,109.9,101.6,106.2,0,0,109.4,8.734987120768984,112.1,113.3,101.6,114.8,6.797058187186603,114.4,109.9,106.2,113.9,10.1373895390612,112.1,113.3,101.6,121.9,12.600264547487653,114.4,109.9,106.2,119.1069,120.43846
2025-03-07,104,106,110.8,113.6,110.3,108.7,98.5,99.8,0,0,111.8,17.991664736760747,110.8,110.3,98.5,118.0,10.977249200050073,113.6,108.7,99.8,113.8,13.942740046346746,110.8,110.3,98.5,118.6,10.679159351018518,113.6,108.7,99.8,112.269615,111.20694
2025-03-07,107,89,117.3,108.1,104.8,111.0,102.6,102.1,0,0,127.6,9.736529155710464,117.3,104.8,102.6,123.2,5.403702434442561,108.1,111.0,102.1,128.5,10.437645541234293,117.3,104.8,102.6,116.8,10.108302418199466,108.1,111.0,102.1,118.79385,107.93991
2025-03-07,149,141,117.2,113.7,113.4,116.7,102.1,99.2,0,0,124.6,17.401149387324974,117.2,113.4,102.1,119.6,16.637307474468336,113.7,116.7,99.2,128.0,15.13641671965705,117.2,113.4,102.1,117.2,13.079245645933295,113.7,116.7,99.2,117.97495,114.10626
2025-03-07,127,109,113.8,111.7,113.3,114.4,100.7,101.7,0,0,119.0,9.192388155425103,113.8,113.3,100.7,107.6,13.049904214207853,111.7,114.4,101.7,122.4,9.54754185932467,113.8,113.3,100.7,113.1,12.242457995753075,111.7,114.4,101.7,117.512794,113.01957
2025-03-07,105,95,112.4,115.0,107.8,110.9,99.8,99.7,0,1,118.0,13.656500283747674,112.4,107.8,99.8,109.8,5.0695167422547325,115.0,110.9,99.7,117.1,11.89257471422118,112.4,107.8,99.8,114.8,10.108302418199596,115.0,110.9,99.7,113.19218,110.26226
2025-03-08,105,102,104.0,105.7,113.0,112.8,100.7,99.0,1,0,109.0,8.276472678623396,104.0,113.0,100.7,104.2,7.791020472312849,105.7,112.8,99.0,105.2,10.163114133418402,104.0,113.0,100.7,102.6,16.310868905255834,105.7,112.8,99.0,109.76446,108.94996
2025-03-08,146,117,111.4,107.6,107.0,116.9,102.1,101.7,0,0,108.0,10.700467279516314,111.4,107.0,102.1,115.6,10.502380682492896,107.6,116.9,101.7,105.6,10.340857475728686,111.4,107.0,102.1,113.3,9.189970378382927,107.6,116.9,101.7,116.664215,109.7475
2025-03-08,120,118,111.9,114.1,112.9,111.9,105.1,101.9,0,0,121.0,16.015617378046958,111.9,112.9,105.1,121.6,7.021395872616771,114.1,111.9,101.9,116.6,14.088608479508878,111.9,112.9,105.1,114.1,11.357327541674957,114.1,111.9,101.9,118.00271,119.91509
2025-03-08,117,118,107.6,103.9,111.8,115.9,102.3,103.7,1,0,113.0,9.92471662063958,107.6,111.8,102.3,107.2,16.177144370994515,103.9,115.9,103.7,112.1,7.29459465022639,107.6,111.8,102.3,105.8,12.594531441154304,103.9,115.9,103.7,116.84681,110.89929
2025-03-08,109,114,110.8,111.9,110.3,113.4,98.5,104.9,1,0,115.6,11.886967653695374,110.8,110.3,98.5,118.4,13.794926603646712,111.9,113.4,104.9,112.9,14.286357128393552,110.8,110.3,98.5,113.4,12.139924949429217,111.9,113.4,104.9,120.54594,112.41125
2025-03-08,109,111,113.6,106.5,111.2,106.6,101.3,98.7,0,0,121.0,9.772410142845985,113.6,111.2,101.3,106.4,15.757537878742344,106.5,106.6,98.7,123.7,8.2334008094397,113.6,111.2,101.3,102.1,13.939950581771125,106.5,106.6,98.7,115.457085,107.11987
2025-03-08,111,101,117.5,113.4,108.3,112.2,98.2,99.7,0,0,119.0,6.855654600401006,117.5,108.3,98.2,120.4,6.655824516917472,113.4,112.2,99.7,118.0,5.395471352079631,117.5,108.3,98.2,117.2,10.23935761873988,113.4,112.2,99.7,116.84368,111.167915
2025-03-08,115,110,112.0,112.0,108.7,110.2,101.4,102.5,0,0,115.8,11.278297743897323,112.0,108.7,101.4,130.0,12.186057606953913,112.0,110.2,102.5,113.9,13.96384219650485,112.0,108.7,101.4,121.9,15.380001444877939,112.0,110.2,102.5,116.48869,114.20996
2025-03-09,127,103,117.3,117.2,104.8,113.4,102.6,102.1,0,0,124.8,13.423859355639864,117.3,104.8,102.6,119.2,11.987493482792784,117.2,113.4,102.1,126.9,12.413702106946298,117.3,104.8,102.6,117.7,12.037441588643441,117.2,113.4,102.1,119.32655,113.1895
2025-03-09,116,125,112.1,113.7,113.3,116.7,101.6,99.2,0,0,108.0,7.483314773547886,112.1,113.3,101.6,125.6,18.10524785801067,113.7,116.7,99.2,114.3,9.911273043021986,112.1,113.3,101.6,120.5,14.577379737113146,113.7,116.7,99.2,115.84457,114.05753
2025-03-09,100,112,113.6,119.1,111.2,109.8,101.3,102.0,1,0,120.6,10.310189135025558,113.6,111.2,101.3,122.4,10.597169433391146,119.1,109.8,102.0,121.6,9.08233939516043,113.6,111.2,101.3,125.0,8.602325267042113,119.1,109.8,102.0,113.78304,118.46893
2025-03-09,104,107,107.6,114.4,116.9,109.9,101.7,106.2,1,0,114.2,15.801898620102566,107.6,116.9,101.7,115.4,7.368853370776244,114.4,109.9,106.2,118.9,14.379383389654421,107.6,116.9,101.7,121.2,12.354036677225366,114.4,109.9,106.2,118.49266,120.16495
2025-03-09,126,122,109.0,107.8,115.2,116.8,99.9,103.1,0,0,109.0,10.000000000000027,109.0,115.2,99.9,116.2,7.9183331579316745,107.8,116.8,103.1,111.1,11.367106540853358,109.0,115.2,99.9,114.3,8.313977521152172,107.8,116.8,103.1,117.57604,113.2127
2025-03-09,141,124,113.6,111.7,108.7,114.4,99.8,101.7,0,0,116.0,9.721111047611746,113.6,108.7,99.8,108.8,12.79453008124956,111.7,114.4,101.7,115.1,10.754327294422266,113.6,108.7,99.8,113.1,12.242457995753075,111.7,114.4,101.7,117.00341,110.031494
2025-03-09,112,119,108.1,112.0,111.0,110.2,102.1,102.5,0,1,116.8,15.188811671753664,108.1,111.0,102.1,126.4,15.208550226763869,112.0,110.2,102.5,117.6,11.471704319759807,108.1,111.0,102.1,121.5,15.657798908744153,112.0,110.2,102.5,114.85872,118.410835
2025-03-09,111,110,112.4,113.8,107.8,113.3,99.8,100.7,0,0,119.6,10.737783756436906,112.4,107.8,99.8,119.2,8.983317872590236,113.8,113.3,100.7,115.0,11.999999999999977,112.4,107.8,99.8,117.2,9.247221805013156,113.8,113.3,100.7,115.93184,111.07299
2025-03-10,132,123,111.9,109.0,112.9,115.2,105.1,99.9,0,1,116.4,10.454664030948065,111.9,112.9,105.1,109.0,11.554220008291365,109.0,115.2,99.9,116.7,14.111067366511394,111.9,112.9,105.1,108.6,8.099382692526483,109.0,115.2,99.9,120.51471,112.10327
2025-03-10,114,108,117.5,107.8,108.3,116.8,98.2,103.1,0,1,117.6,7.765307463326836,117.5,108.3,98.2,115.2,6.3796551630946485,107.8,116.8,103.1,117.6,5.777350411544961,117.5,108.3,98.2,114.2,8.202980488145164,107.8,116.8,103.1,124.27505,110.00377
2025-03-10,111,108,105.7,113.4,112.8,112.2,99.0,99.7,0,0,107.8,11.300442469213309,105.7,112.8,99.0,115.0,9.354143466934838,113.4,112.2,99.7,103.5,8.984554647962373,105.7,112.8,99.0,117.1,10.407796223131209,113.4,112.2,99.7,110.88234,113.16897
2025-03-10,102,105,110.8,104.0,110.3,113.0,98.5,100.7,0,0,111.2,8.288546314040845,110.8,110.3,98.5,95.8,11.233877335986936,104.0,113.0,100.7,111.0,13.283239230114228,110.8,110.3,98.5,100.1,14.677647404585272,104.0,113.0,100.7,113.54873,104.64009
2025-03-10,119,104,107.6,103.9,111.8,115.9,102.3,103.7,0,0,114.8,9.60208310732622,107.6,111.8,102.3,106.0,14.781745499094468,103.9,115.9,103.7,112.5,7.457285773732391,107.6,111.8,102.3,108.8,11.399805066559551,103.9,115.9,103.7,118.11607,111.47462
2025-03-10,121,103,111.9,114.1,113.4,111.9,104.9,101.9,0,0,117.2,5.31036721894072,111.9,113.4,104.9,121.4,7.127411872482173,114.1,111.9,101.9,114.8,13.019643278950136,111.9,113.4,104.9,114.6,11.413442367080428,114.1,111.9,101.9,118.97665,119.91509
2025-03-10,97,84,111.4,106.5,107.0,106.6,102.1,98.7,0,0,117.6,18.311198759229264,111.4,107.0,102.1,108.8,15.254507530562885,106.5,106.6,98.7,110.6,15.819818793736745,111.4,107.0,102.1,103.9,13.795732029226322,106.5,106.6,98.7,109.635185,107.26229
2025-03-10,120,118,114.4,113.7,109.9,116.7,106.2,99.2,1,1,125.0,18.289341158171887,114.4,109.9,106.2,128.8,15.690761613127645,113.7,116.7,99.2,124.9,13.892044086054604,114.4,109.9,106.2,120.0,14.298407059684711,113.7,116.7,99.2,118.82543,118.93371
2025-03-10,127,140,117.3,117.2,104.8,113.4,102.6,102.1,1,1,122.8,11.798304963002098,117.3,104.8,102.6,115.4,13.758633653092138,117.2,113.4,102.1,128.1,11.694728157023153,117.3,104.8,102.6,117.6,12.167351578895351,117.2,113.4,102.1,120.52406,112.00986
2025-03-10,129,133,111.7,112.1,114.4,113.3,101.7,101.6,1,1,118.4,11.92895636675731,111.7,114.4,101.7,110.2,11.388590782006304,112.1,113.3,101.6,119.0,12.174654911833105,111.7,114.4,101.7,111.7,12.953335048893377,112.1,113.3,101.6,117.73698,117.01959
2025-03-10,130,120,112.0,108.1,108.7,111.0,101.4,102.1,0,1,115.6,11.282730166054643,112.0,108.7,101.4,115.2,15.270887335056875,108.1,111.0,102.1,113.2,13.685353078707521,112.0,108.7,101.4,115.5,12.72137309150756,108.1,111.0,102.1,116.41321,110.48497
2025-03-10,104,133,113.8,115.0,113.3,110.9,100.7,99.7,1,0,119.8,9.782637681116464,113.8,113.3,100.7,107.8,8.348652585896781,115.0,110.9,99.7,123.8,9.028350409189503,113.8,113.3,100.7,111.7,11.005554153345676,115.0,110.9,99.7,114.21157,113.667366
2025-03-11,109,104,119.1,105.7,109.8,112.8,102.0,99.0,0,1,128.8,10.894952959971887,119.1,109.8,102.0,102.6,7.092249290598705,105.7,112.8,99.0,127.1,13.6173908416163,119.1,109.8,102.0,99.6,12.65086733961117,105.7,112.8,99.0,117.87193,107.33166
2025-03-11,123,103,112.0,103.9,110.2,115.9,102.5,103.7,0,1,113.8,5.069516742254626,112.0,110.2,102.5,103.0,12.884098726725108,103.9,115.9,103.7,118.3,7.257945837341034,112.0,110.2,102.5,108.0,11.430952132988232,103.9,115.9,103.7,121.06095,109.43481
2025-03-11,115,114,114.1,113.6,111.9,111.2,101.9,101.3,1,0,119.6,7.9246451024635665,114.1,111.9,101.9,112.6,15.757537878742387,113.6,111.2,101.3,122.0,8.326663997864605,114.1,111.9,101.9,111.1,11.939197814109672,113.6,111.2,101.3,116.66468,114.30932
2025-03-11,127,120,107.6,112.4,116.9,107.8,101.7,99.8,0,0,112.8,16.452963258939082,107.6,116.9,101.7,108.0,10.83974169433939,112.4,107.8,99.8,115.7,13.695498043761228,107.6,116.9,101.7,110.9,9.515484456633962,112.4,107.8,99.8,109.05074,117.28691
2025-03-06,123,125,106.5,111.9,106.6,113.4,98.7,104.9,0,0,104.4,13.464768843169953,106.5,106.6,98.7,117.4,13.921206844235876,111.9,113.4,104.9,106.7,10.614978934401062,106.5,106.6,98.7,114.6,11.462014560179789,111.9,113.4,104.9,113.875244,110.12193
2025-03-12,123,110,111.9,104.0,112.9,113.0,105.1,100.7,0,0,123.2,5.263078946776309,111.9,112.9,105.1,93.8,7.085195833567404,104.0,113.0,100.7,120.5,12.322066926183044,111.9,112.9,105.1,98.1,12.031902038608095,104.0,113.0,100.7,117.99829,109.995834
2025-03-12,112,118,117.5,117.3,108.3,104.8,98.2,102.6,0,0,117.2,7.918333157931628,117.5,108.3,98.2,132.0,9.513148795220218,117.3,104.8,102.6,117.8,5.59364719024089,117.5,108.3,98.2,124.3,12.944754407352091,117.3,104.8,102.6,113.38346,111.54704
2025-03-12,118,105,107.6,109.0,111.8,115.2,102.3,99.9,0,0,116.4,9.476286192385682,107.6,111.8,102.3,108.2,10.034938963441705,109.0,115.2,99.9,113.8,7.330302403948547,107.6,111.8,102.3,110.7,8.882567196480855,109.0,115.2,99.9,114.048454,111.339035
2025-03-12,104,119,110.8,112.4,110.3,107.8,98.5,99.8,0,1,106.6,3.974921382870368,110.8,110.3,98.5,112.6,9.838699100999065,112.4,107.8,99.8,110.5,13.542115377181295,110.8,110.3,98.5,110.1,8.157477823717482,112.4,107.8,99.8,111.52915,111.093155
2025-03-12,111,104,111.4,113.7,107.0,116.7,102.1,99.2,0,0,112.8,20.24104740372887,111.4,107.0,102.1,128.2,16.115210206509875,113.7,116.7,99.2,109.4,16.39918697171702,111.4,107.0,102.1,121.0,13.703203194062858,113.7,116.7,99.2,114.81966,108.81817
2025-03-12,122,115,114.4,107.8,109.9,116.8,106.2,103.1,0,0,118.8,11.122050170719431,114.4,109.9,106.2,114.8,6.83373982530797,107.8,116.8,103.1,123.0,13.021349989749579,114.4,109.9,106.2,113.1,8.225299724360012,107.8,116.8,103.1,125.05266,116.89439
2025-03-12,126,116,111.7,112.1,114.4,113.3,101.7,101.6,0,0,123.6,8.792041856133293,111.7,114.4,101.7,113.6,15.388307249337045,112.1,113.3,101.6,120.8,12.191071414039946,111.7,114.4,101.7,114.5,14.3003496460751,112.1,113.3,101.6,117.32283,117.190605
2025-03-12,95,115,117.2,113.6,113.4,108.7,102.1,99.8,0,0,125.2,18.349386910739014,117.2,113.4,102.1,113.0,9.110433579144297,113.6,108.7,99.8,128.5,15.792051446499638,117.2,113.4,102.1,117.7,11.372969904314623,113.6,108.7,99.8,113.51526,114.86729
2025-03-12,113,114,108.1,115.0,111.0,110.9,102.1,99.7,0,0,115.0,15.099668870541509,108.1,111.0,102.1,113.4,13.685759021698466,115.0,110.9,99.7,117.5,11.520513105856791,108.1,111.0,102.1,112.5,12.294985427672074,115.0,110.9,99.7,111.72755,114.28778
2025-03-13,125,129,112.0,103.9,110.2,115.9,102.5,103.7,0,0,116.0,6.3245553203367555,112.0,110.2,102.5,105.6,10.737783756436873,103.9,115.9,103.7,118.9,7.385421074281594,112.0,110.2,102.5,107.4,11.52967186581366,103.9,115.9,103.7,120.11821,111.0472
2025-03-13,126,106,113.6,113.4,111.2,112.2,101.3,99.7,0,0,117.4,13.939153489362218,113.6,111.2,101.3,112.2,8.81476034841559,113.4,112.2,99.7,119.3,11.324015777688077,113.6,111.2,101.3,116.1,10.785278031753498,113.4,112.2,99.7,116.90904,112.675995
2025-03-13,116,110,111.9,105.7,113.4,112.8,104.9,99.0,0,0,119.4,3.57770876399969,111.9,113.4,104.9,102.4,7.021395872616628,105.7,112.8,99.0,117.2,11.496859474559919,111.9,113.4,104.9,103.3,5.375872022286009,105.7,112.8,99.0,117.04843,110.18649
2025-03-13,130,104,112.0,113.8,108.7,113.3,101.4,100.7,0,0,120.6,10.945318634009675,112.0,108.7,101.4,114.6,5.272570530585546,113.8,113.3,100.7,117.7,10.382142788889432,112.0,108.7,101.4,117.2,9.247221805013156,113.8,113.3,100.7,116.32008,111.0512
2025-03-14,91,103,110.8,117.5,110.3,108.3,98.5,98.2,0,0,105.0,2.645751311064603,110.8,110.3,98.5,113.2,14.18449858119769,117.5,108.3,98.2,108.4,12.642081403875844,110.8,110.3,98.5,113.2,11.66952345975526,117.5,108.3,98.2,108.92193,110.48045
2025-03-14,100,112,109.0,114.1,115.2,111.9,99.9,101.9,0,0,113.4,11.907980517283379,109.0,115.2,99.9,118.6,10.99090533122726,114.1,111.9,101.9,110.3,9.741663102366042,109.0,115.2,99.9,114.1,11.836384583140227,114.1,111.9,101.9,112.29245,114.29618
2025-03-14,98,121,111.9,112.4,112.9,107.8,105.1,99.8,0,0,124.0,4.74341649025258,111.9,112.9,105.1,112.0,9.192388155425105,112.4,107.8,99.8,120.3,12.25697080576331,111.9,112.9,105.1,110.8,8.625543461139017,112.4,107.8,99.8,116.04636,114.88788
2025-03-14,133,96,111.4,112.1,107.0,113.3,102.1,101.6,0,0,115.0,19.0656759649376,111.4,107.0,102.1,111.4,13.685759021698393,112.1,113.3,101.6,110.7,15.902829936838273,111.4,107.0,102.1,114.0,14.134276698076139,112.1,113.3,101.6,117.13838,113.58086
2025-03-14,124,133,114.4,119.1,109.9,109.8,106.2,102.0,0,0,120.6,10.667708282475674,114.4,109.9,106.2,122.8,10.034938963441661,119.1,109.8,102.0,122.7,13.004700005083471,114.4,109.9,106.2,123.3,9.369572502995043,119.1,109.8,102.0,118.698135,120.439514
2025-03-14,118,111,113.6,106.5,108.7,106.6,99.8,98.7,0,1,121.4,14.604793733565671,113.6,108.7,99.8,105.8,18.74033084019596,106.5,106.6,98.7,119.2,12.090400232323875,113.6,108.7,99.8,102.9,14.910473574713214,106.5,106.6,98.7,116.591225,105.94208
2025-03-14,134,145,111.7,104.0,114.4,113.0,101.7,100.7,0,0,124.8,8.584870412533888,111.7,114.4,101.7,98.2,9.121403400793152,104.0,113.0,100.7,121.9,12.105554280760717,111.7,114.4,101.7,97.1,10.300485425454214,104.0,113.0,100.7,117.56177,109.56746
2025-03-14,131,126,117.2,113.4,113.4,112.2,102.1,99.7,0,1,117.8,22.015903342811086,117.2,113.4,102.1,109.6,8.203657720797457,113.4,112.2,99.7,124.8,18.90796422439796,117.2,113.4,102.1,115.5,11.197718021494,113.4,112.2,99.7,120.23842,114.902374
2025-03-14,118,126,107.8,107.6,116.8,111.8,103.1,102.3,0,0,111.4,8.080841540334783,107.8,116.8,103.1,106.0,9.669539802906868,107.6,111.8,102.3,116.1,10.471654862320072,107.8,116.8,103.1,107.1,11.100050049937208,107.6,111.8,102.3,115.94778,114.132614
2025-03-14,122,106,113.7,113.8,116.7,113.3,99.2,100.7,0,1,114.0,10.124228365658324,113.7,116.7,99.2,111.8,6.572670690061928,113.8,113.3,100.7,115.3,10.27456406212294,113.7,116.7,99.2,116.0,10.154364141151857,113.8,113.3,100.7,117.85033,115.299225
2025-03-15,113,115,105.7,117.5,112.8,108.3,99.0,98.2,0,1,110.0,10.44030650891054,105.7,112.8,99.0,107.6,10.430723848324206,117.5,108.3,98.2,105.0,8.84433277428107,105.7,112.8,99.0,113.9,10.69215704253461,117.5,108.3,98.2,108.62983,112.27662
2025-03-15,107,113,112.0,117.3,110.2,104.8,102.5,102.6,0,0,119.8,4.147288270665539,112.0,110.2,102.5,129.6,11.458621208504969,117.3,104.8,102.6,118.7,7.165503781622246,112.0,110.2,102.5,124.3,12.944754407352091,117.3,104.8,102.6,116.37303,121.598755
2025-03-15,117,114,111.4,111.9,107.0,113.4,102.1,104.9,1,0,118.0,20.760539492026677,111.4,107.0,102.1,120.8,13.103434664239746,111.9,113.4,104.9,114.6,16.13278235973775,111.4,107.0,102.1,115.9,11.864512913165116,111.9,113.4,104.9,120.669365,115.563576
2025-03-15,125,91,114.4,110.8,109.9,110.3,106.2,98.5,1,1,119.8,10.109401564880095,114.4,109.9,106.2,107.8,13.02689525558565,110.8,110.3,98.5,123.1,12.973905434456428,114.4,109.9,106.2,106.3,12.68463637634121,110.8,110.3,98.5,119.00223,112.3703
2025-03-15,126,119,113.6,114.1,111.2,111.9,101.3,101.9,0,1,118.6,14.46720429108537,113.6,111.2,101.3,114.2,6.942621983083897,114.1,111.9,101.9,119.4,11.384199576605951,113.6,111.2,101.3,114.2,11.811482172492612,114.1,111.9,101.9,115.422295,115.65278
2025-03-15,119,115,111.7,107.6,114.4,116.9,101.7,101.7,1,0,129.6,3.3615472627942915,111.7,114.4,101.7,118.4,7.8294316524253516,107.6,116.9,101.7,124.1,12.105554280760717,111.7,114.4,101.7,114.6,8.630694577430521,107.6,116.9,101.7,117.40502,111.30429
2025-03-15,97,94,112.0,115.0,108.7,110.9,101.4,99.7,0,0,125.8,6.260990336999369,112.0,108.7,101.4,113.4,13.685759021698466,115.0,110.9,99.7,117.6,10.243697249203205,112.0,108.7,101.4,114.0,11.343133018115791,115.0,110.9,99.7,113.693726,111.70335
2025-03-15,123,126,117.2,103.9,113.4,115.9,102.1,103.7,1,0,118.2,22.28676737438609,117.2,113.4,102.1,108.8,15.02331521336085,103.9,115.9,103.7,125.4,19.009938920937646,117.2,113.4,102.1,109.5,13.410195126594333,103.9,115.9,103.7,125.713524,113.24007
2025-03-16,125,130,112.1,109.0,113.3,115.2,101.6,99.9,0,0,109.0,8.276472678623428,112.1,113.3,101.6,110.0,7.874007874011842,109.0,115.2,99.9,112.9,8.305955025696278,112.1,113.3,101.6,110.3,9.055998625834084,109.0,115.2,99.9,116.4959,111.738144
2025-03-16,107,96,113.4,113.7,112.2,116.7,99.7,99.2,0,0,114.8,12.153188881935488,113.4,112.2,99.7,127.2,17.68332547910602,113.7,116.7,99.2,117.4,10.521934760827431,113.4,112.2,99.7,119.5,14.729034063523711,113.7,116.7,99.2,118.42312,112.023895
2025-03-16,122,114,105.7,111.9,112.8,112.9,99.0,105.1,1,0,113.2,7.49666592559651,105.7,112.8,99.0,125.2,15.833508770957883,111.9,112.9,105.1,106.4,8.896940797575063,105.7,112.8,99.0,120.2,15.77480410161867,111.9,112.9,105.1,114.98058,116.56789
2025-03-16,103,108,119.1,106.5,109.8,106.6,102.0,98.7,0,0,125.0,14.089002803605377,119.1,109.8,102.0,102.0,13.910427743243547,106.5,106.6,98.7,124.9,14.654919538048256,119.1,109.8,102.0,104.7,14.667045449654164,106.5,106.6,98.7,114.229805,107.31871
2025-03-16,105,102,108.1,107.6,111.0,111.8,102.1,102.3,0,0,115.2,15.056560032092333,108.1,111.0,102.1,110.0,13.171939872319498,107.6,111.8,102.3,118.0,11.165422816295958,108.1,111.0,102.1,107.5,11.749704488009701,107.6,111.8,102.3,116.65585,114.201614
2025-03-16,128,102,113.6,107.8,108.7,116.8,99.8,103.1,0,0,124.8,9.884331034521205,113.6,108.7,99.8,115.2,6.760177512462244,107.8,116.8,103.1,120.7,10.708771067577125,113.6,108.7,99.8,113.2,8.243515970479883,107.8,116.8,103.1,122.78697,109.95512
2025-03-16,105,121,113.6,117.3,111.2,104.8,101.3,102.6,1,1,119.6,14.842506526863952,113.6,111.2,101.3,126.4,13.685759021698427,117.3,104.8,102.6,120.1,11.570556502509834,113.6,111.2,101.3,124.7,12.472636716695519,117.3,104.8,102.6,113.90787,122.69738
2025-01-23,110,93,112.4,103.9,107.8,115.9,99.8,103.7,1,0,119.4,10.922453936730532,112.4,107.8,99.8,116.0,12.103718436910185,103.9,115.9,103.7,114.5,12.057731498457256,112.4,107.8,99.8,111.6,14.245467115308427,103.9,115.9,103.7,120.076065,108.51078
2025-03-17,116,95,115.0,110.8,110.9,110.3,99.7,98.5,0,0,115.6,19.191143790821855,115.0,110.9,99.7,103.4,14.467204291085404,110.8,110.3,98.5,122.2,17.203358845166154,115.0,110.9,99.7,104.9,13.584713631300568,110.8,110.3,98.5,112.90598,111.188866
2025-03-17,144,137,111.4,109.0,107.0,115.2,102.1,99.9,0,1,120.8,19.110206696945987,111.4,107.0,102.1,115.0,11.15795680221072,109.0,115.2,99.9,114.4,16.08449909419345,111.4,107.0,102.1,112.4,10.956479564369312,109.0,115.2,99.9,117.6212,108.16099
2025-03-17,130,132,113.6,114.1,108.7,111.9,99.8,101.9,1,0,127.2,8.584870412533848,113.6,108.7,99.8,114.0,6.745368781616005,114.1,111.9,101.9,122.1,10.650508595054612,113.6,108.7,99.8,114.9,11.873874215642038,114.1,111.9,101.9,113.57087,110.355034
2025-03-17,81,127,107.6,112.0,116.9,110.2,101.7,102.5,0,0,110.2,11.300442469213289,107.6,116.9,101.7,125.2,15.578831791889895,112.0,110.2,102.5,116.1,13.987693003335352,107.6,116.9,101.7,122.1,15.408871903333367,112.0,110.2,102.5,114.497246,121.62473
2025-04-01,105,116,111.7,106.5,114.4,106.6,101.7,98.7,0,1,127.0,5.431390245600088,111.7,114.4,101.7,105.6,12.25969004502152,106.5,106.6,98.7,124.4,11.918239989379478,111.7,114.4,101.7,103.6,13.866025626208307,106.5,106.6,98.7,114.24763,108.89722
2025-03-17,97,111,107.8,111.9,116.8,113.4,103.1,104.9,1,0,112.6,8.619744775803994,107.8,116.8,103.1,121.4,12.601587201618685,111.9,113.4,104.9,116.8,10.325803708294014,107.8,116.8,103.1,116.7,11.382735465021643,111.9,113.4,104.9,119.33113,120.08161
2025-03-17,105,114,112.0,117.2,108.7,113.4,101.4,102.1,0,0,120.0,14.300349646075073,112.0,108.7,101.4,118.4,17.501428513124278,117.2,113.4,102.1,116.5,11.853269591129703,112.0,108.7,101.4,119.5,14.08900280360547,117.2,113.4,102.1,116.82562,114.5702
2025-03-17,129,89,113.7,107.6,116.7,111.8,99.2,102.3,1,1,116.0,10.606601717798242,113.7,116.7,99.2,112.2,9.654014708917748,107.6,111.8,102.3,115.6,10.437113266288478,113.7,116.7,99.2,106.0,11.352924243950943,107.6,111.8,102.3,117.098595,111.70527
2025-03-17,132,122,113.8,114.4,113.3,109.9,100.7,106.2,0,0,118.4,11.674759098157004,113.8,113.3,100.7,114.0,8.3066238629181,114.4,109.9,106.2,120.4,9.477458637325917,113.8,113.3,100.7,117.9,11.12005195831215,114.4,109.9,106.2,119.38071,115.213745
2025-03-18,102,134,104.0,111.9,113.0,112.9,100.7,105.1,0,0,106.6,7.02139587261675,104.0,113.0,100.7,123.0,16.613247725836157,111.9,112.9,105.1,107.4,6.569288816573381,104.0,113.0,100.7,120.6,15.536337334705967,111.9,112.9,105.1,111.8893,116.00133
2025-03-18,104,96,117.5,105.7,108.3,112.8,98.2,99.0,0,0,117.6,7.503332592921591,117.5,108.3,98.2,104.6,7.4027022093285595,105.7,112.8,99.0,116.8,5.652924513520115,117.5,108.3,98.2,104.2,5.6920997883028885,105.7,112.8,99.0,118.588585,104.24866
2025-03-17,112,97,108.1,103.9,111.0,115.9,102.1,103.7,1,0,114.6,15.469324484281795,108.1,111.0,102.1,111.0,15.700318468107568,103.9,115.9,103.7,116.0,11.556623882239652,108.1,111.0,102.1,108.5,14.61544084559588,103.9,115.9,103.7,118.030106,110.87365
2025-03-20,89,118,113.4,113.6,112.2,111.2,99.7,101.3,1,0,114.0,12.589678312014186,113.4,112.2,99.7,114.8,14.82228052628883,113.6,111.2,101.3,116.4,11.027239001672072,113.4,112.2,99.7,111.3,11.972654026757862,113.6,111.2,101.3,114.56492,112.43107
2025-03-18,132,119,112.4,119.1,107.8,109.8,99.8,102.0,0,0,115.4,9.659192512834618,112.4,107.8,99.8,125.0,10.977249200050057,119.1,109.8,102.0,115.6,10.936178491593829,112.4,107.8,99.8,124.0,9.843215373488507,119.1,109.8,102.0,114.24502,111.73249
2025-03-19,135,131,114.1,112.1,111.9,113.3,101.9,101.6,0,0,116.8,6.01664358259651,114.1,111.9,101.9,110.2,14.923136399564234,112.1,113.3,101.6,122.0,8.326663997864605,114.1,111.9,101.9,109.9,12.582615873586194,112.1,113.3,101.6,119.391685,114.203094
2025-03-19,108,116,106.5,111.4,106.6,107.0,98.7,102.1,0,0,107.0,15.858751527153716,106.5,106.6,98.7,111.8,10.281050529979877,111.4,107.0,102.1,106.9,10.928555866780107,106.5,106.6,98.7,112.1,9.07315943992071,111.4,107.0,102.1,108.96121,110.24901
2025-03-19,113,116,110.8,112.0,110.3,110.2,98.5,102.5,0,0,102.0,6.670832032063172,110.8,110.3,98.5,121.0,9.565563234854462,112.0,110.2,102.5,106.9,13.795732029226409,110.8,110.3,98.5,125.7,10.873515224311657,112.0,110.2,102.5,112.81283,110.84123
2025-03-19,115,119,113.6,107.6,108.7,116.9,99.8,101.7,0,0,128.6,8.29457654133103,113.6,108.7,99.8,116.6,7.231873892705816,107.6,116.9,101.7,122.4,10.844353369380713,113.6,108.7,99.8,114.8,8.612652191849932,107.6,116.9,101.7,117.88808,107.69106
2025-03-19,133,100,117.3,109.0,104.8,115.2,102.6,99.9,0,0,125.2,11.009087155618305,117.3,104.8,102.6,120.0,14.560219778561054,109.0,115.2,99.9,126.4,10.276186062932235,117.3,104.8,102.6,115.2,13.314987378472686,109.0,115.2,99.9,119.5187,108.480415
2025-03-19,120,105,111.7,115.0,114.4,110.9,101.7,99.7,0,0,122.6,11.238327277669029,111.7,114.4,101.7,109.0,15.984367363145813,115.0,110.9,99.7,120.5,11.147994338793751,111.7,114.4,101.7,111.3,12.63197002318596,115.0,110.9,99.7,113.33387,118.03991
2025-02-13,116,120,107.8,112.4,116.8,107.8,103.1,99.8,1,1,111.8,10.034938963441693,107.8,116.8,103.1,115.8,7.854934754662178,112.4,107.8,99.8,113.4,10.720696494786564,107.8,116.8,103.1,112.1,9.122012448528512,112.4,107.8,99.8,111.13636,117.11275
2025-03-20,117,114,112.0,107.6,108.7,111.8,101.4,102.3,0,0,115.4,14.774978849392628,112.0,108.7,101.4,107.0,13.856406460551026,107.6,111.8,102.3,115.6,12.393546707863743,112.0,108.7,101.4,104.3,12.561404733901762,107.6,111.8,102.3,117.39689,109.176765
2025-03-19,120,108,113.4,117.2,112.2,113.4,99.7,102.1,0,0,110.6,16.861198059449997,113.4,112.2,99.7,118.8,17.340703561274537,117.2,113.4,102.1,113.3,13.888844444373273,113.4,112.2,99.7,119.7,13.984515246038008,117.2,113.4,102.1,116.813194,116.63688
2025-03-19,127,121,113.7,111.9,116.7,113.4,99.2,104.9,0,0,118.6,12.095453691366878,113.7,116.7,99.2,115.2,5.630275304103686,111.9,113.4,104.9,117.4,11.087530533592002,113.7,116.7,99.2,117.8,10.042133460796007,111.9,113.4,104.9,120.68553,114.05979
2025-03-19,115,99,108.1,114.4,111.0,109.9,102.1,106.2,0,0,116.6,14.010710188994713,108.1,111.0,102.1,115.8,8.983317872590305,114.4,109.9,106.2,115.3,11.56671469730647,108.1,111.0,102.1,119.5,10.34139470499271,114.4,109.9,106.2,118.0991,119.00345
2025-03-19,123,119,113.8,119.1,113.3,109.8,100.7,102.0,0,1,120.2,13.160547101089671,113.8,113.3,100.7,124.2,11.300442469213301,119.1,109.8,102.0,121.3,10.154911236550696,113.8,113.3,100.7,124.1,9.780365819106517,119.1,109.8,102.0,115.02409,116.851814
2025-03-20,115,98,104.0,115.0,113.0,110.9,100.7,99.7,0,1,107.0,6.595452979136424,104.0,113.0,100.7,108.2,16.084153692376887,115.0,110.9,99.7,107.2,6.713171133426225,104.0,113.0,100.7,109.0,11.274356350191937,115.0,110.9,99.7,107.95392,113.76695
2025-03-20,105,99,114.1,105.7,111.9,112.8,101.9,99.0,1,0,120.6,10.039920318408896,114.1,111.9,101.9,105.0,6.708203932499215,105.7,112.8,99.0,122.2,8.638415492567114,114.1,111.9,101.9,103.7,6.201254353399251,105.7,112.8,99.0,118.53983,110.01614
2025-03-18,104,93,112.0,113.6,108.7,111.2,101.4,101.3,1,0,115.8,14.788509052639467,112.0,108.7,101.4,117.6,13.538833036861083,113.6,111.2,101.3,115.7,12.40116481984209,112.0,108.7,101.4,111.3,11.972654026757862,113.6,111.2,101.3,114.07625,114.34878
2025-03-20,116,128,113.8,111.9,113.3,113.4,100.7,104.9,1,1,123.2,11.256109452204155,113.8,113.3,100.7,117.0,5.7879184513951,111.9,113.4,104.9,120.4,9.477458637325917,113.8,113.3,100.7,117.7,10.000555540124033,111.9,113.4,104.9,121.55605,115.540215
2025-03-21,105,120,103.9,106.5,115.9,106.6,103.7,98.7,0,0,116.8,12.296340919151481,103.9,115.9,103.7,106.0,12.629330940315079,106.5,106.6,98.7,111.8,15.28107035227284,103.9,115.9,103.7,106.2,13.464356237447355,106.5,106.6,98.7,108.051704,109.70102
2025-03-21,98,102,110.8,111.4,110.3,107.0,98.5,102.1,0,0,103.8,8.348652585896724,110.8,110.3,98.5,114.0,9.617692030835647,111.4,107.0,102.1,109.7,11.50893372800264,110.8,110.3,98.5,112.3,9.141480551128835,111.4,107.0,102.1,113.663086,111.08777
2025-03-21,134,93,113.6,107.6,108.7,116.9,99.8,101.7,0,0,126.4,10.358571330062803,113.6,108.7,99.8,118.8,5.4037024344425175,107.6,116.9,101.7,121.2,10.9422727681836,113.6,108.7,99.8,114.8,8.612652191849932,107.6,116.9,101.7,117.40143,107.69106
2025-03-21,141,106,117.3,104.0,104.8,113.0,102.6,100.7,0,1,126.2,11.541230437002804,117.3,104.8,102.6,109.6,21.03092960380023,104.0,113.0,100.7,127.2,10.464755664186058,117.3,104.8,102.6,101.4,18.379940756765727,104.0,113.0,100.7,119.19224,102.45761
2025-03-21,128,120,111.7,109.0,114.4,115.2,101.7,99.9,0,0,120.8,10.663020210053048,111.7,114.4,101.7,119.0,15.953056133543832,109.0,115.2,99.9,122.2,9.330952077181964,111.7,114.4,101.7,114.0,14.149990184527345,109.0,115.2,99.9,118.55729,111.74687
2025-03-21,123,117,112.1,112.0,113.3,110.2,101.6,102.5,0,0,113.4,9.964938534682492,112.1,113.3,101.6,117.4,6.26897120746294,112.0,110.2,102.5,113.8,9.126274644612096,112.1,113.3,101.6,125.4,11.117553687750014,112.0,110.2,102.5,117.47939,119.69017
2025-03-21,99,121,107.8,117.5,116.8,108.3,103.1,98.2,0,0,111.6,9.914635646356363,107.8,116.8,103.1,110.0,10.488088481701483,117.5,108.3,98.2,111.9,8.875058685251718,107.8,116.8,103.1,113.2,10.325803708294227,117.5,108.3,98.2,109.67251,119.81568
2025-03-21,123,112,113.7,119.1,116.7,109.8,99.2,102.0,0,0,119.0,12.389511693363893,113.7,116.7,99.2,120.2,7.726577508832719,119.1,109.8,102.0,118.8,11.350966674448749,113.7,116.7,99.2,122.6,9.22797678559866,119.1,109.8,102.0,114.25673,113.605194
2025-03-21,128,109,108.1,117.2,111.0,113.4,102.1,102.1,0,0,111.4,3.781534080237833,108.1,111.0,102.1,113.6,15.436968614336152,117.2,113.4,102.1,114.1,10.81614020290445,108.1,111.0,102.1,116.8,12.96833751017379,117.2,113.4,102.1,115.19778,121.1748
2025-03-21,128,108,112.4,114.4,107.8,109.9,99.8,106.2,0,0,116.2,11.031772296417305,112.4,107.8,99.8,114.6,10.968135666557028,114.4,109.9,106.2,117.5,12.030054955079047,112.4,107.8,99.8,116.2,11.14350832448128,114.4,109.9,106.2,119.311424,112.33952
2025-03-22,108,103,114.1,105.7,111.9,112.8,101.9,99.0,0,0,119.4,11.69615321377075,114.1,111.9,101.9,102.2,5.31036721894049,105.7,112.8,99.0,119.5,9.41924743396321,114.1,111.9,101.9,103.2,6.3735564814489285,105.7,112.8,99.0,118.508606,109.392494
2025-03-22,124,115,111.9,112.0,112.9,108.7,105.1,101.4,0,0,119.4,12.759310326189247,111.9,112.9,105.1,118.8,2.863564212655441,112.0,108.7,101.4,118.6,14.112248423109486,111.9,112.9,105.1,119.5,9.095175766428309,112.0,108.7,101.4,116.6931,115.742195
2025-03-22,122,103,115.0,103.9,110.9,115.9,99.7,103.7,0,1,118.0,18.096961070853858,115.0,110.9,99.7,109.6,16.757088052522715,103.9,115.9,103.7,119.5,15.622277540600667,115.0,110.9,99.7,106.3,14.514743462348193,103.9,115.9,103.7,121.054825,109.03585
2025-03-22,108,114,113.8,113.6,113.3,111.2,100.7,101.3,0,0,120.4,10.87658034494297,113.8,113.3,100.7,116.8,15.089731607951189,113.6,111.2,101.3,119.7,9.522488003551342,113.8,113.3,100.7,111.0,12.427567921538033,113.6,111.2,101.3,114.74029,114.44115
2025-03-22,115,146,113.4,111.9,112.2,113.4,99.7,104.9,0,0,113.0,17.24818831066035,113.4,112.2,99.7,119.8,7.19027120489901,111.9,113.4,104.9,112.9,13.601062050034448,113.4,112.2,99.7,118.6,10.521934760827262,111.9,113.4,104.9,120.85017,113.81444
2025-03-23,136,130,112.0,107.6,110.2,116.9,102.5,101.7,0,0,117.8,7.155417527999324,112.0,110.2,102.5,111.8,10.639548862616309,107.6,116.9,101.7,116.4,6.818276093624191,112.0,110.2,102.5,112.3,10.904127658827202,107.6,116.9,101.7,118.74102,113.80596
2025-03-23,91,120,107.8,119.1,116.8,109.8,103.1,102.0,0,0,107.2,9.576011695899302,107.8,116.8,103.1,119.0,8.5732140997411,119.1,109.8,102.0,111.1,9.689054534771333,107.8,116.8,103.1,120.7,9.26222915333463,119.1,109.8,102.0,112.87301,122.536316
2025-03-23,132,119,111.9,109.0,112.9,115.2,105.1,99.9,1,0,119.4,12.759310326189247,111.9,112.9,105.1,118.4,15.820872289478872,109.0,115.2,99.9,120.2,13.677231688710526,111.9,112.9,105.1,113.3,13.597793938723957,109.0,115.2,99.9,117.22382,112.779625
2025-03-23,122,105,110.8,104.0,110.3,113.0,98.5,100.7,0,0,101.6,8.080841540334774,110.8,110.3,98.5,112.4,18.92881401461806,104.0,113.0,100.7,106.4,9.227976785599141,110.8,110.3,98.5,103.1,17.885127278769193,104.0,113.0,100.7,111.60377,105.466545
2025-03-23,89,123,107.6,111.7,111.8,114.4,102.3,101.7,0,0,114.6,7.635443667528401,107.6,111.8,102.3,114.4,11.886967653695365,111.7,114.4,101.7,114.1,7.445356494710906,107.6,111.8,102.3,112.9,12.022663783223962,111.7,114.4,101.7,114.37456,114.95916
2025-03-23,116,129,108.1,117.5,111.0,108.3,102.1,98.2,0,0,114.6,8.384509526501846,108.1,111.0,102.1,109.4,9.52890339965724,117.5,108.3,98.2,114.8,11.516172203567423,108.1,111.0,102.1,113.5,10.522462745109753,117.5,108.3,98.2,110.32873,115.11046
2025-03-23,111,116,111.4,117.2,107.0,113.4,102.1,102.1,0,0,120.4,18.4607692147429,111.4,107.0,102.1,114.8,14.618481453283698,117.2,113.4,102.1,119.0,17.397317800933124,111.4,107.0,102.1,117.0,12.8149218578275,117.2,113.4,102.1,116.99133,112.94908
2025-03-23,101,103,112.4,117.3,107.8,104.8,99.8,102.6,0,0,117.2,11.987493482792821,112.4,107.8,99.8,123.6,12.895735729302144,117.3,104.8,102.6,117.6,12.121606054204742,112.4,107.8,99.8,124.3,12.525973016097181,117.3,104.8,102.6,113.313126,111.45118
2025-03-24,119,103,114.1,113.6,111.9,108.7,101.9,99.8,0,0,115.6,11.69615321377075,114.1,111.9,101.9,115.6,6.730527468185533,113.6,108.7,99.8,118.8,10.031062866028819,114.1,111.9,101.9,117.1,11.337744239682161,113.6,108.7,99.8,114.92507,113.02596
2025-03-24,118,106,106.5,113.4,106.6,112.2,98.7,99.7,0,0,112.2,7.854934754662215,106.5,106.6,98.7,112.8,11.031772296417277,113.4,112.2,99.7,106.5,10.793516572461476,106.5,106.6,98.7,117.7,10.842816362304974,113.4,112.2,99.7,111.1464,108.86041
2025-03-24,104,112,103.9,107.6,115.9,111.8,103.7,102.3,0,1,111.8,10.54514106117121,103.9,115.9,103.7,109.0,14.035668847618208,107.6,111.8,102.3,114.1,11.580155439371316,103.9,115.9,103.7,104.8,12.865112168617562,107.6,111.8,102.3,116.519295,114.44044
2025-03-24,101,120,105.7,112.1,112.8,113.3,99.0,101.6,0,0,113.4,7.765307463326856,105.7,112.8,99.0,116.6,15.757537878742319,112.1,113.3,101.6,108.4,9.979979959899719,105.7,112.8,99.0,112.8,13.838753958037973,112.1,113.3,101.6,112.994,112.52083
2025-03-24,112,99,107.6,109.0,116.9,115.2,101.7,99.9,1,1,103.6,16.816658407662306,107.6,116.9,101.7,121.2,13.989281611290854,109.0,115.2,99.9,113.5,17.771700350088423,107.6,116.9,101.7,115.6,12.222020200350507,109.0,115.2,99.9,109.4354,110.3765
2025-03-24,119,129,117.2,111.9,113.4,113.4,102.1,104.9,1,0,122.8,19.829271292712704,117.2,113.4,102.1,124.0,13.946325680981348,111.9,113.4,104.9,123.3,17.851548329984702,117.2,113.4,102.1,122.4,12.868566353716027,111.9,113.4,104.9,125.95505,119.94494
2025-03-24,108,106,113.7,113.6,116.7,111.2,99.2,101.3,0,0,124.0,4.000000000000078,113.7,116.7,99.2,113.2,12.477980605851299,113.6,111.2,101.3,117.6,10.002221975363579,113.7,116.7,99.2,111.2,12.46149625401724,113.6,111.2,101.3,113.82579,114.765785
2025-03-24,95,113,113.8,117.5,113.3,108.3,100.7,98.2,0,1,116.6,11.304866208850052,113.8,113.3,100.7,113.0,13.038404810405272,117.5,108.3,98.2,118.2,10.108302418199573,113.8,113.3,100.7,114.6,11.568155523773969,117.5,108.3,98.2,115.2494,115.03893
2025-03-25,104,111,104.0,106.5,113.0,106.6,100.7,98.7,0,1,109.8,6.379655163094596,104.0,113.0,100.7,107.8,14.078352176302444,106.5,106.6,98.7,108.3,7.024560089033704,104.0,113.0,100.7,108.3,13.848786549329411,106.5,106.6,98.7,107.13051,108.398994
2025-03-25,122,96,112.0,111.7,110.2,114.4,102.5,101.7,0,0,121.2,10.917875251164942,112.0,110.2,102.5,118.4,10.35857133006284,111.7,114.4,101.7,118.5,9.168181692983282,112.0,110.2,102.5,113.6,12.420413304985756,111.7,114.4,101.7,118.49715,115.56759
2025-03-25,112,86,110.8,112.0,110.3,108.7,98.5,101.4,0,0,105.6,12.218837915284746,110.8,110.3,98.5,117.6,2.9664793948384287,112.0,108.7,101.4,106.1,8.582281488948999,110.8,110.3,98.5,117.8,8.024961059095682,112.0,108.7,101.4,111.675476,110.67314
2025-03-25,128,113,115.0,112.1,110.9,113.3,99.7,101.6,0,1,112.6,7.402702209328728,115.0,110.9,99.7,119.2,14.82228052628876,112.1,113.3,101.6,117.4,13.359973386533706,115.0,110.9,99.7,114.7,13.333749993489796,112.1,113.3,101.6,118.0862,111.70666
2025-03-25,121,114,111.4,111.9,107.0,112.9,102.1,105.1,0,0,123.2,14.703741020570211,111.4,107.0,102.1,127.4,15.868207208125316,111.9,112.9,105.1,118.0,17.556258776351537,111.4,107.0,102.1,124.8,12.28187463070866,111.9,112.9,105.1,120.98218,112.072876
2025-03-25,103,140,107.8,114.4,116.8,109.9,103.1,106.2,0,0,104.2,12.070625501605136,107.8,116.8,103.1,111.6,10.114346246792245,114.4,109.9,106.2,107.8,10.400854665736485,107.8,116.8,103.1,113.2,8.2972552355854,114.4,109.9,106.2,115.8067,121.84961
2025-03-25,111,122,108.1,119.1,111.0,109.8,102.1,102.0,0,0,115.2,8.348652585896735,108.1,111.0,102.1,120.6,7.6354436675284045,119.1,109.8,102.0,115.2,11.477514248883768,108.1,111.0,102.1,121.7,8.485936077481595,119.1,109.8,102.0,113.89543,118.95472
2025-03-25,105,121,113.8,117.3,113.3,104.8,100.7,102.6,1,0,114.8,14.166862743741106,113.8,113.3,100.7,115.0,7.38241153011669,117.3,104.8,102.6,116.6,12.384578223652973,113.8,113.3,100.7,124.5,12.122064363978565,117.3,104.8,102.6,111.77214,116.47322
2025-03-26,114,119,109.0,103.9,115.2,115.9,99.9,103.7,0,0,112.8,12.617448236470024,109.0,115.2,99.9,109.6,16.757088052522715,103.9,115.9,103.7,109.3,10.274564062122858,109.0,115.2,99.9,107.6,13.434615323443035,103.9,115.9,103.7,118.7141,111.69571
2025-03-26,86,116,105.7,107.6,112.8,111.8,99.0,102.3,0,0,113.2,8.136338242723182,105.7,112.8,99.0,108.6,13.885243966167835,107.6,111.8,102.3,108.3,10.055954565441423,105.7,112.8,99.0,107.3,11.363195951061568,107.6,111.8,102.3,112.44007,111.154854
2025-03-26,119,120,114.1,113.4,111.9,112.2,101.9,99.7,0,0,116.4,11.781341180018504,114.1,111.9,101.9,109.4,9.633275663033823,113.4,112.2,99.7,118.0,9.614803401237294,114.1,111.9,101.9,114.9,9.723396754449922,113.4,112.2,99.7,116.836,112.98504
2025-03-26,113,126,115.0,112.4,110.9,107.8,99.7,99.8,1,0,115.6,10.139033484509273,115.0,110.9,99.7,119.4,1.5165750888102394,112.4,107.8,99.8,118.0,13.719410418171124,115.0,110.9,99.7,113.1,9.409805760186682,112.4,107.8,99.8,111.539406,111.83219
2025-03-26,127,117,117.2,113.6,113.4,111.2,102.1,101.3,0,0,123.4,19.61631973638277,117.2,113.4,102.1,109.0,9.949874371066256,113.6,111.2,101.3,124.0,17.492855684535957,117.2,113.4,102.1,110.8,12.568037060557716,113.6,111.2,101.3,118.23584,116.882256
2025-03-26,102,132,113.7,117.5,116.7,108.3,99.2,98.2,0,0,121.8,8.228000972289722,113.7,116.7,99.2,116.2,9.654014708917702,117.5,108.3,98.2,117.9,9.62000231000212,113.7,116.7,99.2,114.7,11.54748649899381,117.5,108.3,98.2,112.00478,113.53125
2025-03-27,124,116,119.1,111.7,109.8,114.4,102.0,101.7,0,0,117.2,13.084341787036909,119.1,109.8,102.0,116.4,13.75863365309215,111.7,114.4,101.7,124.2,15.583467022599502,119.1,109.8,102.0,112.1,13.617390841616253,111.7,114.4,101.7,121.245224,115.12456
2025-03-27,92,101,106.5,112.1,106.6,113.3,98.7,101.6,0,0,112.8,8.228000972289706,106.5,106.6,98.7,115.2,12.716131487209426,112.1,113.3,101.6,107.7,11.382735465021893,106.5,106.6,98.7,114.4,13.334999895846364,112.1,113.3,101.6,113.01479,110.99693
2025-03-27,109,162,103.9,114.1,115.9,111.9,103.7,101.9,1,1,112.4,9.838699100999028,103.9,115.9,103.7,116.8,10.616025621672161,114.1,111.9,101.9,114.9,10.407796223131168,103.9,115.9,103.7,119.2,8.854377448471546,114.1,111.9,101.9,114.7813,120.83412
2025-03-27,122,112,110.8,111.9,110.3,112.9,98.5,105.1,0,0,107.2,12.477980605851258,110.8,110.3,98.5,120.6,11.523888232710357,111.9,112.9,105.1,106.1,8.582281488948999,110.8,110.3,98.5,124.7,12.374256431083962,111.9,112.9,105.1,116.75779,111.71326
2025-03-27,119,117,111.9,113.4,113.4,112.2,104.9,99.7,0,1,119.2,3.7682887362833792,111.9,113.4,104.9,113.2,9.230384607371445,113.4,112.2,99.7,115.9,10.723287224022737,111.9,113.4,104.9,114.1,8.812238963825179,113.4,112.2,99.7,118.59947,115.15717
2025-03-27,125,104,117.3,114.4,104.8,109.9,102.6,106.2,0,0,127.0,12.569805089976532,117.3,104.8,102.6,115.2,16.146206984923747,114.4,109.9,106.2,127.3,10.604506379627422,117.3,104.8,102.6,115.3,11.832629087025278,114.4,109.9,106.2,122.11406,112.72534
2025-03-27,110,121,107.8,111.4,116.8,107.0,103.1,102.1,0,0,101.2,9.338094023943015,107.8,116.8,103.1,111.4,10.94531863400968,111.4,107.0,102.1,106.9,10.386422761363619,107.8,116.8,103.1,110.6,9.335713982098829,111.4,107.0,102.1,112.48973,119.90181
2025-03-27,128,107,113.8,108.1,113.3,111.0,100.7,102.1,0,0,109.4,10.691117808723266,113.8,113.3,100.7,115.0,15.182226450688992,108.1,111.0,102.1,114.8,12.656135973423307,113.8,113.3,100.7,117.7,11.16592037307168,108.1,111.0,102.1,115.827446,112.980774
2025-03-28,133,122,112.0,119.1,110.2,109.8,102.5,102.0,0,1,122.6,10.358571330062844,112.0,110.2,102.5,118.4,3.781534080237752,119.1,109.8,102.0,118.2,8.97898781724424,112.0,110.2,102.5,121.7,8.485936077481595,119.1,109.8,102.0,118.89986,118.953964
2025-03-28,100,132,105.7,112.4,112.8,107.8,99.0,99.8,0,0,106.6,13.722244714331534,105.7,112.8,99.0,121.2,2.7748873851022813,112.4,107.8,99.8,107.2,11.867790208983493,105.7,112.8,99.0,114.6,10.200217862596975,112.4,107.8,99.8,108.3759,113.4664
2025-03-28,108,97,107.6,104.0,111.8,113.0,102.3,100.7,0,0,112.2,12.98845641329252,107.6,111.8,102.3,114.2,17.340703561274584,104.0,113.0,100.7,111.5,10.855106325289197,107.6,111.8,102.3,105.0,16.845705024657605,104.0,113.0,100.7,110.9851,109.61392
2025-03-28,107,116,113.6,115.0,111.2,110.9,101.3,99.7,0,0,113.2,12.111977542911752,113.6,111.2,101.3,108.8,15.51450933803583,115.0,110.9,99.7,117.1,11.159948227677424,113.6,111.2,101.3,108.3,11.757267256183958,115.0,110.9,99.7,114.13018,112.751366
2025-03-28,124,109,113.6,113.7,108.7,116.7,99.8,99.2,0,0,125.0,8.124038404635906,113.6,108.7,99.8,116.8,17.68332547910602,113.7,116.7,99.2,123.2,11.301917241483055,113.6,108.7,99.8,118.2,16.253546621515433,113.7,116.7,99.2,118.42088,108.837715
2025-03-28,95,111,107.6,112.0,116.9,108.7,101.7,101.4,0,0,104.2,17.108477430794338,107.6,116.9,101.7,111.0,14.26534261768714,112.0,108.7,101.4,111.1,15.919589609450728,107.6,116.9,101.7,113.9,12.413702106946225,112.0,108.7,101.4,109.87313,117.78305
2025-03-28,129,93,117.2,107.8,113.4,116.8,102.1,103.1,0,1,119.0,14.14213562373096,117.2,113.4,102.1,111.2,7.596051605933192,107.8,116.8,103.1,122.1,15.786421732334176,117.2,113.4,102.1,113.1,8.385834616913424,107.8,116.8,103.1,128.55072,117.30539
2025-03-29,121,91,106.5,113.8,106.6,113.3,98.7,100.7,0,0,110.8,11.903780911962398,106.5,106.6,98.7,110.4,6.985699678629131,113.8,113.3,100.7,106.7,12.33828729335372,106.5,106.6,98.7,116.4,9.605553948974848,113.8,113.3,100.7,111.37219,109.526665
2025-03-29,112,115,103.9,105.7,115.9,112.8,103.7,99.0,0,1,112.8,9.602083107326195,103.9,115.9,103.7,102.4,5.319774431307945,105.7,112.8,99.0,113.4,10.024414640710443,103.9,115.9,103.7,102.5,5.91138261698916,105.7,112.8,99.0,114.06524,109.30392
2025-03-29,95,118,109.0,110.8,115.2,110.3,99.9,98.5,0,0,113.6,12.521980673998844,109.0,115.2,99.9,98.4,11.260550608207396,110.8,110.3,98.5,108.9,9.971626413646531,109.0,115.2,99.9,102.0,12.064640713902564,110.8,110.3,98.5,110.275536,110.800674
2025-03-29,119,120,111.9,112.1,113.4,113.3,104.9,101.6,0,0,119.6,3.577708763999689,111.9,113.4,104.9,112.2,14.16686274374108,112.1,113.3,101.6,114.5,9.021579068482922,111.9,113.4,104.9,111.8,13.13857763314671,112.1,113.3,101.6,118.90218,117.33372
2025-03-29,127,134,114.4,113.4,109.9,112.2,106.2,99.7,0,0,118.8,9.038805230781339,114.4,109.9,106.2,115.0,8.83176086632783,113.4,112.2,99.7,122.8,12.882373832316441,114.4,109.9,106.2,113.6,8.448537019968668,113.4,112.2,99.7,118.36771,113.94709
2025-03-29,132,111,117.3,114.1,104.8,111.9,102.6,101.9,0,0,130.6,6.5421708935184455,117.3,104.8,102.6,125.6,22.9412292608744,114.1,111.9,101.9,127.7,10.414199707877648,117.3,104.8,102.6,123.5,16.167525750370455,114.1,111.9,101.9,122.067696,110.61266
2025-03-29,111,121,111.7,117.5,114.4,108.3,101.7,98.2,0,0,121.2,10.94074951728627,111.7,114.4,101.7,122.0,8.366600265340715,117.5,108.3,98.2,123.0,9.463379711052246,111.7,114.4,101.7,114.8,11.707547423208096,117.5,108.3,98.2,112.63044,120.02832
2025-03-30,127,122,119.1,112.4,109.8,107.8,102.0,99.8,0,0,116.2,12.111977542911818,119.1,109.8,102.0,123.6,5.412947441089724,112.4,107.8,99.8,122.9,14.925369900497214,119.1,109.8,102.0,118.1,9.46866176159828,112.4,107.8,99.8,113.73662,112.13496
2025-03-30,110,93,115.0,108.1,110.9,111.0,99.7,102.1,0,0,116.2,9.808159868191394,115.0,110.9,99.7,110.6,13.164345787011236,108.1,111.0,102.1,118.1,13.674388062684526,115.0,110.9,99.7,116.7,11.671903586533462,108.1,111.0,102.1,116.06729,110.605064
2025-03-30,124,145,113.6,111.9,111.2,112.9,101.3,105.1,0,0,112.8,12.316655390161674,113.6,111.2,101.3,121.2,10.8258948821795,111.9,112.9,105.1,116.7,11.470251377657895,113.6,111.2,101.3,123.2,12.959766801742854,111.9,112.9,105.1,119.4321,117.35101
2025-03-30,123,104,113.6,112.0,108.7,110.2,99.8,102.5,0,0,126.2,7.224956747275315,113.6,108.7,99.8,117.8,6.140032573203447,112.0,110.2,102.5,125.5,8.195527235429386,113.6,108.7,99.8,123.9,11.140017953307055,112.0,110.2,102.5,115.73908,110.38828
2025-03-30,98,94,107.6,104.0,116.9,113.0,101.7,100.7,0,0,103.8,17.340703561274534,107.6,116.9,101.7,112.6,18.71630305375506,104.0,113.0,100.7,109.0,16.573070526207978,107.6,116.9,101.7,103.2,16.618597346881412,104.0,113.0,100.7,109.88384,109.597694
2025-03-30,106,148,111.7,112.0,114.4,108.7,101.7,101.4,1,0,116.6,8.84872872225156,111.7,114.4,101.7,109.4,13.5757136092362,112.0,108.7,101.4,123.1,9.314862675674098,111.7,114.4,101.7,114.3,12.229745159514481,112.0,108.7,101.4,115.322586,117.53951
2025-03-30,109,127,109.0,107.6,115.2,111.8,99.9,102.3,1,0,107.4,12.521980673998844,109.0,115.2,99.9,106.6,11.216059914247973,107.6,111.8,102.3,108.3,10.656766238717376,109.0,115.2,99.9,108.3,11.671903586533467,107.6,111.8,102.3,115.917534,111.8221
2025-03-30,109,148,113.7,111.4,116.7,107.0,99.2,102.1,0,0,117.8,12.070625501605152,113.7,116.7,99.2,110.0,8.455767262643855,111.4,107.0,102.1,116.9,10.754327294422335,113.7,116.7,99.2,110.9,9.64307465951026,111.4,107.0,102.1,115.85406,114.37427
2025-03-31,110,106,104.0,107.8,113.0,116.8,100.7,103.1,1,0,108.6,6.877499545619726,104.0,113.0,100.7,108.0,11.247221879202003,107.8,116.8,103.1,107.3,6.83211371229858,104.0,113.0,100.7,112.1,10.137389539061223,107.8,116.8,103.1,109.961006,112.89714
2025-03-31,111,109,114.1,113.8,111.9,113.3,101.9,100.7,0,0,117.2,11.798304963002092,114.1,111.9,101.9,104.2,7.823042886243125,113.8,113.3,100.7,117.0,8.831760866327814,114.1,111.9,101.9,112.6,11.413442367080412,113.8,113.3,100.7,119.15656,113.70551
2025-03-31,87,96,106.5,112.4,106.6,107.8,98.7,99.8,0,1,112.4,12.778888840583924,106.5,106.6,98.7,124.2,4.9193495504995175,112.4,107.8,99.8,108.4,13.07414751841717,106.5,106.6,98.7,118.1,9.46866176159828,112.4,107.8,99.8,109.4481,106.90741
2025-03-31,94,120,103.9,110.8,115.9,110.3,103.7,98.5,0,0,111.0,8.455767262643826,103.9,115.9,103.7,99.4,12.973048986263791,110.8,110.3,98.5,113.5,10.00277739208249,103.9,115.9,103.7,103.0,12.9957257930786,110.8,110.3,98.5,108.88401,115.91322
2025-03-31,103,117,114.4,117.5,109.9,108.3,106.2,98.2,0,0,123.6,2.7018512172212787,114.4,109.9,106.2,123.2,7.49666592559648,117.5,108.3,98.2,124.3,12.347289401141909,114.4,109.9,106.2,116.6,11.05742586078088,117.5,108.3,98.2,113.47552,119.683586
2025-03-31,145,117,117.3,111.9,104.8,113.4,102.6,104.9,0,0,131.6,6.22896460095897,117.3,104.8,102.6,127.0,12.825755338380654,111.9,113.4,104.9,127.2,10.03106286602897,117.3,104.8,102.6,124.2,12.345039489608421,111.9,113.4,104.9,126.69534,112.55612
2025-03-31,109,113,112.1,105.7,113.3,112.8,101.6,99.0,0,0,114.6,10.830512453249849,112.1,113.3,101.6,104.6,7.829431652425218,105.7,112.8,99.0,113.3,8.367264254887116,112.1,113.3,101.6,103.5,7.106335201775774,105.7,112.8,99.0,116.325615,112.20971
2025-03-31,104,98,113.4,111.4,112.2,107.0,99.7,102.1,0,1,108.8,12.008330441822473,113.4,112.2,99.7,119.2,17.626684316683033,111.4,107.0,102.1,111.2,11.905180945005922,113.4,112.2,99.7,116.0,13.984117975602027,111.4,107.0,102.1,116.086586,114.04433
2025-04-01,113,127,111.9,108.1,112.9,111.0,105.1,102.1,0,0,121.8,13.971399357258377,111.9,112.9,105.1,105.4,14.117365193264657,108.1,111.0,102.1,119.1,11.976365614548262,111.9,112.9,105.1,113.9,13.706851490323261,108.1,111.0,102.1,117.73271,114.78737
2025-04-01,105,91,115.0,109.0,110.9,115.2,99.7,99.9,0,0,117.8,7.22495674727539,115.0,110.9,99.7,115.0,15.85875152715372,109.0,115.2,99.9,116.7,13.719815353470805,115.0,110.9,99.7,115.0,12.927146286443469,109.0,115.2,99.9,119.920975,110.517105
2025-04-01,137,118,111.9,107.6,113.4,111.8,104.9,102.3,1,0,118.4,1.949358868961837,111.9,113.4,104.9,111.6,13.903237033151678,107.6,111.8,102.3,115.3,9.03142661303667,111.9,113.4,104.9,111.9,11.28863735502792,107.6,111.8,102.3,118.22976,115.93452
2025-04-01,125,134,114.4,112.0,109.9,108.7,106.2,101.4,1,0,120.2,9.782637681116485,114.4,109.9,106.2,116.2,22.219360926903388,112.0,108.7,101.4,119.5,9.902300518341757,114.4,109.9,106.2,118.6,15.671630419327862,112.0,108.7,101.4,116.2301,118.26018
2025-04-01,133,123,113.6,113.7,111.2,116.7,101.3,99.2,0,0,117.6,10.644247272588084,113.6,111.2,101.3,110.4,11.41490254010082,113.7,116.7,99.2,117.5,11.692827811193412,113.6,111.2,101.3,118.0,16.36391694484471,113.7,116.7,99.2,118.88772,110.81902
2025-04-01,139,140,117.2,113.6,113.4,108.7,102.1,99.8,0,0,125.8,4.816637831516948,117.2,113.4,102.1,113.0,8.746427842267948,113.6,108.7,99.8,121.8,15.604842553230478,117.2,113.4,102.1,113.6,9.406853293683815,113.6,108.7,99.8,115.147705,114.96719
2025-04-02,124,105,119.1,115.0,109.8,110.9,102.0,99.7,0,1,115.0,10.173494974687912,119.1,109.8,102.0,105.4,9.633275663033885,115.0,110.9,99.7,121.2,13.113182510571447,119.1,109.8,102.0,109.4,11.927559124425615,115.0,110.9,99.7,116.04157,113.687675
2025-04-02,119,105,114.1,104.0,111.9,113.0,101.9,100.7,0,0,112.4,6.3874877690685095,114.1,111.9,101.9,109.4,20.549939172659393,104.0,113.0,100.7,116.5,9.033886821911727,114.1,111.9,101.9,103.8,16.109348562592697,104.0,113.0,100.7,119.4434,109.32607
2025-04-02,116,111,103.9,113.8,115.9,113.3,103.7,100.7,0,0,104.8,6.833739825307886,103.9,115.9,103.7,104.0,7.6485292703891234,113.8,113.3,100.7,110.8,11.311744142949674,103.9,115.9,103.7,111.6,11.226951698677778,113.8,113.3,100.7,108.6255,118.01288
2025-04-02,103,124,117.5,110.8,108.3,110.3,98.2,98.5,0,0,112.8,6.833739825307912,117.5,108.3,98.2,106.2,13.103434664239751,110.8,110.3,98.5,115.2,6.795423296438498,117.5,108.3,98.2,106.4,12.491775071799966,110.8,110.3,98.5,111.65593,107.12208
2025-04-02,143,105,111.4,107.8,107.0,116.8,102.1,103.1,0,0,125.2,13.236313686219406,111.4,107.0,102.1,104.8,8.105553651663792,107.8,116.8,103.1,120.1,16.380544014843338,111.4,107.0,102.1,110.0,8.793937305515339,107.8,116.8,103.1,119.4008,109.82234
2025-04-02,119,103,117.3,112.0,104.8,110.2,102.6,102.5,0,0,135.2,7.886697661252141,117.3,104.8,102.6,116.6,8.264381404557714,112.0,110.2,102.5,130.2,10.454132622503572,117.3,104.8,102.6,121.5,12.642520845675369,112.0,110.2,102.5,119.395584,113.2943
2025-04-02,120,118,112.1,111.9,113.3,112.9,101.6,105.1,0,1,116.8,7.0851958335673455,112.1,113.3,101.6,123.8,14.872793954062576,111.9,112.9,105.1,113.1,8.451824260674957,112.1,113.3,101.6,124.5,14.500957822770824,111.9,112.9,105.1,123.4553,119.36008
2025-04-02,106,113,117.2,111.7,113.4,114.4,102.1,101.7,1,1,127.4,7.5365774725667265,117.2,113.4,102.1,113.6,11.54556191789728,111.7,114.4,101.7,122.8,16.41679356972953,117.2,113.4,102.1,110.6,12.03882607787547,111.7,114.4,101.7,122.71606,116.00714
2025-04-02,114,98,112.4,107.6,107.8,116.9,99.8,101.7,0,0,116.4,13.088162590677133,112.4,107.8,99.8,114.8,13.498148021117563,107.6,116.9,101.7,118.0,11.411495179082449,112.4,107.8,99.8,115.2,11.40954765877146,107.6,116.9,101.7,117.10056,108.870865
2025-04-03,97,109,103.9,106.5,115.9,106.6,103.7,98.7,1,0,107.0,8.485281374238514,103.9,115.9,103.7,113.2,4.764451699828615,106.5,106.6,98.7,109.4,9.371351141763007,103.9,115.9,103.7,109.5,13.468069233891212,106.5,106.6,98.7,108.78338,110.0049
2025-04-03,90,105,105.7,113.6,112.8,108.7,99.0,99.8,0,0,104.4,13.722244714331534,105.7,112.8,99.0,117.8,15.08973160795115,113.6,108.7,99.8,107.2,11.867790208983491,105.7,112.8,99.0,116.9,12.206100478403844,113.6,108.7,99.8,107.99959,113.66965
2025-04-03,108,110,110.8,114.4,110.3,109.9,98.5,106.2,1,0,113.4,9.838699100999078,110.8,110.3,98.5,114.6,16.57709262808169,114.4,109.9,106.2,107.7,9.944847912361515,110.8,110.3,98.5,114.3,12.365273955719916,114.4,109.9,106.2,117.524635,111.55442
2025-04-03,113,126,109.0,113.6,115.2,111.2,99.9,101.3,0,0,108.8,12.153188881935494,109.0,115.2,99.9,109.6,10.406728592598212,113.6,111.2,101.3,108.9,10.492854711659733,109.0,115.2,99.9,112.2,12.380989010934705,113.6,111.2,101.3,112.180885,114.93726
2025-04-03,103,112,107.6,108.1,111.8,111.0,102.3,102.1,0,0,110.2,12.637246535539282,107.6,111.8,102.3,107.2,16.49848477891229,108.1,111.0,102.1,111.6,10.813571719526049,107.6,111.8,102.3,115.2,14.320148975016496,108.1,111.0,102.1,113.658714,113.83201
2025-04-03,116,123,113.4,112.0,112.2,108.7,99.7,101.4,0,0,107.0,11.89537725337033,113.4,112.2,99.7,118.8,23.63683565962248,112.0,108.7,101.4,110.9,12.059574342958053,113.4,112.2,99.7,118.8,15.873107936241032,112.0,108.7,101.4,113.00541,113.68832
2025-04-04,102,125,104.0,113.8,113.0,113.3,100.7,100.7,0,0,107.2,5.26307894677626,104.0,113.0,100.7,104.2,7.85493475466214,113.8,113.3,100.7,108.1,6.607235091591359,104.0,113.0,100.7,109.4,8.355969256897822,113.8,113.3,100.7,110.003136,113.78597
2025-04-04,140,112,114.1,107.8,111.9,116.8,101.9,103.1,0,0,115.2,5.310367218940682,114.1,111.9,101.9,104.2,7.918333157931676,107.8,116.8,103.1,117.3,8.844960900610747,114.1,111.9,101.9,109.5,8.934950102453529,107.8,116.8,103.1,120.257416,112.289955
2025-04-04,123,103,117.5,113.7,108.3,116.7,98.2,99.2,0,0,108.8,4.969909455915611,117.5,108.3,98.2,110.0,10.79351657246146,113.7,116.7,99.2,113.9,7.795297727904182,117.5,108.3,98.2,119.4,16.105209647122734,113.7,116.7,99.2,117.538956,110.96245
2025-04-04,105,117,107.6,112.0,111.8,110.2,102.3,102.5,1,0,107.4,12.300406497347948,107.6,111.8,102.3,113.4,10.014988766843393,112.0,110.2,102.5,111.1,11.11005550541191,107.6,111.8,102.3,119.3,13.824696098729424,112.0,110.2,102.5,114.595856,117.235214
2025-04-04,118,113,111.9,108.1,113.4,111.0,104.9,102.1,0,1,122.4,8.354639429682177,111.9,113.4,104.9,111.8,12.988456413292553,108.1,111.0,102.1,119.8,7.1460945044595725,111.9,113.4,104.9,113.5,13.484559070779161,108.1,111.0,102.1,119.77436,115.07218
2025-04-04,125,111,111.4,117.3,107.0,104.8,102.1,102.6,0,0,127.2,15.303594349040983,111.4,107.0,102.1,115.2,7.563068160475605,117.3,104.8,102.6,122.6,17.864925288272342,111.4,107.0,102.1,123.6,12.001851708983892,117.3,104.8,102.6,113.05372,113.22937
2025-04-04,113,114,111.7,119.1,114.4,109.8,101.7,102.0,0,0,114.0,9.823441352194235,111.7,114.4,101.7,119.0,4.12310562561761,119.1,109.8,102.0,120.5,10.1461541701496,111.7,114.4,101.7,121.6,8.474799243770608,119.1,109.8,102.0,116.40516,121.63304
2025-04-04,118,104,112.0,117.2,108.7,113.4,101.4,102.1,1,0,110.6,13.011533345459306,112.0,108.7,101.4,117.4,13.069047402163612,117.2,113.4,102.1,115.6,12.500666648889847,112.0,108.7,101.4,116.4,12.69470580815319,117.2,113.4,102.1,115.882675,115.08454
2025-04-04,124,108,113.4,107.6,112.2,116.9,99.7,101.7,1,0,108.8,12.557866060760494,113.4,112.2,99.7,111.0,15.280706789936126,107.6,116.9,101.7,111.4,12.167351578895184,113.4,112.2,99.7,114.7,12.092697520955902,107.6,116.9,101.7,115.08674,109.66058
2025-04-04,114,91,112.4,112.1,107.8,113.3,99.8,101.6,0,0,117.0,12.845232578665142,112.4,107.8,99.8,117.0,11.022703842524257,112.1,113.3,101.6,118.2,11.311744142949633,112.4,107.8,99.8,113.6,12.877197762798499,112.1,113.3,101.6,116.45857,112.16405
2025-04-05,105,121,111.9,115.0,112.9,110.9,105.1,99.7,0,0,118.0,13.057564857200573,111.9,112.9,105.1,103.6,8.38450952650189,115.0,110.9,99.7,120.6,9.777525249264288,111.9,112.9,105.1,108.5,11.881357947081167,115.0,110.9,99.7,115.93154,118.67419
2025-04-05,103,109,112.0,114.4,110.2,109.9,102.5,106.2,1,0,124.6,11.37101578575986,112.0,110.2,102.5,112.2,16.099689437998496,114.4,109.9,106.2,120.3,9.787179823058695,112.0,110.2,102.5,114.0,12.436505404118627,114.4,109.9,106.2,120.56477,120.098656
2025-04-05,109,114,109.0,113.6,115.2,108.7,99.9,99.8,0,0,106.2,8.34865258589675,109.0,115.2,99.9,113.8,15.352524222420232,113.6,108.7,99.8,109.8,10.411532067856292,109.0,115.2,99.9,115.9,12.775410408715354,113.6,108.7,99.8,109.98946,115.76986
2025-04-05,115,121,110.8,113.6,110.3,111.2,98.5,101.3,0,0,112.4,10.139033484509264,110.8,110.3,98.5,111.2,12.437845472588938,113.6,111.2,101.3,108.1,9.85956951956384,110.8,110.3,98.5,114.4,12.712198865656466,113.6,111.2,101.3,112.12703,110.67145
2025-04-05,135,104,112.4,112.1,107.8,113.3,99.8,101.6,1,1,117.8,12.417729261020323,112.4,107.8,99.8,109.0,12.708265027138795,112.1,113.3,101.6,116.6,10.564090116995384,112.4,107.8,99.8,112.8,14.077562920398485,112.1,113.3,101.6,116.43801,111.171326
2025-04-06,117,131,104.0,111.9,113.0,113.4,100.7,104.9,0,0,106.6,5.7271284253104975,104.0,113.0,100.7,128.2,11.122050170719417,111.9,113.4,104.9,106.6,6.040603354706316,104.0,113.0,100.7,121.7,10.770845422301058,111.9,113.4,104.9,111.38405,115.0824
2025-04-06,109,120,105.7,107.6,112.8,111.8,99.0,102.3,0,0,99.8,13.971399357258376,105.7,112.8,99.0,117.4,5.813776741499479,107.6,111.8,102.3,106.5,12.712635883683255,105.7,112.8,99.0,112.2,11.419281938896084,107.6,111.8,102.3,112.47657,111.321304
2025-04-06,99,126,117.3,113.4,104.8,112.2,102.6,99.7,0,0,132.4,10.807404868885039,117.3,104.8,102.6,120.6,10.430723848324226,113.4,112.2,99.7,129.3,11.035800328426253,117.3,104.8,102.6,115.1,10.577229210799041,113.4,112.2,99.7,116.506096,111.103836
2025-04-06,147,134,111.9,107.8,112.9,116.8,105.1,103.1,1,0,114.4,13.794926603646683,111.9,112.9,105.1,103.6,6.94982014155764,107.8,116.8,103.1,119.2,10.962562555250411,111.9,112.9,105.1,109.4,8.896940797575118,107.8,116.8,103.1,120.7408,116.1562
2025-04-06,124,90,117.5,103.9,108.3,115.9,98.2,103.7,0,0,111.2,8.16700679563813,117.5,108.3,98.2,107.6,14.27585373979432,103.9,115.9,103.7,114.4,8.235424835563956,117.5,108.3,98.2,108.2,13.830722645215985,103.9,115.9,103.7,119.32038,105.65475
2025-04-06,113,120,119.1,113.8,109.8,113.3,102.0,100.7,0,0,117.4,10.691117808723286,119.1,109.8,102.0,108.4,12.15730233234327,113.8,113.3,100.7,123.1,11.817595168034702,119.1,109.8,102.0,110.1,9.38616002420582,113.8,113.3,100.7,119.799385,114.36215
2025-04-06,120,109,108.1,111.7,111.0,114.4,102.1,101.7,0,0,116.4,6.804410334481617,108.1,111.0,102.1,114.4,11.282730166054664,111.7,114.4,101.7,115.5,11.306340404097599,108.1,111.0,102.1,111.6,11.749231653365483,111.7,114.4,101.7,114.5894,115.455124
2025-04-06,112,98,115.0,113.7,110.9,116.7,99.7,99.2,1,0,115.6,9.28977932999489,115.0,110.9,99.7,107.0,10.074720839804952,113.7,116.7,99.2,116.8,13.620246367489504,115.0,110.9,99.7,117.6,16.893128122931408,113.7,116.7,99.2,118.9165,111.18035
2025-03-13,93,113,107.6,106.5,116.9,106.6,101.7,98.7,0,0,102.6,17.529974329701663,107.6,116.9,101.7,112.8,5.069516742254607,106.5,106.6,98.7,107.7,16.90529174219969,107.6,116.9,101.7,107.4,11.393955512561062,106.5,106.6,98.7,107.83121,109.426445
2025-04-06,120,125,117.2,114.1,113.4,111.9,102.1,101.9,0,0,124.0,12.328828005937963,117.2,113.4,102.1,127.2,21.182539979898536,114.1,111.9,101.9,123.4,15.57918839706077,117.2,113.4,102.1,122.9,16.54253776043924,114.1,111.9,101.9,118.74005,119.00598
2025-04-06,96,106,112.0,111.4,108.7,107.0,101.4,102.1,0,0,108.2,9.0388052307813,112.0,108.7,101.4,117.0,19.77371993328518,111.4,107.0,102.1,117.0,11.822765233978805,112.0,108.7,101.4,114.4,15.10849650582965,111.4,107.0,102.1,115.28231,114.08926
2025-04-07,117,127,112.0,113.8,110.2,113.3,102.5,100.7,0,1,120.2,14.889593681494468,112.0,110.2,102.5,111.2,13.046072205840312,113.8,113.3,100.7,120.0,10.30641655582679,112.0,110.2,102.5,110.8,9.874771446018917,113.8,113.3,100.7,117.82715,114.70785
2025-04-07,117,105,110.8,109.0,110.3,115.2,98.5,99.9,0,0,115.8,6.180614856144982,110.8,110.3,98.5,105.8,12.988456413292553,109.0,115.2,99.9,108.7,10.10005500535083,110.8,110.3,98.5,112.9,15.00703538714789,109.0,115.2,99.9,113.26578,107.91585
2025-04-08,100,124,104.0,114.4,113.0,109.9,100.7,106.2,0,0,109.6,6.580273550544804,104.0,113.0,100.7,114.2,14.601369798755195,114.4,109.9,106.2,108.3,6.360468186820551,104.0,113.0,100.7,114.4,12.176480060619815,114.4,109.9,106.2,109.925766,116.109245
2025-04-08,135,113,119.1,111.9,109.8,113.4,102.0,104.9,0,0,118.2,10.03493896344169,119.1,109.8,102.0,130.2,10.377861051295678,111.9,113.4,104.9,121.6,12.075687236021956,119.1,109.8,102.0,123.6,10.543033508224623,111.9,113.4,104.9,128.64014,117.56587
2025-04-08,104,98,114.1,103.9,111.9,115.9,101.9,103.7,0,0,121.6,10.8535708409721,114.1,111.9,101.9,100.4,11.480418110852908,103.9,115.9,103.7,118.6,11.09754727656321,114.1,111.9,101.9,108.2,13.830722645215985,103.9,115.9,103.7,121.42867,111.493256
2025-04-08,119,112,106.5,111.9,106.6,112.9,98.7,105.1,0,0,105.2,15.221695043588293,106.5,106.6,98.7,124.6,14.310835055998664,111.9,112.9,105.1,106.1,14.685215543380904,106.5,106.6,98.7,123.8,14.642404174178521,111.9,112.9,105.1,112.65925,110.188545
2025-04-08,119,114,105.7,107.6,112.8,116.9,99.0,101.7,0,0,97.2,9.203260291874814,105.7,112.8,99.0,109.6,15.142654985173506,107.6,116.9,101.7,105.3,11.719404611346283,105.7,112.8,99.0,113.1,11.779926428745929,107.6,116.9,101.7,111.82288,110.48843
2025-04-08,117,119,115.0,117.5,110.9,108.3,99.7,98.2,0,0,113.6,8.619744775804003,115.0,110.9,99.7,122.4,7.987490219086301,117.5,108.3,98.2,113.1,7.593125545883899,115.0,110.9,99.7,115.9,10.754327294422229,117.5,108.3,98.2,110.70603,110.25986
2025-04-08,110,103,113.6,113.6,111.2,108.7,101.3,99.8,0,0,119.0,12.349089035228427,113.6,111.2,101.3,115.4,14.741099009232656,113.6,108.7,99.8,118.8,12.682446311514187,113.6,111.2,101.3,114.2,11.621818561080184,113.6,108.7,99.8,114.65689,113.095604
2025-04-08,136,120,117.3,113.4,104.8,112.2,102.6,99.7,0,0,124.0,17.0,117.3,104.8,102.6,120.6,10.430723848324226,113.4,112.2,99.7,125.5,14.183323540928935,117.3,104.8,102.6,116.7,10.924488292109912,113.4,112.2,99.7,119.29345,109.79788
2025-04-08,95,133,113.7,112.0,116.7,108.7,99.2,101.4,0,0,113.8,10.663020210053087,113.7,116.7,99.2,120.4,23.58601280420243,112.0,108.7,101.4,116.2,11.043348928452692,113.7,116.7,99.2,119.0,15.91644851508451,112.0,108.7,101.4,113.92639,119.076355
2025-04-08,122,117,112.4,111.7,107.8,114.4,99.8,101.7,0,0,118.4,13.315404612703299,112.4,107.8,99.8,111.4,10.014988766843421,111.7,114.4,101.7,117.3,11.585910984179577,112.4,107.8,99.8,112.9,10.482260146446396,111.7,114.4,101.7,116.769775,111.60135
2025-04-09,96,76,106.5,117.5,106.6,108.3,98.7,98.2,1,1,107.4,16.471186963907623,106.5,106.6,98.7,120.4,7.1274118724821385,117.5,108.3,98.2,109.8,12.425779653607272,106.5,106.6,98.7,116.7,10.6463347892335,117.5,108.3,98.2,108.111755,105.77301
2025-04-09,103,122,103.9,109.0,115.9,115.2,103.7,99.9,1,0,105.6,9.60728889958031,103.9,115.9,103.7,106.8,12.617448236470022,109.0,115.2,99.9,109.0,9.843215373488961,103.9,115.9,103.7,112.9,15.00703538714789,109.0,115.2,99.9,109.59141,111.45522
2025-04-09,126,96,107.6,104.0,111.8,113.0,102.3,100.7,0,1,104.6,10.454664030948084,107.6,111.8,102.3,101.4,5.504543577809247,104.0,113.0,100.7,110.5,11.276819882691521,107.6,111.8,102.3,105.5,15.123565129367444,104.0,113.0,100.7,110.77805,109.0729
2025-04-09,97,112,112.1,113.4,113.3,112.2,101.6,99.7,0,1,118.6,6.348228099241558,112.1,113.3,101.6,123.4,6.767569726275434,113.4,112.2,99.7,113.3,8.60297106301722,112.1,113.3,101.6,116.4,10.772392698209933,113.4,112.2,99.7,115.5512,114.172806
2025-04-09,119,111,111.9,110.8,113.4,110.3,104.9,98.5,1,0,121.8,8.58487041253391,111.9,113.4,104.9,109.6,15.372052563011875,110.8,110.3,98.5,120.6,6.328067986711673,111.9,113.4,104.9,108.7,13.466419139639255,110.8,110.3,98.5,113.12162,114.49896
2025-04-10,136,111,113.6,107.6,111.2,116.9,101.3,101.7,0,0,115.8,12.153188881935424,113.6,111.2,101.3,108.6,14.51895313030523,107.6,116.9,101.7,117.7,12.944754407352132,113.6,111.2,101.3,113.7,11.643309953216338,107.6,116.9,101.7,117.75731,109.79169
2025-04-09,133,126,107.8,108.1,116.8,111.0,103.1,102.1,0,0,103.8,9.679876032264064,107.8,116.8,103.1,110.4,12.23928102463541,108.1,111.0,102.1,107.8,10.206751578135544,107.8,116.8,103.1,112.7,13.224976370489257,108.1,111.0,102.1,112.57153,115.102234
2025-04-09,111,114,112.0,111.7,108.7,114.4,101.4,101.7,1,1,108.0,9.35414346693482,112.0,108.7,101.4,110.2,8.526429498916878,111.7,114.4,101.7,114.0,13.029880190461391,112.0,108.7,101.4,114.3,9.933668898135178,111.7,114.4,101.7,115.540924,112.41567
2025-04-09,112,125,113.7,117.3,116.7,104.8,99.2,102.6,1,1,107.4,10.358571330062878,113.7,116.7,99.2,113.8,7.563068160475605,117.3,104.8,102.6,113.2,12.380989010934892,113.7,116.7,99.2,121.7,12.374256431083785,117.3,104.8,102.6,112.31427,116.35439
2025-04-09,116,124,113.8,117.2,113.3,113.4,100.7,102.1,0,0,110.4,12.381437719424985,113.8,113.3,100.7,110.2,4.816637831516869,117.2,113.4,102.1,116.8,13.0367003323524,113.8,113.3,100.7,114.3,12.84998919152172,117.2,113.4,102.1,116.4678,117.456154
2025-04-09,134,117,112.4,111.4,107.8,107.0,99.8,102.1,1,0,117.2,12.477980605851265,112.4,107.8,99.8,115.0,20.396078054371127,111.4,107.0,102.1,117.2,11.535452599125284,112.4,107.8,99.8,114.5,15.042532292728438,111.4,107.0,102.1,114.110695,111.35279
2025-04-10,115,106,112.0,115.0,110.2,110.9,102.5,99.7,0,0,122.2,13.255187663703595,112.0,110.2,102.5,109.0,9.300537618869189,115.0,110.9,99.7,120.0,10.30641655582679,112.0,110.2,102.5,109.0,12.328828005938039,115.0,110.9,99.7,115.90744,114.26622
2025-04-10,114,112,114.1,119.1,111.9,109.8,101.9,102.0,0,0,118.6,13.501851724856106,114.1,111.9,101.9,118.0,4.690415759823384,119.1,109.8,102.0,117.5,12.002314591592537,114.1,111.9,101.9,119.1,6.136412270663483,119.1,109.8,102.0,117.15842,117.42143
2025-04-10,109,133,105.7,111.9,112.8,112.9,99.0,105.1,0,0,100.8,13.553597308463894,105.7,112.8,99.0,120.2,14.078352176302463,111.9,112.9,105.1,107.0,12.400716825158849,105.7,112.8,99.0,123.8,14.642404174178521,111.9,112.9,105.1,114.550095,114.5195
2025-04-10,125,141,114.4,113.6,109.9,108.7,106.2,99.8,0,0,120.8,10.009995004993765,114.4,109.9,106.2,113.0,15.763882770434446,113.6,108.7,99.8,120.7,9.753062197188022,114.4,109.9,106.2,114.3,11.508933728002642,113.6,108.7,99.8,115.99305,116.03764
2025-04-11,119,125,112.0,113.6,110.2,111.2,102.5,101.3,1,1,118.0,10.908712114635714,112.0,110.2,102.5,116.8,7.529940238806754,113.6,111.2,101.3,119.6,10.426462061078507,112.0,110.2,102.5,116.8,11.242775458044074,113.6,111.2,101.3,118.47363,115.911606
2025-04-11,115,129,114.1,106.5,111.9,106.6,101.9,98.7,1,0,117.6,13.649175799292783,114.1,111.9,101.9,113.8,4.324349662087904,106.5,106.6,98.7,117.4,12.029593139882605,114.1,111.9,101.9,109.7,9.684466370889364,106.5,106.6,98.7,112.81682,107.7146
2025-04-11,110,124,109.0,111.9,115.2,112.9,99.9,105.1,0,1,108.0,7.615773105863939,109.0,115.2,99.9,124.0,14.543039572248997,111.9,112.9,105.1,110.4,10.145606602531624,109.0,115.2,99.9,122.3,12.499333315554633,111.9,112.9,105.1,120.52757,116.236046
2025-04-11,130,94,117.5,104.0,108.3,113.0,98.2,100.7,0,0,113.2,10.03493896344165,117.5,108.3,98.2,99.4,5.224940191045351,104.0,113.0,100.7,115.2,8.778762251403553,117.5,108.3,98.2,105.9,14.775730852388284,104.0,113.0,100.7,116.533516,103.476036
2025-04-11,102,108,115.0,119.1,110.9,109.8,99.7,102.0,1,1,111.4,4.39317652729782,115.0,110.9,99.7,118.0,4.690415759823384,119.1,109.8,102.0,113.5,7.6919871728094975,115.0,110.9,99.7,118.5,6.536223850375407,119.1,109.8,102.0,114.94172,119.477646
2025-04-11,119,89,111.9,103.9,113.4,115.9,104.9,103.7,0,0,122.4,8.17312669668103,111.9,113.4,104.9,101.4,10.876580344942957,103.9,115.9,103.7,120.8,6.23253114267752,111.9,113.4,104.9,106.2,13.701581417242872,103.9,115.9,103.7,130.59653,114.12579
2025-04-11,104,153,107.6,110.8,116.9,110.3,101.7,98.5,1,0,95.8,11.12205017071939,107.6,116.9,101.7,113.6,11.414902540100812,110.8,110.3,98.5,103.0,13.012814197295171,107.6,116.9,101.7,108.5,13.410195126594221,110.8,110.3,98.5,108.361664,115.18852
2025-04-11,124,102,112.1,107.6,113.3,111.8,101.6,102.3,0,0,114.8,11.713240371477061,112.1,113.3,101.6,118.6,5.549774770204671,107.6,111.8,102.3,111.9,10.038260141412286,112.1,113.3,101.6,113.8,11.262523893179642,107.6,111.8,102.3,118.20783,113.25907
2025-04-11,117,91,113.6,105.7,108.7,112.8,99.8,99.0,1,1,125.2,7.2594765651525535,113.6,108.7,99.8,105.2,8.438009243891472,105.7,112.8,99.0,126.2,7.5689423890585195,113.6,108.7,99.8,104.9,7.489993324429473,105.7,112.8,99.0,118.8104,105.61641
2025-04-11,117,109,117.2,114.4,113.4,109.9,102.1,106.2,0,1,124.2,12.235195135346238,117.2,113.4,102.1,117.4,14.65605676844902,114.4,109.9,106.2,123.8,15.418603481941393,117.2,113.4,102.1,114.5,12.258783698955744,114.4,109.9,106.2,123.04714,121.24377
2025-04-11,111,145,107.8,117.3,116.8,104.8,103.1,102.6,0,0,107.2,15.974980438172695,107.8,116.8,103.1,116.2,9.01110426085504,117.3,104.8,102.6,109.4,12.747112962898058,107.8,116.8,103.1,121.3,12.175111224680034,117.3,104.8,102.6,107.84413,121.89166
2025-04-11,117,98,113.7,111.7,116.7,114.4,99.2,101.7,0,0,105.2,6.760177512462275,113.7,116.7,99.2,113.8,3.114482300479475,111.7,114.4,101.7,114.6,11.207140580897596,113.7,116.7,99.2,115.1,9.503800409426875,111.7,114.4,101.7,115.06102,114.10393
2025-04-11,86,103,108.1,112.0,111.0,108.7,102.1,101.4,0,0,118.0,6.442049363362581,108.1,111.0,102.1,129.8,13.77316230936094,112.0,108.7,101.4,117.3,10.306955580254007,108.1,111.0,102.1,120.4,16.52069409357053,112.0,108.7,101.4,113.68028,115.60117
2025-04-11,100,101,113.8,112.4,113.3,107.8,100.7,99.8,0,0,110.4,12.381437719424985,113.8,113.3,100.7,119.2,13.754999091239513,112.4,107.8,99.8,115.4,12.18560170401489,113.8,113.3,100.7,117.5,10.710846008706323,112.4,107.8,99.8,113.57807,113.68055
2025-04-11,140,109,113.4,111.4,112.2,107.0,99.7,102.1,0,0,115.8,7.496665925596546,113.4,112.2,99.7,118.0,19.065675964937608,111.4,107.0,102.1,113.2,12.603350524540796,113.4,112.2,99.7,114.7,15.063200191194436,111.4,107.0,102.1,115.7208,113.94824
2025-04-13,117,105,111.9,106.5,112.9,106.6,105.1,98.7,0,0,124.2,16.39207125411551,111.9,112.9,105.1,116.4,8.173126696681004,106.5,106.6,98.7,121.8,14.07756292039849,111.9,112.9,105.1,111.2,11.429007928172075,106.5,106.6,98.7,111.31411,110.972786
2025-04-13,93,86,117.5,104.0,108.3,113.0,98.2,100.7,0,0,116.8,12.437845472588867,117.5,108.3,98.2,97.2,4.549725266431045,104.0,113.0,100.7,117.2,9.693067396627171,117.5,108.3,98.2,105.7,14.93727626517696,104.0,113.0,100.7,117.258896,103.76937
2025-04-13,105,113,105.7,115.0,112.8,110.9,99.0,99.7,0,0,105.4,10.922453936730506,105.7,112.8,99.0,109.2,9.203260291874884,115.0,110.9,99.7,106.0,11.709445380166866,105.7,112.8,99.0,108.7,12.365273955719788,115.0,110.9,99.7,107.845825,113.29551
2025-04-13,118,126,119.1,114.1,109.8,111.9,102.0,101.9,0,0,124.6,7.8930349042684576,119.1,109.8,102.0,129.8,19.588261791185044,114.1,111.9,101.9,120.9,10.90820282580454,119.1,109.8,102.0,122.0,16.110727964792833,114.1,111.9,101.9,120.38333,117.01414
2025-04-13,118,119,110.8,103.9,110.3,115.9,98.5,103.7,0,0,114.8,5.263078946776313,110.8,110.3,98.5,99.8,12.194260945215147,103.9,115.9,103.7,110.2,10.108302418199562,110.8,110.3,98.5,104.7,14.750141242261678,103.9,115.9,103.7,118.89131,108.3177
2025-04-13,102,122,109.0,111.9,115.2,113.4,99.9,104.9,0,0,107.2,7.014271166700106,109.0,115.2,99.9,127.2,13.007690033207275,111.9,113.4,104.9,110.4,10.145606602531624,109.0,115.2,99.9,123.5,10.648421896641802,111.9,113.4,104.9,120.13887,115.05993
2025-04-13,140,133,113.6,112.0,111.2,110.2,101.3,102.5,0,0,122.0,13.133925536563664,113.6,111.2,101.3,111.4,7.231873892705773,112.0,110.2,102.5,117.6,12.781931691953828,113.6,111.2,101.3,116.2,9.461031186457038,112.0,110.2,102.5,117.00122,116.8823
2025-04-13,111,126,111.4,117.2,107.0,113.4,102.1,102.1,0,0,128.8,14.359665734271085,111.4,107.0,102.1,112.2,7.886697661252112,117.2,113.4,102.1,124.8,16.484335999163868,111.4,107.0,102.1,115.5,13.167721476735892,117.2,113.4,102.1,117.57305,113.179
2025-04-13,132,97,114.4,112.1,109.9,113.3,106.2,101.6,0,0,121.0,10.099504938362085,114.4,109.9,106.2,105.8,11.166915420114858,112.1,113.3,101.6,120.4,9.547541859324388,114.4,109.9,106.2,112.5,14.245857097572088,112.1,113.3,101.6,119.808876,115.97742
2025-04-13,116,105,113.6,107.8,108.7,116.8,99.8,103.1,0,0,122.6,7.436396977031222,113.6,108.7,99.8,110.0,15.083103128998365,107.8,116.8,103.1,125.6,8.071899129421384,113.6,108.7,99.8,110.6,11.276327219248149,107.8,116.8,103.1,122.36733,109.43994
2025-04-13,100,115,107.6,117.3,116.9,104.8,101.7,102.6,0,0,100.4,7.700649323271334,107.6,116.9,101.7,121.0,15.937377450509222,117.3,104.8,102.6,102.0,12.445436468396023,107.6,116.9,101.7,122.3,13.736002976767791,117.3,104.8,102.6,107.88584,121.832344
2025-04-13,125,118,111.7,107.6,114.4,111.8,101.7,102.3,0,0,115.6,8.56154191720158,111.7,114.4,101.7,116.6,9.154233993076662,107.6,111.8,102.3,119.1,10.115444736748941,111.7,114.4,101.7,112.6,11.862171433220364,107.6,111.8,102.3,118.36279,113.282425
2025-04-13,119,124,112.0,112.4,108.7,107.8,101.4,99.8,0,0,109.2,9.25742944882646,112.0,108.7,101.4,115.4,15.931101656822099,112.4,107.8,99.8,112.3,12.074306973441145,112.0,108.7,101.4,117.4,10.875047892614754,112.4,107.8,99.8,112.403015,111.43628
2025-04-13,109,81,108.1,113.4,111.0,112.2,102.1,99.7,0,0,112.2,15.912259424732877,108.1,111.0,102.1,121.8,8.497058314499187,113.4,112.2,99.7,111.8,10.911767348448393,108.1,111.0,102.1,117.5,9.513148795220317,113.4,112.2,99.7,113.06619,113.45448
2025-04-13,109,98,113.8,113.7,113.3,116.7,100.7,99.2,0,0,108.8,13.255187663703587,113.8,113.3,100.7,105.8,10.848963084092423,113.7,116.7,99.2,112.7,12.320263344948867,113.8,113.3,100.7,116.5,17.846568297574713,113.7,116.7,99.2,117.207115,111.89679
2024-12-10,114,109,113.6,106.5,111.2,106.6,101.3,98.7,0,0,128.6,11.949895397031707,113.6,111.2,101.3,113.4,9.208691546577057,106.5,106.6,98.7,120.7,14.150382798119916,113.6,111.2,101.3,110.6,11.596934460834332,106.5,106.6,98.7,112.63134,106.82228
2024-12-11,100,108,115.0,111.9,110.9,112.9,99.7,105.1,0,0,109.2,5.890670590009311,115.0,110.9,99.7,126.4,12.973048986263803,111.9,112.9,105.1,112.7,8.472832400613617,115.0,110.9,99.7,123.8,11.593101396951578,111.9,112.9,105.1,121.993034,114.34781
2024-12-10,118,104,117.3,112.1,104.8,113.3,102.6,101.6,0,0,126.2,17.852170736355845,117.3,104.8,102.6,102.6,10.876580344942935,112.1,113.3,101.6,128.4,12.885823390239683,117.3,104.8,102.6,108.9,12.982466808909843,112.1,113.3,101.6,119.39973,111.21076
2024-12-11,91,90,111.4,112.0,107.0,108.7,102.1,101.4,0,0,122.2,13.160547101089657,111.4,107.0,102.1,128.2,16.664333169977148,112.0,108.7,101.4,121.3,15.144122438901563,111.4,107.0,102.1,118.8,17.421570282586856,112.0,108.7,101.4,115.35045,111.65748
2024-12-12,123,99,117.5,112.0,108.3,110.2,98.2,102.5,0,0,114.6,15.7892368403289,117.5,108.3,98.2,114.8,12.21474518768195,112.0,110.2,102.5,113.7,11.508933728002651,117.5,108.3,98.2,116.1,9.255028663140763,112.0,110.2,102.5,118.25301,111.43425
2024-12-12,114,104,110.8,107.6,110.3,111.8,98.5,102.3,0,0,116.0,5.147815070493506,110.8,110.3,98.5,117.0,9.165151389911696,107.6,111.8,102.3,111.6,10.123679612121785,110.8,110.3,98.5,111.8,11.103552984918263,107.6,111.8,102.3,116.68932,109.64993
2024-12-12,109,111,107.6,113.8,116.9,113.3,101.7,100.7,0,0,98.0,4.301162633521227,107.6,116.9,101.7,118.4,8.11171991626924,113.8,113.3,100.7,101.1,12.206100478403458,107.6,116.9,101.7,111.3,10.604506379627248,113.8,113.3,100.7,112.834724,117.32779
2024-12-13,115,105,119.1,103.9,109.8,115.9,102.0,103.7,0,0,123.4,8.443932733033831,119.1,109.8,102.0,103.0,15.016657417681188,103.9,115.9,103.7,119.8,10.549354903921376,119.1,109.8,102.0,106.3,15.398773399924556,103.9,115.9,103.7,127.428246,110.20343
2024-12-13,107,121,109.0,114.1,115.2,111.9,99.9,101.9,0,0,108.6,4.037325847637325,109.0,115.2,99.9,131.2,18.860010604450885,114.1,111.9,101.9,108.0,8.793937305515266,109.0,115.2,99.9,122.6,16.139668177781456,114.1,111.9,101.9,112.43806,117.747986
2024-12-13,97,87,113.6,113.4,108.7,112.2,99.8,99.7,0,0,122.8,7.190271204898958,113.6,108.7,99.8,114.6,20.440156555173438,113.4,112.2,99.7,124.6,8.617811013631306,113.6,108.7,99.8,114.8,14.845874847916605,113.4,112.2,99.7,116.016136,109.39396
2024-12-13,135,119,114.4,105.7,109.9,112.8,106.2,99.0,0,0,122.4,11.216059914247968,114.4,109.9,106.2,104.2,9.959919678390879,105.7,112.8,99.0,120.6,9.7888825829212,114.4,109.9,106.2,104.6,8.016649341630494,105.7,112.8,99.0,118.22973,110.91281
2024-12-13,109,95,111.9,104.0,113.4,113.0,104.9,100.7,0,0,122.4,8.17312669668103,111.9,113.4,104.9,95.0,6.7823299831253445,104.0,113.0,100.7,121.0,6.128258770283471,111.9,113.4,104.9,103.8,16.191904698885,104.0,113.0,100.7,117.54445,109.659065
2024-12-13,120,98,117.2,112.4,113.4,107.8,102.1,99.8,0,0,122.2,12.477980605851265,117.2,113.4,102.1,115.0,15.620499351813304,112.4,107.8,99.8,120.6,12.685950233756039,117.2,113.4,102.1,118.1,11.069979423849096,112.4,107.8,99.8,115.04683,114.65451
2024-12-13,126,134,107.8,113.7,116.8,116.7,103.1,99.2,0,0,109.6,15.32318504750237,107.8,116.8,103.1,106.2,10.425929215182702,113.7,116.7,99.2,108.4,12.112436217008774,107.8,116.8,103.1,111.5,14.781745499094518,113.7,116.7,99.2,111.25861,115.910286
2024-12-13,116,118,108.1,111.7,111.0,114.4,102.1,101.7,0,0,108.4,13.240090634130881,108.1,111.0,102.1,110.2,7.3959448348402335,111.7,114.4,101.7,111.5,10.946841249115254,108.1,111.0,102.1,111.9,9.314862675674156,111.7,114.4,101.7,112.95354,115.41887
2024-12-15,119,104,114.1,107.6,111.9,116.9,101.9,101.7,0,0,118.4,13.277801022759746,114.1,111.9,101.9,112.2,11.62755348299891,107.6,116.9,101.7,115.4,10.319345371140928,114.1,111.9,101.9,112.0,10.509255180289655,107.6,116.9,101.7,119.31925,111.522896
2024-12-15,98,112,103.9,117.5,115.9,108.3,103.7,98.2,0,0,104.4,9.449867723941908,103.9,115.9,103.7,113.0,21.48255105894082,117.5,108.3,98.2,108.6,10.013324456276605,103.9,115.9,103.7,114.6,15.791699648162568,117.5,108.3,98.2,106.2715,124.312225
2024-12-15,92,106,111.7,113.6,114.4,108.7,101.7,99.8,0,0,116.6,9.449867723941944,111.7,114.4,101.7,120.6,18.635986692418516,113.6,108.7,99.8,118.7,9.753062197188216,111.7,114.4,101.7,116.8,14.296852800529267,113.6,108.7,99.8,113.92345,116.628006
2024-12-15,116,109,113.7,108.1,116.7,111.0,99.2,102.1,0,0,107.0,8.631338250816071,113.7,116.7,99.2,114.2,13.773162309360927,108.1,111.0,102.1,114.4,11.137524161340624,113.7,116.7,99.2,112.4,12.842637320010734,108.1,111.0,102.1,115.233765,112.0235
2024-12-15,116,110,113.4,114.4,112.2,109.9,99.7,106.2,0,0,119.8,13.349157276772205,113.4,112.2,99.7,111.2,7.529940238806703,114.4,109.9,106.2,116.4,14.975535605335265,113.4,112.2,99.7,113.2,12.062798643395986,114.4,109.9,106.2,119.51783,113.98553
2024-12-16,125,124,112.0,110.8,110.2,110.3,102.5,98.5,0,0,117.4,10.714476188783097,112.0,110.2,102.5,125.2,16.23884232326923,110.8,110.3,98.5,120.0,10.30641655582679,112.0,110.2,102.5,111.8,19.314933773292207,110.8,110.3,98.5,114.18721,108.668434
2024-12-16,108,121,104.0,109.0,113.0,115.2,100.7,99.9,0,0,106.6,6.9137544069774055,104.0,113.0,100.7,107.2,13.160547101089696,109.0,115.2,99.9,108.2,6.494442068244085,104.0,113.0,100.7,112.8,14.935416521365067,109.0,115.2,99.9,109.650345,110.08677
2024-12-16,121,122,107.6,111.9,111.8,113.4,102.3,104.9,0,0,106.2,13.25518766370358,107.6,111.8,102.3,122.4,7.668115805072318,111.9,113.4,104.9,110.4,11.117553687749844,107.6,111.8,102.3,123.2,10.643725329454943,111.9,113.4,104.9,116.792984,116.270805
2024-12-16,101,130,105.7,119.1,112.8,109.8,99.0,102.0,0,0,106.4,10.5261578935526,105.7,112.8,99.0,115.6,6.228964600958941,119.1,109.8,102.0,105.4,11.577756451249288,105.7,112.8,99.0,118.1,7.07813534767415,119.1,109.8,102.0,109.58629,115.77348
2024-12-16,129,130,113.8,117.2,113.3,113.4,100.7,102.1,0,0,111.6,10.87658034494297,113.8,113.3,100.7,115.8,9.44457516249405,117.2,113.4,102.1,113.2,12.025897979869278,113.8,113.3,100.7,114.7,12.120231020900665,117.2,113.4,102.1,116.59322,117.80965
2024-12-16,144,107,112.4,107.8,107.8,116.8,99.8,103.1,0,0,123.8,10.305338422390616,112.4,107.8,99.8,112.4,12.421755109484339,107.8,116.8,103.1,120.1,11.77049040798404,112.4,107.8,99.8,110.2,11.40954765877153,107.8,116.8,103.1,119.89314,109.03157
2024-12-15,91,100,106.5,115.0,106.6,110.9,98.7,99.7,0,0,103.0,15.85875152715372,106.5,106.6,98.7,112.2,6.7601775124623,115.0,110.9,99.7,107.9,12.982466808909814,106.5,106.6,98.7,110.5,11.42365965879595,115.0,110.9,99.7,107.43232,109.01023
2024-12-15,133,143,112.0,112.1,108.7,113.3,101.4,101.6,0,0,109.6,9.71081870904814,112.0,108.7,101.4,103.2,10.848963084092368,112.1,113.3,101.6,112.7,12.238827104297593,112.0,108.7,101.4,107.7,12.806682283523417,112.1,113.3,101.6,115.43936,111.51219
2025-10-21,125,124,109.7,116.9,102.8,109.7,99.5,99.2,0,0,123.4,17.812916661793487,117.3,104.8,102.6,115.6,19.346834366376314,111.4,107.0,102.1,127.5,13.302046626156733,117.3,104.8,102.6,112.8,14.38208762469637,111.4,107.0,102.1,111.56977,109.303925
2025-10-21,109,119,113.7,117.1,113.5,111.7,103.8,101.1,0,0,120.0,13.266499161421612,113.4,112.2,99.7,116.6,19.398453546610366,112.0,108.7,101.4,114.4,13.309979547525744,113.4,112.2,99.7,116.4,19.664971678370474,112.0,108.7,101.4,118.07772,116.93137
2025-10-22,119,111,108.3,111.2,108.3,105.3,102.1,107.0,0,0,107.2,7.120393247567211,115.0,110.9,99.7,117.2,8.786353054595493,119.1,109.8,102.0,112.5,8.77179824462712,115.0,110.9,99.7,117.8,6.408327915038451,119.1,109.8,102.0,117.622856,112.34464
2025-10-22,92,125,102.1,119.1,111.5,102.8,105.8,99.0,0,0,114.6,11.502173707608492,112.1,113.3,101.6,111.2,8.167006795638162,111.7,114.4,101.7,114.0,10.165300454651312,112.1,113.3,101.6,112.8,9.437513796899443,111.7,114.4,101.7,108.41661,117.36232
2025-10-23,135,141,105.3,109.7,115.8,102.8,103.0,99.5,0,0,118.4,13.277801022759746,114.1,111.9,101.9,123.4,13.221195104830723,117.3,104.8,102.6,116.8,9.681597664297595,114.1,111.9,101.9,119.2,11.02320784123699,117.3,104.8,102.6,109.441246,113.70178
2025-10-23,137,131,117.1,123.1,111.7,114.0,101.1,102.3,0,0,115.4,13.464768843169919,112.0,108.7,101.4,120.0,10.295630140986978,117.2,113.4,102.1,113.0,12.736648783028555,112.0,108.7,101.4,117.4,12.231107881136637,117.2,113.4,102.1,119.784386,119.33501
2025-10-27,95,116,104.0,111.2,107.5,105.3,105.8,107.0,1,1,115.8,8.074651695274541,112.0,110.2,102.5,115.0,8.66025403784436,117.52000000000001,108.9,103.0,120.2,10.39016629104433,112.0,110.2,102.5,117.0,6.733003292240997,118.30999999999999,109.35,102.5,115.72354,111.766884
2025-10-27,114,127,112.1,123.1,117.7,114.0,101.7,102.3,1,0,115.4,10.876580344942942,113.6,108.7,99.8,123.0,10.999999999999979,118.38,113.52000000000001,102.13999999999999,120.2,10.3687564881769,113.6,108.7,99.8,120.2,11.76435293588231,117.79,113.46000000000001,102.11999999999999,116.07171,117.80412
2025-10-24,105,95,108.3,110.9,108.3,107.2,102.1,100.6,0,0,110.0,8.631338250816068,113.66,110.38000000000002,100.17999999999999,109.0,18.748333259252657,117.5,108.3,98.2,112.8,8.954204474869716,114.33,110.64000000000001,99.94,115.5,15.306135298558463,117.5,108.3,98.2,110.34334,110.45994
2025-10-24,128,110,113.7,112.1,113.5,117.7,103.8,101.7,0,0,121.0,11.874342087037931,113.46,112.46,100.52000000000001,113.8,15.77022510936353,113.6,108.7,99.8,114.0,13.416407864998668,113.42999999999999,112.33,100.11,115.8,14.702985335562952,113.6,108.7,99.8,117.69977,116.11396
2025-10-22,136,117,119.1,111.9,115.8,127.8,107.7,102.1,0,0,107.4,6.767569726275416,104.0,113.0,100.7,108.2,11.278297743897264,105.7,112.8,99.0,108.0,6.463573143221825,104.0,113.0,100.7,105.2,8.891943919451181,105.7,112.8,99.0,116.76759,116.03436
2025-10-22,125,121,107.9,119.9,113.6,105.5,105.2,109.7,0,0,102.8,16.037456157383577,106.5,106.6,98.7,126.4,15.78923684032892,110.8,110.3,98.5,106.8,13.966626889362628,106.5,106.6,98.7,112.9,19.70025380547157,110.8,110.3,98.5,117.4768,121.19057
2025-10-22,118,138,107.7,111.6,116.8,114.8,104.9,108.9,0,0,122.8,16.709278859364336,111.9,112.9,105.1,112.4,8.64869932417588,107.6,111.8,102.3,121.1,14.129952425806545,111.9,112.9,105.1,112.0,10.923979738782549,107.6,111.8,102.3,125.59428,116.27527
2025-10-22,116,117,110.9,122.0,107.2,116.8,100.6,103.2,0,0,118.6,14.604793733565682,117.5,108.3,98.2,107.6,13.630847369111008,109.0,115.2,99.9,113.7,11.508933728002651,117.5,108.3,98.2,114.4,14.863826335548035,109.0,115.2,99.9,117.8547,109.6038
2025-10-22,115,111,109.9,104.0,103.4,107.5,107.0,105.8,0,0,120.4,10.188228501560031,111.9,113.4,104.9,111.2,13.935566009315854,112.0,110.2,102.5,119.4,6.995236474439869,111.9,113.4,104.9,114.5,10.731573354670218,112.0,110.2,102.5,123.44633,109.185
2025-10-22,128,122,111.3,103.2,114.4,116.5,109.7,102.4,0,0,124.0,12.529964086141673,114.4,109.9,106.2,107.0,6.244997998398403,107.6,116.9,101.7,123.8,8.547904226572868,114.4,109.9,106.2,110.9,10.733643887846846,107.6,116.9,101.7,120.04914,114.44452
2025-10-22,133,120,118.3,108.7,112.5,116.3,103.3,108.5,0,0,126.6,13.630847369110965,113.6,111.2,101.3,100.2,12.357184145265434,103.9,115.9,103.7,122.1,12.467290536974243,113.6,111.2,101.3,103.9,13.177843357528497,103.9,115.9,103.7,129.88725,116.347694
2025-10-22,129,108,118.5,110.4,110.8,112.0,100.9,97.3,0,0,116.6,12.421755109484339,107.8,116.8,103.1,108.2,13.645512082732544,112.4,107.8,99.8,110.4,13.268174118711261,107.8,116.8,103.1,115.9,12.714383805578374,112.4,107.8,99.8,110.210495,114.269005
2025-10-22,120,116,109.6,105.3,121.1,109.1,103.9,105.0,0,0,109.8,8.871302046486786,113.7,116.7,99.2,118.8,7.563068160475552,113.8,113.3,100.7,113.8,10.840254199561596,113.7,116.7,99.2,111.4,10.595596569644682,113.8,113.3,100.7,123.72507,118.17024
2025-10-22,114,118,109.1,112.1,103.9,117.7,110.5,101.7,0,0,108.4,13.240090634130881,108.1,111.0,102.1,114.8,15.221695043588278,113.3,110.5,100.18,111.8,11.033282980751066,108.1,111.0,102.1,114.3,14.422590305181394,113.45,109.6,99.99,113.486244,108.81457
2025-10-24,107,111,107.9,107.7,113.6,116.8,105.2,104.9,0,0,103.6,17.227884373886436,106.78,108.0,100.0,119.0,9.899494936611681,111.9,112.9,105.1,108.0,15.033296378372924,106.64000000000001,107.3,99.35,121.4,12.176480060619626,111.9,112.9,105.1,115.33053,118.26162
2025-10-24,124,131,111.9,111.2,127.8,105.3,102.1,107.0,0,0,108.6,6.693280212272579,105.7,112.8,99.0,115.4,8.648699324175835,115.93999999999998,108.0,104.0,104.2,11.321562514855351,105.7,112.8,99.0,116.7,6.700746227100002,117.52000000000001,108.9,103.0,109.26276,120.22511
2025-10-24,116,122,111.6,118.3,114.8,112.5,108.9,103.3,0,0,112.6,10.261578825892222,107.6,111.8,102.3,119.0,8.09320702811939,113.6,111.2,101.3,112.4,11.037310461440441,107.6,111.8,102.3,116.1,10.375719519896128,113.6,111.2,101.3,120.8616,119.51787
2025-10-24,111,115,116.9,104.0,109.7,107.5,99.2,105.8,0,0,118.2,19.110206696945998,111.4,107.0,102.1,112.6,13.3716117203574,110.4,109.66000000000001,103.16,120.7,16.289396687552365,111.4,107.0,102.1,114.6,10.689558768567943,111.2,109.92999999999999,102.83,117.946014,110.2103
2025-10-24,114,146,111.3,119.9,114.4,105.5,109.7,109.7,0,0,129.0,4.415880433163936,113.78,110.8,106.9,126.6,15.693947878083447,112.62,109.34,100.74,124.6,8.527081042836798,114.09,110.35,106.55,116.4,17.360235533476324,111.71,109.82000000000001,99.62,121.99826,124.35412
2025-10-24,116,120,103.2,119.1,116.5,102.8,102.4,99.0,0,0,100.8,6.058052492344323,107.6,116.9,101.7,114.4,10.014988766843421,113.17999999999999,112.08000000000001,101.16,102.3,12.347289401141797,107.6,116.9,101.7,112.9,9.573690801125561,112.44000000000001,113.23999999999998,101.42999999999999,109.89894,118.24116
2025-10-24,107,117,102.1,108.7,111.5,116.3,105.8,108.5,0,0,108.4,13.93915348936226,110.1,112.94000000000001,102.43999999999998,106.2,13.405222862750152,104.86000000000001,115.98000000000002,104.66,111.5,12.213380640374163,111.1,113.12,102.02,103.3,12.156845351031302,104.38000000000002,115.94000000000001,104.17999999999999,117.84769,116.23073
2025-10-24,139,119,109.1,117.1,103.9,111.7,110.5,101.1,0,1,109.0,13.45362404707372,108.3,109.58,103.78,113.6,17.052858997833773,113.02000000000001,109.3,101.34,112.7,10.781156400559766,108.2,110.29,102.93999999999998,116.2,19.623115620784287,112.50999999999999,109.0,101.37,115.766106,113.06407
2025-10-24,105,104,105.3,118.5,109.1,110.8,105.0,100.9,0,0,116.4,12.421755109484318,113.8,113.3,100.7,112.6,12.300406497347973,107.8,116.8,103.1,112.9,11.532080856848456,113.8,113.3,100.7,108.7,10.64633478923359,107.8,116.8,103.1,113.716965,111.40406
2025-10-24,129,102,110.4,109.6,112.0,121.1,97.3,103.9,0,0,129.8,11.798304963002112,112.4,107.8,99.8,111.2,16.392071254115514,113.7,116.7,99.2,123.4,13.442883288607069,112.4,107.8,99.8,110.8,13.323329580518244,113.7,116.7,99.2,123.57512,109.99144
2025-10-25,98,110,107.9,109.9,113.6,103.4,105.2,107.0,1,0,107.6,14.518953130305245,107.06000000000002,109.4,101.3,121.0,6.745368781616013,111.9,113.4,104.9,106.4,14.080719678577056,106.78,108.0,100.0,124.0,10.16530045465085,111.9,113.4,104.9,117.84775,119.103485
2025-10-25,100,117,107.7,109.7,116.8,102.8,104.9,99.5,1,0,120.0,15.937377450509215,111.06000000000002,113.68000000000002,105.05999999999999,127.4,15.19210321186635,115.78,104.4,101.97999999999999,120.9,14.161371559437496,111.48000000000002,113.29,105.08,121.3,13.013241119891727,116.54,104.6,102.28999999999999,109.28646,126.78719
2025-10-25,125,121,122.0,119.1,116.8,115.8,103.2,107.7,0,0,108.2,4.086563348340564,109.0,115.2,99.9,95.2,6.760177512462305,104.0,113.0,100.7,108.5,8.553751613570881,109.0,115.2,99.9,102.3,16.248418726482498,104.0,113.0,100.7,125.43559,110.937355
2025-10-25,128,103,111.3,105.3,114.4,115.8,109.7,103.0,1,0,126.8,8.105553651663785,113.16000000000001,111.7,107.6,129.0,19.3778223750761,114.1,111.9,101.9,123.8,9.150591966278958,113.78000000000002,110.8,106.9,122.9,16.072405614040008,114.1,111.9,101.9,121.95523,127.56541
2025-10-25,133,111,123.1,109.6,114.0,121.1,102.3,103.9,0,1,120.4,11.886967653695383,117.2,113.4,102.1,107.0,15.264337522473754,112.88,117.58,100.14000000000001,123.1,9.011720763045922,117.2,113.4,102.1,108.5,12.56317369669526,113.29,117.13999999999999,99.66999999999999,128.93785,120.809715
2025-10-26,118,107,119.1,111.9,102.8,127.8,99.0,102.1,0,0,109.4,11.970797801316323,111.7,114.4,101.7,111.0,11.401754250991305,106.94000000000001,115.8,99.62,115.3,12.472636716695714,111.7,114.4,101.7,106.7,9.534149149242356,106.32000000000001,114.3,99.31,118.279366,104.87019
2025-10-26,119,113,104.0,110.9,107.5,107.2,105.8,100.6,0,0,114.2,11.36661779070626,110.4,109.66000000000001,103.16,103.8,18.18515878401944,116.17999999999999,108.08,98.68,117.2,12.882373832316535,111.2,109.92999999999999,102.83,113.5,16.628289148315904,116.83999999999999,108.18999999999998,98.44,112.463394,108.67949
2025-10-26,118,113,111.2,118.3,105.3,112.5,107.0,103.3,0,0,121.0,8.860022573334685,119.1,109.8,102.0,122.2,3.5637059362412478,114.54,111.46000000000001,101.7,118.0,9.533566430716775,119.1,109.8,102.0,115.6,9.901739465591,114.07000000000001,111.33,101.5,121.011795,114.96209
2025-10-26,115,107,119.9,108.3,105.5,108.3,109.7,102.1,0,0,114.4,3.9115214431215968,110.8,110.3,98.5,109.0,8.154753215150105,115.0,110.9,99.7,113.9,7.0781353476746665,110.8,110.3,98.5,107.2,8.625543461139257,115.0,110.9,99.7,118.60691,110.83266
2025-10-26,113,139,108.7,119.1,116.3,115.8,108.5,107.7,0,1,101.6,8.6775572599666,103.9,115.9,103.7,98.4,13.240090634130908,107.02000000000001,113.55999999999999,102.1,106.3,9.475699915514898,103.9,115.9,103.7,99.9,9.68905453477135,105.50999999999999,113.28,101.4,119.91847,118.05088
2025-10-26,114,110,112.1,105.3,117.7,115.8,101.7,103.0,0,1,113.4,9.762171889492581,113.3,110.5,100.18,117.2,9.90959131346999,112.33999999999999,112.67999999999999,102.12,119.8,10.538817137927111,113.45,109.6,99.99,121.4,17.23820047323843,113.22,112.29,102.01000000000002,117.102325,120.02177
2025-10-26,139,129,102.1,111.6,111.5,114.8,105.8,108.9,0,0,108.0,13.946325680981355,108.1,112.58,103.28,116.4,14.518953130305238,108.4,112.4,103.62,112.4,11.413442367080442,110.1,112.94000000000001,102.43999999999998,116.9,10.439774369634902,108.0,112.1,102.96,115.16914,115.322174
2025-10-26,114,107,110.4,109.1,112.0,103.9,97.3,110.5,0,0,132.8,8.105553651663792,112.0,108.64000000000001,99.3,117.4,8.443932733033844,108.1,111.0,102.1,125.3,12.658330590300348,112.2,108.22,99.55,111.4,12.659647177811305,108.1,111.0,102.1,116.31314,112.33677
2025-10-26,120,127,105.3,113.7,109.1,113.5,105.0,103.8,0,0,111.8,11.256109452204157,112.1,112.46,101.56,105.2,20.09228707738369,113.4,112.2,99.7,111.1,11.179842972461227,112.95,112.88,101.13,112.9,17.13638105188955,113.4,112.2,99.7,115.57195,115.87173
2025-10-27,136,124,122.0,107.9,116.8,113.6,103.2,105.2,0,0,110.6,8.619744775804007,111.6,115.52000000000001,100.56000000000002,113.0,9.380831519646845,106.5,106.6,98.7,108.4,8.329332372872244,110.3,115.36000000000001,100.23,113.1,7.0150631580270755,106.5,106.6,98.7,124.69421,115.063675
2025-10-27,128,123,109.9,107.7,103.4,116.8,107.0,104.9,0,0,116.0,4.242640687119309,111.5,111.4,105.32000000000001,117.6,10.549881515922362,111.06000000000002,113.68000000000002,105.05999999999999,119.2,7.0992957397195795,111.7,112.4,105.11000000000001,121.1,12.413702106946207,111.48000000000002,113.29,105.08,130.34644,113.44422
2025-10-27,137,109,116.9,111.9,109.7,127.8,99.2,102.1,0,1,116.2,19.266551326067663,112.5,107.54,101.52000000000001,109.4,11.260550608207318,108.18000000000002,118.8,100.24000000000001,120.7,16.289396687552365,111.95,107.27000000000001,101.80999999999999,107.0,9.486832980505078,106.94000000000001,115.8,99.62,120.1317,109.47917
2025-10-27,90,122,103.2,110.9,116.5,107.2,102.4,100.6,0,1,104.4,8.73498712076894,106.72,116.82000000000001,101.84,103.0,17.535677916750164,114.86000000000001,107.85999999999999,99.16,103.5,13.09155792443675,107.16,116.85999999999999,101.77000000000001,112.7,16.41848551683947,116.17999999999999,108.08,98.68,107.52865,119.03556
2025-10-27,121,103,119.1,111.6,102.8,114.8,99.0,108.9,1,1,110.8,12.59761882261881,113.17999999999999,112.08,101.16,118.2,15.59487095169435,109.2,113.0,104.94000000000001,113.7,10.70877106757713,112.44000000000001,113.23999999999998,101.43,118.4,11.037310461440264,108.4,112.4,103.62,123.8053,106.46703
2025-10-27,94,101,102.1,109.7,111.5,102.8,105.8,99.5,1,0,111.8,19.51153504981092,106.1,112.22,104.11999999999998,128.6,13.740451229854127,114.25999999999999,104.0,101.35999999999999,115.2,14.140564188021528,109.1,112.75999999999999,102.85999999999999,121.2,13.04522049555983,115.78,104.4,101.97999999999999,103.10035,117.80046
2025-10-27,138,134,118.5,109.6,110.8,121.1,100.9,103.9,0,0,121.8,10.616025621672186,109.94000000000001,115.6,102.66,108.6,15.159155649309765,112.05999999999999,118.46,101.08,111.5,14.377837884126295,108.86999999999998,116.2,102.88,107.8,12.163698268025158,112.88,117.58000000000001,100.14000000000001,122.843544,116.98002
2025-10-27,131,115,117.1,111.3,111.7,114.4,101.1,109.7,0,0,119.2,16.679328523654643,113.02000000000001,109.3,101.34,112.4,6.503845016603666,114.4,109.9,106.2,113.7,13.91282382072982,112.50999999999999,109.0,101.37,113.5,11.928024890055468,114.4,109.9,106.2,122.48389,117.41063
2025-10-27,108,122,113.7,109.1,113.5,103.9,103.8,110.5,1,1,123.4,11.823705003085974,113.52000000000001,112.72,101.34,113.4,7.436396977031312,108.3,109.58,103.78,116.1,13.835943528842948,113.46000000000001,112.46,100.52,110.3,12.499333315554567,108.2,110.29,102.93999999999998,116.98517,116.26477
2025-10-28,134,139,108.7,122.0,116.3,116.8,108.5,103.2,0,1,105.4,8.6775572599666,104.85999999999999,115.97999999999999,104.66000000000001,111.2,13.1605471010897,111.6,115.52000000000001,100.56,105.1,7.370361064576297,104.38000000000002,115.94000000000001,104.17999999999999,113.1,13.884043599278439,110.3,115.36000000000001,100.23,116.21205,121.60388
2025-10-28,144,117,119.9,119.1,105.5,115.8,109.7,107.7,0,0,115.8,1.6431676725155122,112.62,109.34,100.74000000000001,107.0,22.214859891523083,110.03999999999999,114.12,103.5,114.1,7.078135347674667,111.71000000000001,109.82000000000001,99.62,103.2,15.732485852881208,107.02000000000001,113.56000000000002,102.1,133.86711,111.076225
2025-10-28,121,111,118.3,108.3,112.5,108.3,103.3,102.1,0,0,126.6,13.630847369110965,114.53999999999999,111.46,101.7,109.4,7.956129712366495,113.66,110.38000000000002,100.17999999999999,122.8,12.899612397277442,114.07000000000001,111.33000000000001,101.5,106.5,8.289886743630728,114.33,110.64000000000001,99.94,118.709656,117.063385
2025-10-28,107,101,109.7,105.3,102.8,109.1,99.5,105.0,1,0,119.4,13.464768843169946,115.78,104.4,101.97999999999999,119.8,6.534523701081745,112.1,112.46,101.56,127.3,13.325414315009864,116.54,104.6,102.28999999999999,112.0,10.677078252031288,112.95,112.88,101.13000000000001,120.43752,105.58189
2025-10-28,98,79,117.1,110.4,111.7,112.0,101.1,97.3,1,0,126.2,10.825894882179457,114.03999999999999,109.9,101.28,105.4,11.34900876728888,112.0,108.64000000000001,99.3,117.1,13.5273385737509,113.02000000000001,109.3,101.34,114.8,12.89099599634473,112.2,108.22,99.55,113.29574,108.78348
